ISO-10303-21;
HEADER;
/* Generated by software containing ST-Developer
 * from STEP Tools, Inc. (www.steptools.com) 
 */

FILE_DESCRIPTION(
/* description */ (''),
/* implementation_level */ '2;1');

FILE_NAME(
/* name */ 'OLED I2C 1.3 Inch.step',
/* time_stamp */ '2026-07-16T15:34:03+05:30',
/* author */ (''),
/* organization */ (''),
/* preprocessor_version */ 'ST-DEVELOPER v20.1',
/* originating_system */ 'Autodesk Translation Framework v15.8.0.0',
/* authorisation */ '');

FILE_SCHEMA (('AUTOMOTIVE_DESIGN { 1 0 10303 214 3 1 1 }'));
ENDSEC;

DATA;
#10=MECHANICAL_DESIGN_GEOMETRIC_PRESENTATION_REPRESENTATION('',(#3217,#3218,
#3219,#3220,#3221,#3222,#3223,#3224,#3225,#3226,#3227,#3228,#3229,#3230,
#3231,#3232,#3233,#3234,#3235,#3236,#3237,#3238,#3239,#3240,#3241,#3242,
#3243,#3244,#3245,#3246,#3247,#3248,#3249,#3250,#3251,#3252,#3253,#3254,
#3255,#3256,#3257,#3258,#3259,#3260,#3261,#3262,#3263,#3264,#3265,#3266,
#3267,#3268,#3269,#3270,#3271,#3272,#3273),#5794);
#11=ITEM_DEFINED_TRANSFORMATION($,$,#3496,#3698);
#12=ITEM_DEFINED_TRANSFORMATION($,$,#3613,#3699);
#13=(
REPRESENTATION_RELATIONSHIP($,$,#5808,#5807)
REPRESENTATION_RELATIONSHIP_WITH_TRANSFORMATION(#11)
SHAPE_REPRESENTATION_RELATIONSHIP()
);
#14=(
REPRESENTATION_RELATIONSHIP($,$,#5809,#5807)
REPRESENTATION_RELATIONSHIP_WITH_TRANSFORMATION(#12)
SHAPE_REPRESENTATION_RELATIONSHIP()
);
#15=CONTEXT_DEPENDENT_SHAPE_REPRESENTATION(#13,#5805);
#16=CONTEXT_DEPENDENT_SHAPE_REPRESENTATION(#14,#5806);
#17=NEXT_ASSEMBLY_USAGE_OCCURRENCE('PIN HEADER MALE 2.54MM P4:1',
'PIN HEADER MALE 2.54MM P4:1','PIN HEADER MALE 2.54MM P4:1',#5811,#5812,
'PIN HEADER MALE 2.54MM P4:1');
#18=NEXT_ASSEMBLY_USAGE_OCCURRENCE('4 l\X\FC Lehim v2:1',
'4 l\X\FC Lehim v2:1','4 l\X\FC Lehim v2:1',#5811,#5813,
'4 l\X\FC Lehim v2:1');
#19=CYLINDRICAL_SURFACE('',#3676,1.5);
#20=CYLINDRICAL_SURFACE('',#3685,1.5);
#21=CYLINDRICAL_SURFACE('',#3689,1.5);
#22=CYLINDRICAL_SURFACE('',#3691,1.5);
#23=B_SPLINE_SURFACE_WITH_KNOTS('',3,3,((#5130,#5131,#5132,#5133),(#5134,
#5135,#5136,#5137),(#5138,#5139,#5140,#5141),(#5142,#5143,#5144,#5145),
(#5146,#5147,#5148,#5149)),.UNSPECIFIED.,.F.,.F.,.F.,(4,1,4),(4,4),(0.,
0.571428571428571,1.),(0.,1.),.UNSPECIFIED.);
#24=B_SPLINE_SURFACE_WITH_KNOTS('',3,3,((#5152,#5153,#5154,#5155),(#5156,
#5157,#5158,#5159),(#5160,#5161,#5162,#5163),(#5164,#5165,#5166,#5167),
(#5168,#5169,#5170,#5171)),.UNSPECIFIED.,.F.,.F.,.F.,(4,1,4),(4,4),(0.,
0.571428571428571,1.),(0.,1.),.UNSPECIFIED.);
#25=B_SPLINE_SURFACE_WITH_KNOTS('',3,3,((#5173,#5174,#5175,#5176),(#5177,
#5178,#5179,#5180),(#5181,#5182,#5183,#5184),(#5185,#5186,#5187,#5188),
(#5189,#5190,#5191,#5192)),.UNSPECIFIED.,.F.,.F.,.F.,(4,1,4),(4,4),(0.,
0.571428571428571,1.),(0.,1.),.UNSPECIFIED.);
#26=B_SPLINE_SURFACE_WITH_KNOTS('',3,3,((#5194,#5195,#5196,#5197),(#5198,
#5199,#5200,#5201),(#5202,#5203,#5204,#5205),(#5206,#5207,#5208,#5209),
(#5210,#5211,#5212,#5213)),.UNSPECIFIED.,.F.,.F.,.F.,(4,1,4),(4,4),(0.,
0.571428571428571,1.),(0.,1.),.UNSPECIFIED.);
#27=B_SPLINE_SURFACE_WITH_KNOTS('',3,3,((#5247,#5248,#5249,#5250),(#5251,
#5252,#5253,#5254),(#5255,#5256,#5257,#5258),(#5259,#5260,#5261,#5262),
(#5263,#5264,#5265,#5266)),.UNSPECIFIED.,.F.,.F.,.F.,(4,1,4),(4,4),(0.,
0.571428571428571,1.),(0.,1.),.UNSPECIFIED.);
#28=B_SPLINE_SURFACE_WITH_KNOTS('',3,3,((#5269,#5270,#5271,#5272),(#5273,
#5274,#5275,#5276),(#5277,#5278,#5279,#5280),(#5281,#5282,#5283,#5284),
(#5285,#5286,#5287,#5288)),.UNSPECIFIED.,.F.,.F.,.F.,(4,1,4),(4,4),(0.,
0.571428571428571,1.),(0.,1.),.UNSPECIFIED.);
#29=B_SPLINE_SURFACE_WITH_KNOTS('',3,3,((#5290,#5291,#5292,#5293),(#5294,
#5295,#5296,#5297),(#5298,#5299,#5300,#5301),(#5302,#5303,#5304,#5305),
(#5306,#5307,#5308,#5309)),.UNSPECIFIED.,.F.,.F.,.F.,(4,1,4),(4,4),(0.,
0.571428571428571,1.),(0.,1.),.UNSPECIFIED.);
#30=B_SPLINE_SURFACE_WITH_KNOTS('',3,3,((#5311,#5312,#5313,#5314),(#5315,
#5316,#5317,#5318),(#5319,#5320,#5321,#5322),(#5323,#5324,#5325,#5326),
(#5327,#5328,#5329,#5330)),.UNSPECIFIED.,.F.,.F.,.F.,(4,1,4),(4,4),(0.,
0.571428571428571,1.),(0.,1.),.UNSPECIFIED.);
#31=B_SPLINE_SURFACE_WITH_KNOTS('',3,3,((#5364,#5365,#5366,#5367),(#5368,
#5369,#5370,#5371),(#5372,#5373,#5374,#5375),(#5376,#5377,#5378,#5379),
(#5380,#5381,#5382,#5383)),.UNSPECIFIED.,.F.,.F.,.F.,(4,1,4),(4,4),(0.,
0.571428571428571,1.),(0.,1.),.UNSPECIFIED.);
#32=B_SPLINE_SURFACE_WITH_KNOTS('',3,3,((#5386,#5387,#5388,#5389),(#5390,
#5391,#5392,#5393),(#5394,#5395,#5396,#5397),(#5398,#5399,#5400,#5401),
(#5402,#5403,#5404,#5405)),.UNSPECIFIED.,.F.,.F.,.F.,(4,1,4),(4,4),(0.,
0.571428571428571,1.),(0.,1.),.UNSPECIFIED.);
#33=B_SPLINE_SURFACE_WITH_KNOTS('',3,3,((#5407,#5408,#5409,#5410),(#5411,
#5412,#5413,#5414),(#5415,#5416,#5417,#5418),(#5419,#5420,#5421,#5422),
(#5423,#5424,#5425,#5426)),.UNSPECIFIED.,.F.,.F.,.F.,(4,1,4),(4,4),(0.,
0.571428571428571,1.),(0.,1.),.UNSPECIFIED.);
#34=B_SPLINE_SURFACE_WITH_KNOTS('',3,3,((#5428,#5429,#5430,#5431),(#5432,
#5433,#5434,#5435),(#5436,#5437,#5438,#5439),(#5440,#5441,#5442,#5443),
(#5444,#5445,#5446,#5447)),.UNSPECIFIED.,.F.,.F.,.F.,(4,1,4),(4,4),(0.,
0.571428571428571,1.),(0.,1.),.UNSPECIFIED.);
#35=B_SPLINE_SURFACE_WITH_KNOTS('',3,3,((#5481,#5482,#5483,#5484),(#5485,
#5486,#5487,#5488),(#5489,#5490,#5491,#5492),(#5493,#5494,#5495,#5496),
(#5497,#5498,#5499,#5500)),.UNSPECIFIED.,.F.,.F.,.F.,(4,1,4),(4,4),(0.,
0.571428571428571,1.),(0.,1.),.UNSPECIFIED.);
#36=B_SPLINE_SURFACE_WITH_KNOTS('',3,3,((#5503,#5504,#5505,#5506),(#5507,
#5508,#5509,#5510),(#5511,#5512,#5513,#5514),(#5515,#5516,#5517,#5518),
(#5519,#5520,#5521,#5522)),.UNSPECIFIED.,.F.,.F.,.F.,(4,1,4),(4,4),(0.,
0.571428571428571,1.),(0.,1.),.UNSPECIFIED.);
#37=B_SPLINE_SURFACE_WITH_KNOTS('',3,3,((#5524,#5525,#5526,#5527),(#5528,
#5529,#5530,#5531),(#5532,#5533,#5534,#5535),(#5536,#5537,#5538,#5539),
(#5540,#5541,#5542,#5543)),.UNSPECIFIED.,.F.,.F.,.F.,(4,1,4),(4,4),(0.,
0.571428571428571,1.),(0.,1.),.UNSPECIFIED.);
#38=B_SPLINE_SURFACE_WITH_KNOTS('',3,3,((#5545,#5546,#5547,#5548),(#5549,
#5550,#5551,#5552),(#5553,#5554,#5555,#5556),(#5557,#5558,#5559,#5560),
(#5561,#5562,#5563,#5564)),.UNSPECIFIED.,.F.,.F.,.F.,(4,1,4),(4,4),(0.,
0.571428571428571,1.),(0.,1.),.UNSPECIFIED.);
#39=CIRCLE('',#3619,0.75);
#40=CIRCLE('',#3620,0.75);
#41=CIRCLE('',#3621,0.75);
#42=CIRCLE('',#3622,0.75);
#43=CIRCLE('',#3628,0.75);
#44=CIRCLE('',#3629,0.75);
#45=CIRCLE('',#3630,0.75);
#46=CIRCLE('',#3631,0.75);
#47=CIRCLE('',#3637,0.75);
#48=CIRCLE('',#3638,0.75);
#49=CIRCLE('',#3639,0.75);
#50=CIRCLE('',#3640,0.75);
#51=CIRCLE('',#3646,0.75);
#52=CIRCLE('',#3647,0.75);
#53=CIRCLE('',#3648,0.75);
#54=CIRCLE('',#3649,0.75);
#55=CIRCLE('',#3677,1.5);
#56=CIRCLE('',#3678,1.5);
#57=CIRCLE('',#3682,1.5);
#58=CIRCLE('',#3683,1.5);
#59=CIRCLE('',#3684,1.5);
#60=CIRCLE('',#3686,1.5);
#61=CIRCLE('',#3690,1.5);
#62=CIRCLE('',#3692,1.5);
#63=SHAPE_REPRESENTATION_RELATIONSHIP('SRR','None',#5808,#66);
#64=SHAPE_REPRESENTATION_RELATIONSHIP('SRR','None',#5809,#67);
#65=SHAPE_REPRESENTATION_RELATIONSHIP('SRR','None',#5807,#68);
#66=ADVANCED_BREP_SHAPE_REPRESENTATION('',(#69),#5792);
#67=ADVANCED_BREP_SHAPE_REPRESENTATION('',(#70,#71,#72,#73),#5793);
#68=ADVANCED_BREP_SHAPE_REPRESENTATION('',(#74),#5791);
#69=MANIFOLD_SOLID_BREP('Body1',#3466);
#70=MANIFOLD_SOLID_BREP('Body2',#3467);
#71=MANIFOLD_SOLID_BREP('Body3',#3468);
#72=MANIFOLD_SOLID_BREP('Body4',#3469);
#73=MANIFOLD_SOLID_BREP('Body6',#3470);
#74=MANIFOLD_SOLID_BREP('Body12',#3471);
#75=FACE_BOUND('',#308,.T.);
#76=FACE_BOUND('',#311,.T.);
#77=FACE_BOUND('',#312,.T.);
#78=FACE_BOUND('',#313,.T.);
#79=FACE_BOUND('',#314,.T.);
#80=FACE_BOUND('',#318,.T.);
#81=FACE_BOUND('',#327,.T.);
#82=FACE_BOUND('',#359,.T.);
#83=FACE_BOUND('',#426,.T.);
#84=FACE_BOUND('',#436,.T.);
#85=FACE_BOUND('',#446,.T.);
#86=FACE_BOUND('',#456,.T.);
#87=FACE_BOUND('',#487,.T.);
#88=FACE_BOUND('',#492,.T.);
#89=FACE_BOUND('',#493,.T.);
#90=FACE_BOUND('',#494,.T.);
#91=FACE_BOUND('',#495,.T.);
#92=FACE_BOUND('',#496,.T.);
#93=FACE_BOUND('',#497,.T.);
#94=FACE_BOUND('',#498,.T.);
#95=FACE_BOUND('',#499,.T.);
#96=FACE_BOUND('',#510,.T.);
#97=FACE_BOUND('',#511,.T.);
#98=FACE_BOUND('',#512,.T.);
#99=FACE_BOUND('',#513,.T.);
#100=FACE_BOUND('',#514,.T.);
#101=FACE_BOUND('',#515,.T.);
#102=FACE_BOUND('',#516,.T.);
#103=FACE_BOUND('',#517,.T.);
#104=FACE_BOUND('',#518,.T.);
#105=FACE_OUTER_BOUND('',#297,.T.);
#106=FACE_OUTER_BOUND('',#298,.T.);
#107=FACE_OUTER_BOUND('',#299,.T.);
#108=FACE_OUTER_BOUND('',#300,.T.);
#109=FACE_OUTER_BOUND('',#301,.T.);
#110=FACE_OUTER_BOUND('',#302,.T.);
#111=FACE_OUTER_BOUND('',#303,.T.);
#112=FACE_OUTER_BOUND('',#304,.T.);
#113=FACE_OUTER_BOUND('',#305,.T.);
#114=FACE_OUTER_BOUND('',#306,.T.);
#115=FACE_OUTER_BOUND('',#307,.T.);
#116=FACE_OUTER_BOUND('',#309,.T.);
#117=FACE_OUTER_BOUND('',#310,.T.);
#118=FACE_OUTER_BOUND('',#315,.T.);
#119=FACE_OUTER_BOUND('',#316,.T.);
#120=FACE_OUTER_BOUND('',#317,.T.);
#121=FACE_OUTER_BOUND('',#319,.T.);
#122=FACE_OUTER_BOUND('',#320,.T.);
#123=FACE_OUTER_BOUND('',#321,.T.);
#124=FACE_OUTER_BOUND('',#322,.T.);
#125=FACE_OUTER_BOUND('',#323,.T.);
#126=FACE_OUTER_BOUND('',#324,.T.);
#127=FACE_OUTER_BOUND('',#325,.T.);
#128=FACE_OUTER_BOUND('',#326,.T.);
#129=FACE_OUTER_BOUND('',#328,.T.);
#130=FACE_OUTER_BOUND('',#329,.T.);
#131=FACE_OUTER_BOUND('',#330,.T.);
#132=FACE_OUTER_BOUND('',#331,.T.);
#133=FACE_OUTER_BOUND('',#332,.T.);
#134=FACE_OUTER_BOUND('',#333,.T.);
#135=FACE_OUTER_BOUND('',#334,.T.);
#136=FACE_OUTER_BOUND('',#335,.T.);
#137=FACE_OUTER_BOUND('',#336,.T.);
#138=FACE_OUTER_BOUND('',#337,.T.);
#139=FACE_OUTER_BOUND('',#338,.T.);
#140=FACE_OUTER_BOUND('',#339,.T.);
#141=FACE_OUTER_BOUND('',#340,.T.);
#142=FACE_OUTER_BOUND('',#341,.T.);
#143=FACE_OUTER_BOUND('',#342,.T.);
#144=FACE_OUTER_BOUND('',#343,.T.);
#145=FACE_OUTER_BOUND('',#344,.T.);
#146=FACE_OUTER_BOUND('',#345,.T.);
#147=FACE_OUTER_BOUND('',#346,.T.);
#148=FACE_OUTER_BOUND('',#347,.T.);
#149=FACE_OUTER_BOUND('',#348,.T.);
#150=FACE_OUTER_BOUND('',#349,.T.);
#151=FACE_OUTER_BOUND('',#350,.T.);
#152=FACE_OUTER_BOUND('',#351,.T.);
#153=FACE_OUTER_BOUND('',#352,.T.);
#154=FACE_OUTER_BOUND('',#353,.T.);
#155=FACE_OUTER_BOUND('',#354,.T.);
#156=FACE_OUTER_BOUND('',#355,.T.);
#157=FACE_OUTER_BOUND('',#356,.T.);
#158=FACE_OUTER_BOUND('',#357,.T.);
#159=FACE_OUTER_BOUND('',#358,.T.);
#160=FACE_OUTER_BOUND('',#360,.T.);
#161=FACE_OUTER_BOUND('',#361,.T.);
#162=FACE_OUTER_BOUND('',#362,.T.);
#163=FACE_OUTER_BOUND('',#363,.T.);
#164=FACE_OUTER_BOUND('',#364,.T.);
#165=FACE_OUTER_BOUND('',#365,.T.);
#166=FACE_OUTER_BOUND('',#366,.T.);
#167=FACE_OUTER_BOUND('',#367,.T.);
#168=FACE_OUTER_BOUND('',#368,.T.);
#169=FACE_OUTER_BOUND('',#369,.T.);
#170=FACE_OUTER_BOUND('',#370,.T.);
#171=FACE_OUTER_BOUND('',#371,.T.);
#172=FACE_OUTER_BOUND('',#372,.T.);
#173=FACE_OUTER_BOUND('',#373,.T.);
#174=FACE_OUTER_BOUND('',#374,.T.);
#175=FACE_OUTER_BOUND('',#375,.T.);
#176=FACE_OUTER_BOUND('',#376,.T.);
#177=FACE_OUTER_BOUND('',#377,.T.);
#178=FACE_OUTER_BOUND('',#378,.T.);
#179=FACE_OUTER_BOUND('',#379,.T.);
#180=FACE_OUTER_BOUND('',#380,.T.);
#181=FACE_OUTER_BOUND('',#381,.T.);
#182=FACE_OUTER_BOUND('',#382,.T.);
#183=FACE_OUTER_BOUND('',#383,.T.);
#184=FACE_OUTER_BOUND('',#384,.T.);
#185=FACE_OUTER_BOUND('',#385,.T.);
#186=FACE_OUTER_BOUND('',#386,.T.);
#187=FACE_OUTER_BOUND('',#387,.T.);
#188=FACE_OUTER_BOUND('',#388,.T.);
#189=FACE_OUTER_BOUND('',#389,.T.);
#190=FACE_OUTER_BOUND('',#390,.T.);
#191=FACE_OUTER_BOUND('',#391,.T.);
#192=FACE_OUTER_BOUND('',#392,.T.);
#193=FACE_OUTER_BOUND('',#393,.T.);
#194=FACE_OUTER_BOUND('',#394,.T.);
#195=FACE_OUTER_BOUND('',#395,.T.);
#196=FACE_OUTER_BOUND('',#396,.T.);
#197=FACE_OUTER_BOUND('',#397,.T.);
#198=FACE_OUTER_BOUND('',#398,.T.);
#199=FACE_OUTER_BOUND('',#399,.T.);
#200=FACE_OUTER_BOUND('',#400,.T.);
#201=FACE_OUTER_BOUND('',#401,.T.);
#202=FACE_OUTER_BOUND('',#402,.T.);
#203=FACE_OUTER_BOUND('',#403,.T.);
#204=FACE_OUTER_BOUND('',#404,.T.);
#205=FACE_OUTER_BOUND('',#405,.T.);
#206=FACE_OUTER_BOUND('',#406,.T.);
#207=FACE_OUTER_BOUND('',#407,.T.);
#208=FACE_OUTER_BOUND('',#408,.T.);
#209=FACE_OUTER_BOUND('',#409,.T.);
#210=FACE_OUTER_BOUND('',#410,.T.);
#211=FACE_OUTER_BOUND('',#411,.T.);
#212=FACE_OUTER_BOUND('',#412,.T.);
#213=FACE_OUTER_BOUND('',#413,.T.);
#214=FACE_OUTER_BOUND('',#414,.T.);
#215=FACE_OUTER_BOUND('',#415,.T.);
#216=FACE_OUTER_BOUND('',#416,.T.);
#217=FACE_OUTER_BOUND('',#417,.T.);
#218=FACE_OUTER_BOUND('',#418,.T.);
#219=FACE_OUTER_BOUND('',#419,.T.);
#220=FACE_OUTER_BOUND('',#420,.T.);
#221=FACE_OUTER_BOUND('',#421,.T.);
#222=FACE_OUTER_BOUND('',#422,.T.);
#223=FACE_OUTER_BOUND('',#423,.T.);
#224=FACE_OUTER_BOUND('',#424,.T.);
#225=FACE_OUTER_BOUND('',#425,.T.);
#226=FACE_OUTER_BOUND('',#427,.T.);
#227=FACE_OUTER_BOUND('',#428,.T.);
#228=FACE_OUTER_BOUND('',#429,.T.);
#229=FACE_OUTER_BOUND('',#430,.T.);
#230=FACE_OUTER_BOUND('',#431,.T.);
#231=FACE_OUTER_BOUND('',#432,.T.);
#232=FACE_OUTER_BOUND('',#433,.T.);
#233=FACE_OUTER_BOUND('',#434,.T.);
#234=FACE_OUTER_BOUND('',#435,.T.);
#235=FACE_OUTER_BOUND('',#437,.T.);
#236=FACE_OUTER_BOUND('',#438,.T.);
#237=FACE_OUTER_BOUND('',#439,.T.);
#238=FACE_OUTER_BOUND('',#440,.T.);
#239=FACE_OUTER_BOUND('',#441,.T.);
#240=FACE_OUTER_BOUND('',#442,.T.);
#241=FACE_OUTER_BOUND('',#443,.T.);
#242=FACE_OUTER_BOUND('',#444,.T.);
#243=FACE_OUTER_BOUND('',#445,.T.);
#244=FACE_OUTER_BOUND('',#447,.T.);
#245=FACE_OUTER_BOUND('',#448,.T.);
#246=FACE_OUTER_BOUND('',#449,.T.);
#247=FACE_OUTER_BOUND('',#450,.T.);
#248=FACE_OUTER_BOUND('',#451,.T.);
#249=FACE_OUTER_BOUND('',#452,.T.);
#250=FACE_OUTER_BOUND('',#453,.T.);
#251=FACE_OUTER_BOUND('',#454,.T.);
#252=FACE_OUTER_BOUND('',#455,.T.);
#253=FACE_OUTER_BOUND('',#457,.T.);
#254=FACE_OUTER_BOUND('',#458,.T.);
#255=FACE_OUTER_BOUND('',#459,.T.);
#256=FACE_OUTER_BOUND('',#460,.T.);
#257=FACE_OUTER_BOUND('',#461,.T.);
#258=FACE_OUTER_BOUND('',#462,.T.);
#259=FACE_OUTER_BOUND('',#463,.T.);
#260=FACE_OUTER_BOUND('',#464,.T.);
#261=FACE_OUTER_BOUND('',#465,.T.);
#262=FACE_OUTER_BOUND('',#466,.T.);
#263=FACE_OUTER_BOUND('',#467,.T.);
#264=FACE_OUTER_BOUND('',#468,.T.);
#265=FACE_OUTER_BOUND('',#469,.T.);
#266=FACE_OUTER_BOUND('',#470,.T.);
#267=FACE_OUTER_BOUND('',#471,.T.);
#268=FACE_OUTER_BOUND('',#472,.T.);
#269=FACE_OUTER_BOUND('',#473,.T.);
#270=FACE_OUTER_BOUND('',#474,.T.);
#271=FACE_OUTER_BOUND('',#475,.T.);
#272=FACE_OUTER_BOUND('',#476,.T.);
#273=FACE_OUTER_BOUND('',#477,.T.);
#274=FACE_OUTER_BOUND('',#478,.T.);
#275=FACE_OUTER_BOUND('',#479,.T.);
#276=FACE_OUTER_BOUND('',#480,.T.);
#277=FACE_OUTER_BOUND('',#481,.T.);
#278=FACE_OUTER_BOUND('',#482,.T.);
#279=FACE_OUTER_BOUND('',#483,.T.);
#280=FACE_OUTER_BOUND('',#484,.T.);
#281=FACE_OUTER_BOUND('',#485,.T.);
#282=FACE_OUTER_BOUND('',#486,.T.);
#283=FACE_OUTER_BOUND('',#488,.T.);
#284=FACE_OUTER_BOUND('',#489,.T.);
#285=FACE_OUTER_BOUND('',#490,.T.);
#286=FACE_OUTER_BOUND('',#491,.T.);
#287=FACE_OUTER_BOUND('',#500,.T.);
#288=FACE_OUTER_BOUND('',#501,.T.);
#289=FACE_OUTER_BOUND('',#502,.T.);
#290=FACE_OUTER_BOUND('',#503,.T.);
#291=FACE_OUTER_BOUND('',#504,.T.);
#292=FACE_OUTER_BOUND('',#505,.T.);
#293=FACE_OUTER_BOUND('',#506,.T.);
#294=FACE_OUTER_BOUND('',#507,.T.);
#295=FACE_OUTER_BOUND('',#508,.T.);
#296=FACE_OUTER_BOUND('',#509,.T.);
#297=EDGE_LOOP('',(#2129,#2130,#2131,#2132));
#298=EDGE_LOOP('',(#2133,#2134,#2135,#2136,#2137,#2138));
#299=EDGE_LOOP('',(#2139,#2140,#2141,#2142,#2143,#2144));
#300=EDGE_LOOP('',(#2145,#2146,#2147,#2148,#2149,#2150));
#301=EDGE_LOOP('',(#2151,#2152,#2153,#2154));
#302=EDGE_LOOP('',(#2155,#2156,#2157,#2158));
#303=EDGE_LOOP('',(#2159,#2160,#2161,#2162,#2163));
#304=EDGE_LOOP('',(#2164,#2165,#2166,#2167));
#305=EDGE_LOOP('',(#2168,#2169,#2170,#2171,#2172));
#306=EDGE_LOOP('',(#2173,#2174,#2175,#2176));
#307=EDGE_LOOP('',(#2177,#2178,#2179,#2180));
#308=EDGE_LOOP('',(#2181,#2182,#2183,#2184));
#309=EDGE_LOOP('',(#2185,#2186,#2187,#2188));
#310=EDGE_LOOP('',(#2189,#2190,#2191,#2192,#2193,#2194,#2195,#2196,#2197,
#2198,#2199,#2200,#2201,#2202,#2203,#2204,#2205,#2206,#2207,#2208,#2209,
#2210,#2211,#2212,#2213,#2214));
#311=EDGE_LOOP('',(#2215,#2216,#2217,#2218));
#312=EDGE_LOOP('',(#2219,#2220,#2221,#2222));
#313=EDGE_LOOP('',(#2223,#2224,#2225,#2226));
#314=EDGE_LOOP('',(#2227,#2228,#2229,#2230));
#315=EDGE_LOOP('',(#2231,#2232,#2233,#2234,#2235));
#316=EDGE_LOOP('',(#2236,#2237,#2238,#2239));
#317=EDGE_LOOP('',(#2240,#2241,#2242,#2243));
#318=EDGE_LOOP('',(#2244,#2245,#2246,#2247));
#319=EDGE_LOOP('',(#2248,#2249,#2250,#2251));
#320=EDGE_LOOP('',(#2252,#2253,#2254,#2255,#2256));
#321=EDGE_LOOP('',(#2257,#2258,#2259,#2260));
#322=EDGE_LOOP('',(#2261,#2262,#2263,#2264,#2265));
#323=EDGE_LOOP('',(#2266,#2267,#2268,#2269));
#324=EDGE_LOOP('',(#2270,#2271,#2272,#2273,#2274));
#325=EDGE_LOOP('',(#2275,#2276,#2277,#2278));
#326=EDGE_LOOP('',(#2279,#2280,#2281,#2282));
#327=EDGE_LOOP('',(#2283,#2284,#2285,#2286));
#328=EDGE_LOOP('',(#2287,#2288,#2289,#2290));
#329=EDGE_LOOP('',(#2291,#2292,#2293,#2294,#2295));
#330=EDGE_LOOP('',(#2296,#2297,#2298,#2299));
#331=EDGE_LOOP('',(#2300,#2301,#2302,#2303,#2304));
#332=EDGE_LOOP('',(#2305,#2306,#2307,#2308));
#333=EDGE_LOOP('',(#2309,#2310,#2311,#2312,#2313));
#334=EDGE_LOOP('',(#2314,#2315,#2316,#2317));
#335=EDGE_LOOP('',(#2318,#2319,#2320,#2321,#2322));
#336=EDGE_LOOP('',(#2323,#2324,#2325,#2326,#2327));
#337=EDGE_LOOP('',(#2328,#2329,#2330,#2331));
#338=EDGE_LOOP('',(#2332,#2333,#2334,#2335));
#339=EDGE_LOOP('',(#2336,#2337,#2338,#2339));
#340=EDGE_LOOP('',(#2340,#2341,#2342,#2343));
#341=EDGE_LOOP('',(#2344,#2345,#2346,#2347));
#342=EDGE_LOOP('',(#2348,#2349,#2350,#2351));
#343=EDGE_LOOP('',(#2352,#2353,#2354,#2355));
#344=EDGE_LOOP('',(#2356,#2357,#2358,#2359));
#345=EDGE_LOOP('',(#2360,#2361,#2362,#2363));
#346=EDGE_LOOP('',(#2364,#2365,#2366,#2367));
#347=EDGE_LOOP('',(#2368,#2369,#2370,#2371));
#348=EDGE_LOOP('',(#2372,#2373,#2374,#2375));
#349=EDGE_LOOP('',(#2376,#2377,#2378,#2379));
#350=EDGE_LOOP('',(#2380,#2381,#2382,#2383));
#351=EDGE_LOOP('',(#2384,#2385,#2386,#2387));
#352=EDGE_LOOP('',(#2388,#2389,#2390,#2391));
#353=EDGE_LOOP('',(#2392,#2393,#2394,#2395));
#354=EDGE_LOOP('',(#2396,#2397,#2398,#2399));
#355=EDGE_LOOP('',(#2400,#2401,#2402,#2403,#2404));
#356=EDGE_LOOP('',(#2405,#2406,#2407,#2408,#2409));
#357=EDGE_LOOP('',(#2410,#2411,#2412,#2413));
#358=EDGE_LOOP('',(#2414,#2415,#2416,#2417));
#359=EDGE_LOOP('',(#2418,#2419,#2420,#2421));
#360=EDGE_LOOP('',(#2422,#2423,#2424,#2425));
#361=EDGE_LOOP('',(#2426,#2427,#2428,#2429,#2430));
#362=EDGE_LOOP('',(#2431,#2432,#2433,#2434));
#363=EDGE_LOOP('',(#2435,#2436,#2437,#2438,#2439));
#364=EDGE_LOOP('',(#2440,#2441,#2442,#2443));
#365=EDGE_LOOP('',(#2444,#2445,#2446,#2447));
#366=EDGE_LOOP('',(#2448,#2449,#2450,#2451,#2452));
#367=EDGE_LOOP('',(#2453,#2454,#2455,#2456));
#368=EDGE_LOOP('',(#2457,#2458,#2459,#2460));
#369=EDGE_LOOP('',(#2461,#2462,#2463,#2464));
#370=EDGE_LOOP('',(#2465,#2466,#2467,#2468));
#371=EDGE_LOOP('',(#2469,#2470,#2471,#2472));
#372=EDGE_LOOP('',(#2473,#2474,#2475,#2476));
#373=EDGE_LOOP('',(#2477,#2478,#2479,#2480));
#374=EDGE_LOOP('',(#2481,#2482,#2483,#2484));
#375=EDGE_LOOP('',(#2485,#2486,#2487,#2488));
#376=EDGE_LOOP('',(#2489,#2490,#2491,#2492));
#377=EDGE_LOOP('',(#2493,#2494,#2495,#2496));
#378=EDGE_LOOP('',(#2497,#2498,#2499,#2500));
#379=EDGE_LOOP('',(#2501,#2502,#2503,#2504));
#380=EDGE_LOOP('',(#2505,#2506,#2507,#2508));
#381=EDGE_LOOP('',(#2509,#2510,#2511,#2512));
#382=EDGE_LOOP('',(#2513,#2514,#2515,#2516));
#383=EDGE_LOOP('',(#2517,#2518,#2519,#2520));
#384=EDGE_LOOP('',(#2521,#2522,#2523,#2524));
#385=EDGE_LOOP('',(#2525,#2526,#2527,#2528));
#386=EDGE_LOOP('',(#2529,#2530,#2531,#2532));
#387=EDGE_LOOP('',(#2533,#2534,#2535,#2536));
#388=EDGE_LOOP('',(#2537,#2538,#2539,#2540));
#389=EDGE_LOOP('',(#2541,#2542,#2543,#2544));
#390=EDGE_LOOP('',(#2545,#2546,#2547,#2548));
#391=EDGE_LOOP('',(#2549,#2550,#2551,#2552));
#392=EDGE_LOOP('',(#2553,#2554,#2555,#2556));
#393=EDGE_LOOP('',(#2557,#2558,#2559,#2560));
#394=EDGE_LOOP('',(#2561,#2562,#2563,#2564));
#395=EDGE_LOOP('',(#2565,#2566,#2567,#2568));
#396=EDGE_LOOP('',(#2569,#2570,#2571,#2572));
#397=EDGE_LOOP('',(#2573,#2574,#2575,#2576));
#398=EDGE_LOOP('',(#2577,#2578,#2579,#2580));
#399=EDGE_LOOP('',(#2581,#2582,#2583,#2584));
#400=EDGE_LOOP('',(#2585,#2586,#2587,#2588));
#401=EDGE_LOOP('',(#2589,#2590,#2591,#2592));
#402=EDGE_LOOP('',(#2593,#2594,#2595,#2596));
#403=EDGE_LOOP('',(#2597,#2598,#2599,#2600));
#404=EDGE_LOOP('',(#2601,#2602,#2603,#2604));
#405=EDGE_LOOP('',(#2605,#2606,#2607,#2608));
#406=EDGE_LOOP('',(#2609,#2610,#2611,#2612));
#407=EDGE_LOOP('',(#2613,#2614,#2615,#2616));
#408=EDGE_LOOP('',(#2617,#2618,#2619,#2620));
#409=EDGE_LOOP('',(#2621,#2622,#2623,#2624));
#410=EDGE_LOOP('',(#2625,#2626,#2627,#2628));
#411=EDGE_LOOP('',(#2629,#2630,#2631,#2632));
#412=EDGE_LOOP('',(#2633,#2634,#2635,#2636));
#413=EDGE_LOOP('',(#2637,#2638,#2639,#2640));
#414=EDGE_LOOP('',(#2641,#2642,#2643,#2644));
#415=EDGE_LOOP('',(#2645,#2646,#2647,#2648));
#416=EDGE_LOOP('',(#2649,#2650,#2651,#2652));
#417=EDGE_LOOP('',(#2653,#2654,#2655,#2656));
#418=EDGE_LOOP('',(#2657,#2658,#2659,#2660));
#419=EDGE_LOOP('',(#2661,#2662,#2663,#2664));
#420=EDGE_LOOP('',(#2665,#2666,#2667,#2668));
#421=EDGE_LOOP('',(#2669,#2670,#2671,#2672));
#422=EDGE_LOOP('',(#2673,#2674,#2675,#2676));
#423=EDGE_LOOP('',(#2677,#2678,#2679,#2680));
#424=EDGE_LOOP('',(#2681,#2682,#2683,#2684));
#425=EDGE_LOOP('',(#2685,#2686,#2687,#2688));
#426=EDGE_LOOP('',(#2689,#2690,#2691,#2692));
#427=EDGE_LOOP('',(#2693,#2694,#2695,#2696));
#428=EDGE_LOOP('',(#2697,#2698,#2699,#2700));
#429=EDGE_LOOP('',(#2701,#2702,#2703,#2704));
#430=EDGE_LOOP('',(#2705,#2706,#2707,#2708));
#431=EDGE_LOOP('',(#2709,#2710,#2711,#2712));
#432=EDGE_LOOP('',(#2713,#2714,#2715,#2716));
#433=EDGE_LOOP('',(#2717,#2718,#2719,#2720));
#434=EDGE_LOOP('',(#2721,#2722,#2723,#2724));
#435=EDGE_LOOP('',(#2725,#2726,#2727,#2728));
#436=EDGE_LOOP('',(#2729,#2730,#2731,#2732));
#437=EDGE_LOOP('',(#2733,#2734,#2735,#2736));
#438=EDGE_LOOP('',(#2737,#2738,#2739,#2740));
#439=EDGE_LOOP('',(#2741,#2742,#2743,#2744));
#440=EDGE_LOOP('',(#2745,#2746,#2747,#2748));
#441=EDGE_LOOP('',(#2749,#2750,#2751,#2752));
#442=EDGE_LOOP('',(#2753,#2754,#2755,#2756));
#443=EDGE_LOOP('',(#2757,#2758,#2759,#2760));
#444=EDGE_LOOP('',(#2761,#2762,#2763,#2764));
#445=EDGE_LOOP('',(#2765,#2766,#2767,#2768));
#446=EDGE_LOOP('',(#2769,#2770,#2771,#2772));
#447=EDGE_LOOP('',(#2773,#2774,#2775,#2776));
#448=EDGE_LOOP('',(#2777,#2778,#2779,#2780));
#449=EDGE_LOOP('',(#2781,#2782,#2783,#2784));
#450=EDGE_LOOP('',(#2785,#2786,#2787,#2788));
#451=EDGE_LOOP('',(#2789,#2790,#2791,#2792));
#452=EDGE_LOOP('',(#2793,#2794,#2795,#2796));
#453=EDGE_LOOP('',(#2797,#2798,#2799,#2800));
#454=EDGE_LOOP('',(#2801,#2802,#2803,#2804));
#455=EDGE_LOOP('',(#2805,#2806,#2807,#2808));
#456=EDGE_LOOP('',(#2809,#2810,#2811,#2812));
#457=EDGE_LOOP('',(#2813,#2814,#2815,#2816));
#458=EDGE_LOOP('',(#2817,#2818,#2819,#2820));
#459=EDGE_LOOP('',(#2821,#2822,#2823,#2824));
#460=EDGE_LOOP('',(#2825,#2826,#2827,#2828));
#461=EDGE_LOOP('',(#2829,#2830,#2831,#2832));
#462=EDGE_LOOP('',(#2833,#2834,#2835,#2836));
#463=EDGE_LOOP('',(#2837,#2838,#2839,#2840));
#464=EDGE_LOOP('',(#2841,#2842,#2843,#2844));
#465=EDGE_LOOP('',(#2845,#2846,#2847,#2848));
#466=EDGE_LOOP('',(#2849,#2850,#2851,#2852));
#467=EDGE_LOOP('',(#2853,#2854,#2855,#2856));
#468=EDGE_LOOP('',(#2857,#2858,#2859,#2860));
#469=EDGE_LOOP('',(#2861,#2862,#2863,#2864));
#470=EDGE_LOOP('',(#2865,#2866,#2867,#2868));
#471=EDGE_LOOP('',(#2869,#2870,#2871,#2872));
#472=EDGE_LOOP('',(#2873,#2874,#2875,#2876));
#473=EDGE_LOOP('',(#2877,#2878,#2879,#2880));
#474=EDGE_LOOP('',(#2881,#2882,#2883,#2884));
#475=EDGE_LOOP('',(#2885,#2886,#2887,#2888));
#476=EDGE_LOOP('',(#2889,#2890,#2891,#2892));
#477=EDGE_LOOP('',(#2893,#2894,#2895,#2896));
#478=EDGE_LOOP('',(#2897,#2898,#2899,#2900));
#479=EDGE_LOOP('',(#2901,#2902,#2903,#2904));
#480=EDGE_LOOP('',(#2905,#2906,#2907,#2908));
#481=EDGE_LOOP('',(#2909,#2910,#2911,#2912));
#482=EDGE_LOOP('',(#2913,#2914,#2915,#2916));
#483=EDGE_LOOP('',(#2917,#2918,#2919,#2920));
#484=EDGE_LOOP('',(#2921,#2922,#2923,#2924));
#485=EDGE_LOOP('',(#2925,#2926,#2927,#2928));
#486=EDGE_LOOP('',(#2929,#2930,#2931,#2932));
#487=EDGE_LOOP('',(#2933,#2934,#2935,#2936));
#488=EDGE_LOOP('',(#2937,#2938,#2939,#2940));
#489=EDGE_LOOP('',(#2941,#2942,#2943,#2944));
#490=EDGE_LOOP('',(#2945,#2946,#2947,#2948));
#491=EDGE_LOOP('',(#2949,#2950,#2951,#2952,#2953,#2954,#2955,#2956));
#492=EDGE_LOOP('',(#2957));
#493=EDGE_LOOP('',(#2958,#2959,#2960,#2961));
#494=EDGE_LOOP('',(#2962,#2963,#2964,#2965));
#495=EDGE_LOOP('',(#2966,#2967,#2968,#2969));
#496=EDGE_LOOP('',(#2970,#2971,#2972,#2973));
#497=EDGE_LOOP('',(#2974));
#498=EDGE_LOOP('',(#2975));
#499=EDGE_LOOP('',(#2976));
#500=EDGE_LOOP('',(#2977,#2978,#2979,#2980));
#501=EDGE_LOOP('',(#2981,#2982,#2983,#2984));
#502=EDGE_LOOP('',(#2985,#2986,#2987,#2988));
#503=EDGE_LOOP('',(#2989,#2990,#2991,#2992));
#504=EDGE_LOOP('',(#2993,#2994,#2995,#2996));
#505=EDGE_LOOP('',(#2997,#2998,#2999,#3000));
#506=EDGE_LOOP('',(#3001,#3002,#3003,#3004));
#507=EDGE_LOOP('',(#3005,#3006,#3007,#3008));
#508=EDGE_LOOP('',(#3009,#3010,#3011,#3012));
#509=EDGE_LOOP('',(#3013,#3014,#3015,#3016,#3017,#3018,#3019,#3020));
#510=EDGE_LOOP('',(#3021,#3022,#3023,#3024));
#511=EDGE_LOOP('',(#3025,#3026,#3027,#3028));
#512=EDGE_LOOP('',(#3029,#3030,#3031,#3032));
#513=EDGE_LOOP('',(#3033,#3034,#3035,#3036));
#514=EDGE_LOOP('',(#3037,#3038,#3039,#3040));
#515=EDGE_LOOP('',(#3041));
#516=EDGE_LOOP('',(#3042));
#517=EDGE_LOOP('',(#3043));
#518=EDGE_LOOP('',(#3044));
#519=LINE('',#4549,#953);
#520=LINE('',#4551,#954);
#521=LINE('',#4553,#955);
#522=LINE('',#4554,#956);
#523=LINE('',#4558,#957);
#524=LINE('',#4560,#958);
#525=LINE('',#4562,#959);
#526=LINE('',#4564,#960);
#527=LINE('',#4566,#961);
#528=LINE('',#4567,#962);
#529=LINE('',#4571,#963);
#530=LINE('',#4573,#964);
#531=LINE('',#4575,#965);
#532=LINE('',#4577,#966);
#533=LINE('',#4579,#967);
#534=LINE('',#4580,#968);
#535=LINE('',#4584,#969);
#536=LINE('',#4586,#970);
#537=LINE('',#4588,#971);
#538=LINE('',#4590,#972);
#539=LINE('',#4592,#973);
#540=LINE('',#4593,#974);
#541=LINE('',#4597,#975);
#542=LINE('',#4599,#976);
#543=LINE('',#4601,#977);
#544=LINE('',#4602,#978);
#545=LINE('',#4605,#979);
#546=LINE('',#4607,#980);
#547=LINE('',#4608,#981);
#548=LINE('',#4611,#982);
#549=LINE('',#4613,#983);
#550=LINE('',#4614,#984);
#551=LINE('',#4617,#985);
#552=LINE('',#4618,#986);
#553=LINE('',#4621,#987);
#554=LINE('',#4622,#988);
#555=LINE('',#4625,#989);
#556=LINE('',#4627,#990);
#557=LINE('',#4628,#991);
#558=LINE('',#4631,#992);
#559=LINE('',#4632,#993);
#560=LINE('',#4635,#994);
#561=LINE('',#4637,#995);
#562=LINE('',#4639,#996);
#563=LINE('',#4640,#997);
#564=LINE('',#4643,#998);
#565=LINE('',#4644,#999);
#566=LINE('',#4648,#1000);
#567=LINE('',#4650,#1001);
#568=LINE('',#4652,#1002);
#569=LINE('',#4654,#1003);
#570=LINE('',#4656,#1004);
#571=LINE('',#4658,#1005);
#572=LINE('',#4659,#1006);
#573=LINE('',#4661,#1007);
#574=LINE('',#4663,#1008);
#575=LINE('',#4665,#1009);
#576=LINE('',#4667,#1010);
#577=LINE('',#4669,#1011);
#578=LINE('',#4671,#1012);
#579=LINE('',#4673,#1013);
#580=LINE('',#4675,#1014);
#581=LINE('',#4677,#1015);
#582=LINE('',#4679,#1016);
#583=LINE('',#4681,#1017);
#584=LINE('',#4683,#1018);
#585=LINE('',#4685,#1019);
#586=LINE('',#4686,#1020);
#587=LINE('',#4689,#1021);
#588=LINE('',#4691,#1022);
#589=LINE('',#4693,#1023);
#590=LINE('',#4694,#1024);
#591=LINE('',#4697,#1025);
#592=LINE('',#4699,#1026);
#593=LINE('',#4701,#1027);
#594=LINE('',#4702,#1028);
#595=LINE('',#4705,#1029);
#596=LINE('',#4707,#1030);
#597=LINE('',#4709,#1031);
#598=LINE('',#4710,#1032);
#599=LINE('',#4713,#1033);
#600=LINE('',#4715,#1034);
#601=LINE('',#4717,#1035);
#602=LINE('',#4718,#1036);
#603=LINE('',#4721,#1037);
#604=LINE('',#4722,#1038);
#605=LINE('',#4723,#1039);
#606=LINE('',#4726,#1040);
#607=LINE('',#4727,#1041);
#608=LINE('',#4730,#1042);
#609=LINE('',#4732,#1043);
#610=LINE('',#4733,#1044);
#611=LINE('',#4736,#1045);
#612=LINE('',#4738,#1046);
#613=LINE('',#4740,#1047);
#614=LINE('',#4741,#1048);
#615=LINE('',#4743,#1049);
#616=LINE('',#4744,#1050);
#617=LINE('',#4746,#1051);
#618=LINE('',#4747,#1052);
#619=LINE('',#4749,#1053);
#620=LINE('',#4751,#1054);
#621=LINE('',#4752,#1055);
#622=LINE('',#4756,#1056);
#623=LINE('',#4757,#1057);
#624=LINE('',#4760,#1058);
#625=LINE('',#4761,#1059);
#626=LINE('',#4764,#1060);
#627=LINE('',#4766,#1061);
#628=LINE('',#4767,#1062);
#629=LINE('',#4770,#1063);
#630=LINE('',#4772,#1064);
#631=LINE('',#4774,#1065);
#632=LINE('',#4775,#1066);
#633=LINE('',#4777,#1067);
#634=LINE('',#4778,#1068);
#635=LINE('',#4780,#1069);
#636=LINE('',#4781,#1070);
#637=LINE('',#4783,#1071);
#638=LINE('',#4785,#1072);
#639=LINE('',#4786,#1073);
#640=LINE('',#4789,#1074);
#641=LINE('',#4791,#1075);
#642=LINE('',#4797,#1076);
#643=LINE('',#4798,#1077);
#644=LINE('',#4799,#1078);
#645=LINE('',#4803,#1079);
#646=LINE('',#4804,#1080);
#647=LINE('',#4805,#1081);
#648=LINE('',#4808,#1082);
#649=LINE('',#4810,#1083);
#650=LINE('',#4811,#1084);
#651=LINE('',#4814,#1085);
#652=LINE('',#4816,#1086);
#653=LINE('',#4817,#1087);
#654=LINE('',#4819,#1088);
#655=LINE('',#4822,#1089);
#656=LINE('',#4823,#1090);
#657=LINE('',#4826,#1091);
#658=LINE('',#4827,#1092);
#659=LINE('',#4830,#1093);
#660=LINE('',#4831,#1094);
#661=LINE('',#4834,#1095);
#662=LINE('',#4835,#1096);
#663=LINE('',#4837,#1097);
#664=LINE('',#4839,#1098);
#665=LINE('',#4842,#1099);
#666=LINE('',#4845,#1100);
#667=LINE('',#4847,#1101);
#668=LINE('',#4848,#1102);
#669=LINE('',#4851,#1103);
#670=LINE('',#4852,#1104);
#671=LINE('',#4855,#1105);
#672=LINE('',#4856,#1106);
#673=LINE('',#4858,#1107);
#674=LINE('',#4861,#1108);
#675=LINE('',#4864,#1109);
#676=LINE('',#4865,#1110);
#677=LINE('',#4868,#1111);
#678=LINE('',#4869,#1112);
#679=LINE('',#4872,#1113);
#680=LINE('',#4874,#1114);
#681=LINE('',#4875,#1115);
#682=LINE('',#4878,#1116);
#683=LINE('',#4880,#1117);
#684=LINE('',#4882,#1118);
#685=LINE('',#4883,#1119);
#686=LINE('',#4885,#1120);
#687=LINE('',#4887,#1121);
#688=LINE('',#4888,#1122);
#689=LINE('',#4890,#1123);
#690=LINE('',#4892,#1124);
#691=LINE('',#4893,#1125);
#692=LINE('',#4896,#1126);
#693=LINE('',#4901,#1127);
#694=LINE('',#4902,#1128);
#695=LINE('',#4903,#1129);
#696=LINE('',#4907,#1130);
#697=LINE('',#4908,#1131);
#698=LINE('',#4909,#1132);
#699=LINE('',#4912,#1133);
#700=LINE('',#4914,#1134);
#701=LINE('',#4915,#1135);
#702=LINE('',#4918,#1136);
#703=LINE('',#4920,#1137);
#704=LINE('',#4921,#1138);
#705=LINE('',#4923,#1139);
#706=LINE('',#4926,#1140);
#707=LINE('',#4927,#1141);
#708=LINE('',#4930,#1142);
#709=LINE('',#4931,#1143);
#710=LINE('',#4934,#1144);
#711=LINE('',#4935,#1145);
#712=LINE('',#4938,#1146);
#713=LINE('',#4939,#1147);
#714=LINE('',#4941,#1148);
#715=LINE('',#4943,#1149);
#716=LINE('',#4946,#1150);
#717=LINE('',#4949,#1151);
#718=LINE('',#4951,#1152);
#719=LINE('',#4952,#1153);
#720=LINE('',#4955,#1154);
#721=LINE('',#4956,#1155);
#722=LINE('',#4959,#1156);
#723=LINE('',#4960,#1157);
#724=LINE('',#4962,#1158);
#725=LINE('',#4967,#1159);
#726=LINE('',#4968,#1160);
#727=LINE('',#4969,#1161);
#728=LINE('',#4973,#1162);
#729=LINE('',#4974,#1163);
#730=LINE('',#4975,#1164);
#731=LINE('',#4978,#1165);
#732=LINE('',#4980,#1166);
#733=LINE('',#4981,#1167);
#734=LINE('',#4984,#1168);
#735=LINE('',#4986,#1169);
#736=LINE('',#4987,#1170);
#737=LINE('',#4989,#1171);
#738=LINE('',#4992,#1172);
#739=LINE('',#4993,#1173);
#740=LINE('',#4996,#1174);
#741=LINE('',#4997,#1175);
#742=LINE('',#5000,#1176);
#743=LINE('',#5001,#1177);
#744=LINE('',#5004,#1178);
#745=LINE('',#5005,#1179);
#746=LINE('',#5007,#1180);
#747=LINE('',#5009,#1181);
#748=LINE('',#5012,#1182);
#749=LINE('',#5015,#1183);
#750=LINE('',#5017,#1184);
#751=LINE('',#5018,#1185);
#752=LINE('',#5021,#1186);
#753=LINE('',#5022,#1187);
#754=LINE('',#5025,#1188);
#755=LINE('',#5026,#1189);
#756=LINE('',#5028,#1190);
#757=LINE('',#5033,#1191);
#758=LINE('',#5034,#1192);
#759=LINE('',#5035,#1193);
#760=LINE('',#5039,#1194);
#761=LINE('',#5040,#1195);
#762=LINE('',#5041,#1196);
#763=LINE('',#5044,#1197);
#764=LINE('',#5046,#1198);
#765=LINE('',#5047,#1199);
#766=LINE('',#5050,#1200);
#767=LINE('',#5052,#1201);
#768=LINE('',#5053,#1202);
#769=LINE('',#5055,#1203);
#770=LINE('',#5058,#1204);
#771=LINE('',#5059,#1205);
#772=LINE('',#5062,#1206);
#773=LINE('',#5063,#1207);
#774=LINE('',#5066,#1208);
#775=LINE('',#5067,#1209);
#776=LINE('',#5070,#1210);
#777=LINE('',#5071,#1211);
#778=LINE('',#5073,#1212);
#779=LINE('',#5075,#1213);
#780=LINE('',#5078,#1214);
#781=LINE('',#5081,#1215);
#782=LINE('',#5083,#1216);
#783=LINE('',#5084,#1217);
#784=LINE('',#5087,#1218);
#785=LINE('',#5088,#1219);
#786=LINE('',#5091,#1220);
#787=LINE('',#5092,#1221);
#788=LINE('',#5094,#1222);
#789=LINE('',#5100,#1223);
#790=LINE('',#5102,#1224);
#791=LINE('',#5104,#1225);
#792=LINE('',#5105,#1226);
#793=LINE('',#5108,#1227);
#794=LINE('',#5110,#1228);
#795=LINE('',#5111,#1229);
#796=LINE('',#5114,#1230);
#797=LINE('',#5116,#1231);
#798=LINE('',#5117,#1232);
#799=LINE('',#5119,#1233);
#800=LINE('',#5120,#1234);
#801=LINE('',#5150,#1235);
#802=LINE('',#5151,#1236);
#803=LINE('',#5172,#1237);
#804=LINE('',#5193,#1238);
#805=LINE('',#5217,#1239);
#806=LINE('',#5219,#1240);
#807=LINE('',#5221,#1241);
#808=LINE('',#5222,#1242);
#809=LINE('',#5225,#1243);
#810=LINE('',#5227,#1244);
#811=LINE('',#5228,#1245);
#812=LINE('',#5231,#1246);
#813=LINE('',#5233,#1247);
#814=LINE('',#5234,#1248);
#815=LINE('',#5236,#1249);
#816=LINE('',#5237,#1250);
#817=LINE('',#5267,#1251);
#818=LINE('',#5268,#1252);
#819=LINE('',#5289,#1253);
#820=LINE('',#5310,#1254);
#821=LINE('',#5334,#1255);
#822=LINE('',#5336,#1256);
#823=LINE('',#5338,#1257);
#824=LINE('',#5339,#1258);
#825=LINE('',#5342,#1259);
#826=LINE('',#5344,#1260);
#827=LINE('',#5345,#1261);
#828=LINE('',#5348,#1262);
#829=LINE('',#5350,#1263);
#830=LINE('',#5351,#1264);
#831=LINE('',#5353,#1265);
#832=LINE('',#5354,#1266);
#833=LINE('',#5384,#1267);
#834=LINE('',#5385,#1268);
#835=LINE('',#5406,#1269);
#836=LINE('',#5427,#1270);
#837=LINE('',#5451,#1271);
#838=LINE('',#5453,#1272);
#839=LINE('',#5455,#1273);
#840=LINE('',#5456,#1274);
#841=LINE('',#5459,#1275);
#842=LINE('',#5461,#1276);
#843=LINE('',#5462,#1277);
#844=LINE('',#5465,#1278);
#845=LINE('',#5467,#1279);
#846=LINE('',#5468,#1280);
#847=LINE('',#5470,#1281);
#848=LINE('',#5471,#1282);
#849=LINE('',#5501,#1283);
#850=LINE('',#5502,#1284);
#851=LINE('',#5523,#1285);
#852=LINE('',#5544,#1286);
#853=LINE('',#5568,#1287);
#854=LINE('',#5570,#1288);
#855=LINE('',#5572,#1289);
#856=LINE('',#5573,#1290);
#857=LINE('',#5576,#1291);
#858=LINE('',#5578,#1292);
#859=LINE('',#5579,#1293);
#860=LINE('',#5582,#1294);
#861=LINE('',#5584,#1295);
#862=LINE('',#5585,#1296);
#863=LINE('',#5587,#1297);
#864=LINE('',#5588,#1298);
#865=LINE('',#5592,#1299);
#866=LINE('',#5594,#1300);
#867=LINE('',#5596,#1301);
#868=LINE('',#5597,#1302);
#869=LINE('',#5600,#1303);
#870=LINE('',#5602,#1304);
#871=LINE('',#5603,#1305);
#872=LINE('',#5606,#1306);
#873=LINE('',#5608,#1307);
#874=LINE('',#5609,#1308);
#875=LINE('',#5611,#1309);
#876=LINE('',#5612,#1310);
#877=LINE('',#5616,#1311);
#878=LINE('',#5618,#1312);
#879=LINE('',#5620,#1313);
#880=LINE('',#5621,#1314);
#881=LINE('',#5624,#1315);
#882=LINE('',#5626,#1316);
#883=LINE('',#5627,#1317);
#884=LINE('',#5630,#1318);
#885=LINE('',#5632,#1319);
#886=LINE('',#5633,#1320);
#887=LINE('',#5635,#1321);
#888=LINE('',#5636,#1322);
#889=LINE('',#5640,#1323);
#890=LINE('',#5642,#1324);
#891=LINE('',#5644,#1325);
#892=LINE('',#5645,#1326);
#893=LINE('',#5648,#1327);
#894=LINE('',#5650,#1328);
#895=LINE('',#5651,#1329);
#896=LINE('',#5654,#1330);
#897=LINE('',#5656,#1331);
#898=LINE('',#5657,#1332);
#899=LINE('',#5659,#1333);
#900=LINE('',#5660,#1334);
#901=LINE('',#5664,#1335);
#902=LINE('',#5666,#1336);
#903=LINE('',#5668,#1337);
#904=LINE('',#5669,#1338);
#905=LINE('',#5672,#1339);
#906=LINE('',#5674,#1340);
#907=LINE('',#5675,#1341);
#908=LINE('',#5678,#1342);
#909=LINE('',#5680,#1343);
#910=LINE('',#5681,#1344);
#911=LINE('',#5683,#1345);
#912=LINE('',#5684,#1346);
#913=LINE('',#5689,#1347);
#914=LINE('',#5691,#1348);
#915=LINE('',#5693,#1349);
#916=LINE('',#5694,#1350);
#917=LINE('',#5697,#1351);
#918=LINE('',#5699,#1352);
#919=LINE('',#5700,#1353);
#920=LINE('',#5703,#1354);
#921=LINE('',#5705,#1355);
#922=LINE('',#5706,#1356);
#923=LINE('',#5708,#1357);
#924=LINE('',#5709,#1358);
#925=LINE('',#5715,#1359);
#926=LINE('',#5720,#1360);
#927=LINE('',#5722,#1361);
#928=LINE('',#5724,#1362);
#929=LINE('',#5725,#1363);
#930=LINE('',#5728,#1364);
#931=LINE('',#5730,#1365);
#932=LINE('',#5731,#1366);
#933=LINE('',#5734,#1367);
#934=LINE('',#5736,#1368);
#935=LINE('',#5738,#1369);
#936=LINE('',#5740,#1370);
#937=LINE('',#5742,#1371);
#938=LINE('',#5743,#1372);
#939=LINE('',#5752,#1373);
#940=LINE('',#5756,#1374);
#941=LINE('',#5758,#1375);
#942=LINE('',#5759,#1376);
#943=LINE('',#5762,#1377);
#944=LINE('',#5763,#1378);
#945=LINE('',#5766,#1379);
#946=LINE('',#5770,#1380);
#947=LINE('',#5774,#1381);
#948=LINE('',#5775,#1382);
#949=LINE('',#5777,#1383);
#950=LINE('',#5780,#1384);
#951=LINE('',#5781,#1385);
#952=LINE('',#5783,#1386);
#953=VECTOR('',#3706,2.54);
#954=VECTOR('',#3707,0.359210244842776);
#955=VECTOR('',#3708,2.032);
#956=VECTOR('',#3709,0.359210244842776);
#957=VECTOR('',#3712,2.54);
#958=VECTOR('',#3713,0.359210244842776);
#959=VECTOR('',#3714,0.359210244842776);
#960=VECTOR('',#3715,2.54);
#961=VECTOR('',#3716,0.359210244842776);
#962=VECTOR('',#3717,0.359210244842776);
#963=VECTOR('',#3720,2.54);
#964=VECTOR('',#3721,0.359210244842776);
#965=VECTOR('',#3722,0.359210244842776);
#966=VECTOR('',#3723,2.54);
#967=VECTOR('',#3724,0.359210244842776);
#968=VECTOR('',#3725,0.359210244842776);
#969=VECTOR('',#3728,2.54);
#970=VECTOR('',#3729,0.359210244842776);
#971=VECTOR('',#3730,0.359210244842776);
#972=VECTOR('',#3731,2.54);
#973=VECTOR('',#3732,0.359210244842776);
#974=VECTOR('',#3733,0.359210244842776);
#975=VECTOR('',#3736,2.54);
#976=VECTOR('',#3737,0.359210244842776);
#977=VECTOR('',#3738,2.032);
#978=VECTOR('',#3739,0.359210244842776);
#979=VECTOR('',#3742,0.254);
#980=VECTOR('',#3743,2.54);
#981=VECTOR('',#3744,0.254);
#982=VECTOR('',#3747,2.286);
#983=VECTOR('',#3748,0.359210244842776);
#984=VECTOR('',#3749,2.54);
#985=VECTOR('',#3752,2.032);
#986=VECTOR('',#3753,2.54);
#987=VECTOR('',#3756,0.359210244842776);
#988=VECTOR('',#3757,2.286);
#989=VECTOR('',#3760,2.032);
#990=VECTOR('',#3761,2.032);
#991=VECTOR('',#3762,2.286);
#992=VECTOR('',#3765,2.032);
#993=VECTOR('',#3766,2.54);
#994=VECTOR('',#3767,0.65);
#995=VECTOR('',#3768,0.65);
#996=VECTOR('',#3769,0.65);
#997=VECTOR('',#3770,0.65);
#998=VECTOR('',#3773,2.286);
#999=VECTOR('',#3774,2.032);
#1000=VECTOR('',#3777,0.359210244842776);
#1001=VECTOR('',#3778,2.032);
#1002=VECTOR('',#3779,0.359210244842776);
#1003=VECTOR('',#3780,0.359210244842776);
#1004=VECTOR('',#3781,2.032);
#1005=VECTOR('',#3782,0.359210244842776);
#1006=VECTOR('',#3783,0.359210244842776);
#1007=VECTOR('',#3784,0.359210244842776);
#1008=VECTOR('',#3785,0.359210244842776);
#1009=VECTOR('',#3786,2.032);
#1010=VECTOR('',#3787,0.359210244842776);
#1011=VECTOR('',#3788,0.359210244842776);
#1012=VECTOR('',#3789,2.032);
#1013=VECTOR('',#3790,0.359210244842776);
#1014=VECTOR('',#3791,0.359210244842776);
#1015=VECTOR('',#3792,2.032);
#1016=VECTOR('',#3793,0.359210244842776);
#1017=VECTOR('',#3794,2.032);
#1018=VECTOR('',#3795,0.359210244842776);
#1019=VECTOR('',#3796,2.032);
#1020=VECTOR('',#3797,0.359210244842776);
#1021=VECTOR('',#3798,0.65);
#1022=VECTOR('',#3799,0.65);
#1023=VECTOR('',#3800,0.65);
#1024=VECTOR('',#3801,0.65);
#1025=VECTOR('',#3802,0.65);
#1026=VECTOR('',#3803,0.65);
#1027=VECTOR('',#3804,0.65);
#1028=VECTOR('',#3805,0.65);
#1029=VECTOR('',#3806,0.65);
#1030=VECTOR('',#3807,0.65);
#1031=VECTOR('',#3808,0.65);
#1032=VECTOR('',#3809,0.65);
#1033=VECTOR('',#3810,0.65);
#1034=VECTOR('',#3811,0.65);
#1035=VECTOR('',#3812,0.65);
#1036=VECTOR('',#3813,0.65);
#1037=VECTOR('',#3816,0.254);
#1038=VECTOR('',#3817,2.286);
#1039=VECTOR('',#3818,2.54);
#1040=VECTOR('',#3821,0.254);
#1041=VECTOR('',#3822,2.54);
#1042=VECTOR('',#3825,2.032);
#1043=VECTOR('',#3826,2.54);
#1044=VECTOR('',#3827,2.032);
#1045=VECTOR('',#3828,0.65);
#1046=VECTOR('',#3829,0.65);
#1047=VECTOR('',#3830,0.65);
#1048=VECTOR('',#3831,0.65);
#1049=VECTOR('',#3834,2.286);
#1050=VECTOR('',#3835,2.286);
#1051=VECTOR('',#3838,0.254);
#1052=VECTOR('',#3839,2.54);
#1053=VECTOR('',#3842,0.254);
#1054=VECTOR('',#3845,2.54);
#1055=VECTOR('',#3846,2.286);
#1056=VECTOR('',#3851,0.254);
#1057=VECTOR('',#3852,2.286);
#1058=VECTOR('',#3855,0.254);
#1059=VECTOR('',#3856,2.54);
#1060=VECTOR('',#3859,2.032);
#1061=VECTOR('',#3860,2.54);
#1062=VECTOR('',#3861,2.032);
#1063=VECTOR('',#3862,0.65);
#1064=VECTOR('',#3863,0.65);
#1065=VECTOR('',#3864,0.65);
#1066=VECTOR('',#3865,0.65);
#1067=VECTOR('',#3868,2.286);
#1068=VECTOR('',#3869,2.286);
#1069=VECTOR('',#3872,0.254);
#1070=VECTOR('',#3873,2.54);
#1071=VECTOR('',#3876,0.254);
#1072=VECTOR('',#3879,2.54);
#1073=VECTOR('',#3880,2.286);
#1074=VECTOR('',#3885,0.254);
#1075=VECTOR('',#3888,0.254);
#1076=VECTOR('',#3895,0.65);
#1077=VECTOR('',#3896,5.95);
#1078=VECTOR('',#3897,5.95);
#1079=VECTOR('',#3900,0.65);
#1080=VECTOR('',#3901,2.902);
#1081=VECTOR('',#3902,2.902);
#1082=VECTOR('',#3905,0.489897948556604);
#1083=VECTOR('',#3906,0.25);
#1084=VECTOR('',#3907,0.489897948556604);
#1085=VECTOR('',#3910,0.65);
#1086=VECTOR('',#3911,0.25);
#1087=VECTOR('',#3912,0.489897948556604);
#1088=VECTOR('',#3915,5.95);
#1089=VECTOR('',#3918,0.65);
#1090=VECTOR('',#3919,2.902);
#1091=VECTOR('',#3922,0.65);
#1092=VECTOR('',#3923,5.95);
#1093=VECTOR('',#3926,0.65);
#1094=VECTOR('',#3927,2.902);
#1095=VECTOR('',#3930,0.25);
#1096=VECTOR('',#3931,0.489897948556604);
#1097=VECTOR('',#3934,0.25);
#1098=VECTOR('',#3937,0.65);
#1099=VECTOR('',#3942,0.65);
#1100=VECTOR('',#3945,0.489897948556604);
#1101=VECTOR('',#3946,0.25);
#1102=VECTOR('',#3947,0.489897948556604);
#1103=VECTOR('',#3950,0.25);
#1104=VECTOR('',#3951,0.489897948556604);
#1105=VECTOR('',#3954,0.25);
#1106=VECTOR('',#3955,0.25);
#1107=VECTOR('',#3958,0.489897948556604);
#1108=VECTOR('',#3963,2.54);
#1109=VECTOR('',#3966,0.254);
#1110=VECTOR('',#3967,2.286);
#1111=VECTOR('',#3970,0.254);
#1112=VECTOR('',#3971,2.54);
#1113=VECTOR('',#3974,2.032);
#1114=VECTOR('',#3975,2.032);
#1115=VECTOR('',#3976,2.54);
#1116=VECTOR('',#3977,0.65);
#1117=VECTOR('',#3978,0.65);
#1118=VECTOR('',#3979,0.65);
#1119=VECTOR('',#3980,0.65);
#1120=VECTOR('',#3983,2.286);
#1121=VECTOR('',#3986,0.254);
#1122=VECTOR('',#3987,2.54);
#1123=VECTOR('',#3990,0.254);
#1124=VECTOR('',#3993,2.286);
#1125=VECTOR('',#3994,2.54);
#1126=VECTOR('',#3999,2.286);
#1127=VECTOR('',#4004,0.65);
#1128=VECTOR('',#4005,5.95);
#1129=VECTOR('',#4006,5.95);
#1130=VECTOR('',#4009,0.65);
#1131=VECTOR('',#4010,2.902);
#1132=VECTOR('',#4011,2.902);
#1133=VECTOR('',#4014,0.489897948556604);
#1134=VECTOR('',#4015,0.25);
#1135=VECTOR('',#4016,0.489897948556604);
#1136=VECTOR('',#4019,0.65);
#1137=VECTOR('',#4020,0.25);
#1138=VECTOR('',#4021,0.489897948556604);
#1139=VECTOR('',#4024,5.95);
#1140=VECTOR('',#4027,0.65);
#1141=VECTOR('',#4028,2.902);
#1142=VECTOR('',#4031,0.65);
#1143=VECTOR('',#4032,5.95);
#1144=VECTOR('',#4035,0.65);
#1145=VECTOR('',#4036,2.902);
#1146=VECTOR('',#4039,0.25);
#1147=VECTOR('',#4040,0.489897948556604);
#1148=VECTOR('',#4043,0.25);
#1149=VECTOR('',#4046,0.65);
#1150=VECTOR('',#4051,0.65);
#1151=VECTOR('',#4054,0.489897948556604);
#1152=VECTOR('',#4055,0.25);
#1153=VECTOR('',#4056,0.489897948556604);
#1154=VECTOR('',#4059,0.25);
#1155=VECTOR('',#4060,0.489897948556604);
#1156=VECTOR('',#4063,0.25);
#1157=VECTOR('',#4064,0.25);
#1158=VECTOR('',#4067,0.489897948556604);
#1159=VECTOR('',#4072,0.65);
#1160=VECTOR('',#4073,5.95);
#1161=VECTOR('',#4074,5.95);
#1162=VECTOR('',#4077,0.65);
#1163=VECTOR('',#4078,2.902);
#1164=VECTOR('',#4079,2.902);
#1165=VECTOR('',#4082,0.489897948556604);
#1166=VECTOR('',#4083,0.25);
#1167=VECTOR('',#4084,0.489897948556604);
#1168=VECTOR('',#4087,0.65);
#1169=VECTOR('',#4088,0.25);
#1170=VECTOR('',#4089,0.489897948556604);
#1171=VECTOR('',#4092,5.95);
#1172=VECTOR('',#4095,0.65);
#1173=VECTOR('',#4096,2.902);
#1174=VECTOR('',#4099,0.65);
#1175=VECTOR('',#4100,5.95);
#1176=VECTOR('',#4103,0.65);
#1177=VECTOR('',#4104,2.902);
#1178=VECTOR('',#4107,0.25);
#1179=VECTOR('',#4108,0.489897948556604);
#1180=VECTOR('',#4111,0.25);
#1181=VECTOR('',#4114,0.65);
#1182=VECTOR('',#4119,0.65);
#1183=VECTOR('',#4122,0.489897948556604);
#1184=VECTOR('',#4123,0.25);
#1185=VECTOR('',#4124,0.489897948556604);
#1186=VECTOR('',#4127,0.25);
#1187=VECTOR('',#4128,0.489897948556604);
#1188=VECTOR('',#4131,0.25);
#1189=VECTOR('',#4132,0.25);
#1190=VECTOR('',#4135,0.489897948556604);
#1191=VECTOR('',#4140,0.65);
#1192=VECTOR('',#4141,5.95);
#1193=VECTOR('',#4142,5.95);
#1194=VECTOR('',#4145,0.65);
#1195=VECTOR('',#4146,2.902);
#1196=VECTOR('',#4147,2.902);
#1197=VECTOR('',#4150,0.489897948556604);
#1198=VECTOR('',#4151,0.25);
#1199=VECTOR('',#4152,0.489897948556604);
#1200=VECTOR('',#4155,0.65);
#1201=VECTOR('',#4156,0.25);
#1202=VECTOR('',#4157,0.489897948556604);
#1203=VECTOR('',#4160,5.95);
#1204=VECTOR('',#4163,0.65);
#1205=VECTOR('',#4164,2.902);
#1206=VECTOR('',#4167,0.65);
#1207=VECTOR('',#4168,5.95);
#1208=VECTOR('',#4171,0.65);
#1209=VECTOR('',#4172,2.902);
#1210=VECTOR('',#4175,0.25);
#1211=VECTOR('',#4176,0.489897948556604);
#1212=VECTOR('',#4179,0.25);
#1213=VECTOR('',#4182,0.65);
#1214=VECTOR('',#4187,0.65);
#1215=VECTOR('',#4190,0.489897948556604);
#1216=VECTOR('',#4191,0.25);
#1217=VECTOR('',#4192,0.489897948556604);
#1218=VECTOR('',#4195,0.25);
#1219=VECTOR('',#4196,0.489897948556604);
#1220=VECTOR('',#4199,0.25);
#1221=VECTOR('',#4200,0.25);
#1222=VECTOR('',#4203,0.489897948556604);
#1223=VECTOR('',#4210,10.);
#1224=VECTOR('',#4211,10.);
#1225=VECTOR('',#4212,10.);
#1226=VECTOR('',#4213,10.);
#1227=VECTOR('',#4216,10.);
#1228=VECTOR('',#4217,10.);
#1229=VECTOR('',#4218,10.);
#1230=VECTOR('',#4221,10.);
#1231=VECTOR('',#4222,10.);
#1232=VECTOR('',#4223,10.);
#1233=VECTOR('',#4226,10.);
#1234=VECTOR('',#4227,10.);
#1235=VECTOR('',#4238,1.04330124607465);
#1236=VECTOR('',#4239,1.04330124607465);
#1237=VECTOR('',#4240,1.04330124607465);
#1238=VECTOR('',#4241,1.04330124607465);
#1239=VECTOR('',#4244,10.);
#1240=VECTOR('',#4245,10.);
#1241=VECTOR('',#4246,10.);
#1242=VECTOR('',#4247,10.);
#1243=VECTOR('',#4250,10.);
#1244=VECTOR('',#4251,10.);
#1245=VECTOR('',#4252,10.);
#1246=VECTOR('',#4255,10.);
#1247=VECTOR('',#4256,10.);
#1248=VECTOR('',#4257,10.);
#1249=VECTOR('',#4260,10.);
#1250=VECTOR('',#4261,10.);
#1251=VECTOR('',#4272,1.04330124607465);
#1252=VECTOR('',#4273,1.04330124607465);
#1253=VECTOR('',#4274,1.04330124607465);
#1254=VECTOR('',#4275,1.04330124607465);
#1255=VECTOR('',#4278,10.);
#1256=VECTOR('',#4279,10.);
#1257=VECTOR('',#4280,10.);
#1258=VECTOR('',#4281,10.);
#1259=VECTOR('',#4284,10.);
#1260=VECTOR('',#4285,10.);
#1261=VECTOR('',#4286,10.);
#1262=VECTOR('',#4289,10.);
#1263=VECTOR('',#4290,10.);
#1264=VECTOR('',#4291,10.);
#1265=VECTOR('',#4294,10.);
#1266=VECTOR('',#4295,10.);
#1267=VECTOR('',#4306,1.04330124607465);
#1268=VECTOR('',#4307,1.04330124607465);
#1269=VECTOR('',#4308,1.04330124607465);
#1270=VECTOR('',#4309,1.04330124607465);
#1271=VECTOR('',#4312,10.);
#1272=VECTOR('',#4313,10.);
#1273=VECTOR('',#4314,10.);
#1274=VECTOR('',#4315,10.);
#1275=VECTOR('',#4318,10.);
#1276=VECTOR('',#4319,10.);
#1277=VECTOR('',#4320,10.);
#1278=VECTOR('',#4323,10.);
#1279=VECTOR('',#4324,10.);
#1280=VECTOR('',#4325,10.);
#1281=VECTOR('',#4328,10.);
#1282=VECTOR('',#4329,10.);
#1283=VECTOR('',#4340,1.04330124607465);
#1284=VECTOR('',#4341,1.04330124607465);
#1285=VECTOR('',#4342,1.04330124607465);
#1286=VECTOR('',#4343,1.04330124607465);
#1287=VECTOR('',#4346,10.);
#1288=VECTOR('',#4347,10.);
#1289=VECTOR('',#4348,10.);
#1290=VECTOR('',#4349,10.);
#1291=VECTOR('',#4352,10.);
#1292=VECTOR('',#4353,10.);
#1293=VECTOR('',#4354,10.);
#1294=VECTOR('',#4357,10.);
#1295=VECTOR('',#4358,10.);
#1296=VECTOR('',#4359,10.);
#1297=VECTOR('',#4362,10.);
#1298=VECTOR('',#4363,10.);
#1299=VECTOR('',#4366,10.);
#1300=VECTOR('',#4367,10.);
#1301=VECTOR('',#4368,10.);
#1302=VECTOR('',#4369,10.);
#1303=VECTOR('',#4372,10.);
#1304=VECTOR('',#4373,10.);
#1305=VECTOR('',#4374,10.);
#1306=VECTOR('',#4377,10.);
#1307=VECTOR('',#4378,10.);
#1308=VECTOR('',#4379,10.);
#1309=VECTOR('',#4382,10.);
#1310=VECTOR('',#4383,10.);
#1311=VECTOR('',#4386,10.);
#1312=VECTOR('',#4387,10.);
#1313=VECTOR('',#4388,10.);
#1314=VECTOR('',#4389,10.);
#1315=VECTOR('',#4392,10.);
#1316=VECTOR('',#4393,10.);
#1317=VECTOR('',#4394,10.);
#1318=VECTOR('',#4397,10.);
#1319=VECTOR('',#4398,10.);
#1320=VECTOR('',#4399,10.);
#1321=VECTOR('',#4402,10.);
#1322=VECTOR('',#4403,10.);
#1323=VECTOR('',#4406,10.);
#1324=VECTOR('',#4407,10.);
#1325=VECTOR('',#4408,10.);
#1326=VECTOR('',#4409,10.);
#1327=VECTOR('',#4412,10.);
#1328=VECTOR('',#4413,10.);
#1329=VECTOR('',#4414,10.);
#1330=VECTOR('',#4417,10.);
#1331=VECTOR('',#4418,10.);
#1332=VECTOR('',#4419,10.);
#1333=VECTOR('',#4422,10.);
#1334=VECTOR('',#4423,10.);
#1335=VECTOR('',#4426,10.);
#1336=VECTOR('',#4427,10.);
#1337=VECTOR('',#4428,10.);
#1338=VECTOR('',#4429,10.);
#1339=VECTOR('',#4432,10.);
#1340=VECTOR('',#4433,10.);
#1341=VECTOR('',#4434,10.);
#1342=VECTOR('',#4437,10.);
#1343=VECTOR('',#4438,10.);
#1344=VECTOR('',#4439,10.);
#1345=VECTOR('',#4442,10.);
#1346=VECTOR('',#4443,10.);
#1347=VECTOR('',#4448,10.);
#1348=VECTOR('',#4449,10.);
#1349=VECTOR('',#4450,10.);
#1350=VECTOR('',#4451,10.);
#1351=VECTOR('',#4454,10.);
#1352=VECTOR('',#4455,10.);
#1353=VECTOR('',#4456,10.);
#1354=VECTOR('',#4459,10.);
#1355=VECTOR('',#4460,10.);
#1356=VECTOR('',#4461,10.);
#1357=VECTOR('',#4464,10.);
#1358=VECTOR('',#4465,10.);
#1359=VECTOR('',#4472,1.5);
#1360=VECTOR('',#4477,10.);
#1361=VECTOR('',#4478,10.);
#1362=VECTOR('',#4479,10.);
#1363=VECTOR('',#4480,10.);
#1364=VECTOR('',#4483,10.);
#1365=VECTOR('',#4484,10.);
#1366=VECTOR('',#4485,10.);
#1367=VECTOR('',#4488,10.);
#1368=VECTOR('',#4489,10.);
#1369=VECTOR('',#4490,10.);
#1370=VECTOR('',#4491,10.);
#1371=VECTOR('',#4492,10.);
#1372=VECTOR('',#4493,10.);
#1373=VECTOR('',#4502,1.5);
#1374=VECTOR('',#4507,10.);
#1375=VECTOR('',#4508,10.);
#1376=VECTOR('',#4509,10.);
#1377=VECTOR('',#4512,10.);
#1378=VECTOR('',#4513,10.);
#1379=VECTOR('',#4516,1.5);
#1380=VECTOR('',#4521,1.5);
#1381=VECTOR('',#4526,10.);
#1382=VECTOR('',#4527,10.);
#1383=VECTOR('',#4530,10.);
#1384=VECTOR('',#4533,10.);
#1385=VECTOR('',#4534,10.);
#1386=VECTOR('',#4537,10.);
#1387=VERTEX_POINT('',#4547);
#1388=VERTEX_POINT('',#4548);
#1389=VERTEX_POINT('',#4550);
#1390=VERTEX_POINT('',#4552);
#1391=VERTEX_POINT('',#4556);
#1392=VERTEX_POINT('',#4557);
#1393=VERTEX_POINT('',#4559);
#1394=VERTEX_POINT('',#4561);
#1395=VERTEX_POINT('',#4563);
#1396=VERTEX_POINT('',#4565);
#1397=VERTEX_POINT('',#4569);
#1398=VERTEX_POINT('',#4570);
#1399=VERTEX_POINT('',#4572);
#1400=VERTEX_POINT('',#4574);
#1401=VERTEX_POINT('',#4576);
#1402=VERTEX_POINT('',#4578);
#1403=VERTEX_POINT('',#4582);
#1404=VERTEX_POINT('',#4583);
#1405=VERTEX_POINT('',#4585);
#1406=VERTEX_POINT('',#4587);
#1407=VERTEX_POINT('',#4589);
#1408=VERTEX_POINT('',#4591);
#1409=VERTEX_POINT('',#4595);
#1410=VERTEX_POINT('',#4596);
#1411=VERTEX_POINT('',#4598);
#1412=VERTEX_POINT('',#4600);
#1413=VERTEX_POINT('',#4604);
#1414=VERTEX_POINT('',#4606);
#1415=VERTEX_POINT('',#4610);
#1416=VERTEX_POINT('',#4612);
#1417=VERTEX_POINT('',#4616);
#1418=VERTEX_POINT('',#4620);
#1419=VERTEX_POINT('',#4624);
#1420=VERTEX_POINT('',#4626);
#1421=VERTEX_POINT('',#4630);
#1422=VERTEX_POINT('',#4633);
#1423=VERTEX_POINT('',#4634);
#1424=VERTEX_POINT('',#4636);
#1425=VERTEX_POINT('',#4638);
#1426=VERTEX_POINT('',#4642);
#1427=VERTEX_POINT('',#4646);
#1428=VERTEX_POINT('',#4647);
#1429=VERTEX_POINT('',#4649);
#1430=VERTEX_POINT('',#4651);
#1431=VERTEX_POINT('',#4653);
#1432=VERTEX_POINT('',#4655);
#1433=VERTEX_POINT('',#4657);
#1434=VERTEX_POINT('',#4660);
#1435=VERTEX_POINT('',#4662);
#1436=VERTEX_POINT('',#4664);
#1437=VERTEX_POINT('',#4666);
#1438=VERTEX_POINT('',#4668);
#1439=VERTEX_POINT('',#4670);
#1440=VERTEX_POINT('',#4672);
#1441=VERTEX_POINT('',#4674);
#1442=VERTEX_POINT('',#4676);
#1443=VERTEX_POINT('',#4678);
#1444=VERTEX_POINT('',#4680);
#1445=VERTEX_POINT('',#4682);
#1446=VERTEX_POINT('',#4684);
#1447=VERTEX_POINT('',#4687);
#1448=VERTEX_POINT('',#4688);
#1449=VERTEX_POINT('',#4690);
#1450=VERTEX_POINT('',#4692);
#1451=VERTEX_POINT('',#4695);
#1452=VERTEX_POINT('',#4696);
#1453=VERTEX_POINT('',#4698);
#1454=VERTEX_POINT('',#4700);
#1455=VERTEX_POINT('',#4703);
#1456=VERTEX_POINT('',#4704);
#1457=VERTEX_POINT('',#4706);
#1458=VERTEX_POINT('',#4708);
#1459=VERTEX_POINT('',#4711);
#1460=VERTEX_POINT('',#4712);
#1461=VERTEX_POINT('',#4714);
#1462=VERTEX_POINT('',#4716);
#1463=VERTEX_POINT('',#4720);
#1464=VERTEX_POINT('',#4725);
#1465=VERTEX_POINT('',#4729);
#1466=VERTEX_POINT('',#4731);
#1467=VERTEX_POINT('',#4734);
#1468=VERTEX_POINT('',#4735);
#1469=VERTEX_POINT('',#4737);
#1470=VERTEX_POINT('',#4739);
#1471=VERTEX_POINT('',#4755);
#1472=VERTEX_POINT('',#4759);
#1473=VERTEX_POINT('',#4763);
#1474=VERTEX_POINT('',#4765);
#1475=VERTEX_POINT('',#4768);
#1476=VERTEX_POINT('',#4769);
#1477=VERTEX_POINT('',#4771);
#1478=VERTEX_POINT('',#4773);
#1479=VERTEX_POINT('',#4795);
#1480=VERTEX_POINT('',#4796);
#1481=VERTEX_POINT('',#4801);
#1482=VERTEX_POINT('',#4802);
#1483=VERTEX_POINT('',#4807);
#1484=VERTEX_POINT('',#4809);
#1485=VERTEX_POINT('',#4813);
#1486=VERTEX_POINT('',#4815);
#1487=VERTEX_POINT('',#4821);
#1488=VERTEX_POINT('',#4825);
#1489=VERTEX_POINT('',#4829);
#1490=VERTEX_POINT('',#4833);
#1491=VERTEX_POINT('',#4844);
#1492=VERTEX_POINT('',#4846);
#1493=VERTEX_POINT('',#4850);
#1494=VERTEX_POINT('',#4854);
#1495=VERTEX_POINT('',#4863);
#1496=VERTEX_POINT('',#4867);
#1497=VERTEX_POINT('',#4871);
#1498=VERTEX_POINT('',#4873);
#1499=VERTEX_POINT('',#4876);
#1500=VERTEX_POINT('',#4877);
#1501=VERTEX_POINT('',#4879);
#1502=VERTEX_POINT('',#4881);
#1503=VERTEX_POINT('',#4899);
#1504=VERTEX_POINT('',#4900);
#1505=VERTEX_POINT('',#4905);
#1506=VERTEX_POINT('',#4906);
#1507=VERTEX_POINT('',#4911);
#1508=VERTEX_POINT('',#4913);
#1509=VERTEX_POINT('',#4917);
#1510=VERTEX_POINT('',#4919);
#1511=VERTEX_POINT('',#4925);
#1512=VERTEX_POINT('',#4929);
#1513=VERTEX_POINT('',#4933);
#1514=VERTEX_POINT('',#4937);
#1515=VERTEX_POINT('',#4948);
#1516=VERTEX_POINT('',#4950);
#1517=VERTEX_POINT('',#4954);
#1518=VERTEX_POINT('',#4958);
#1519=VERTEX_POINT('',#4965);
#1520=VERTEX_POINT('',#4966);
#1521=VERTEX_POINT('',#4971);
#1522=VERTEX_POINT('',#4972);
#1523=VERTEX_POINT('',#4977);
#1524=VERTEX_POINT('',#4979);
#1525=VERTEX_POINT('',#4983);
#1526=VERTEX_POINT('',#4985);
#1527=VERTEX_POINT('',#4991);
#1528=VERTEX_POINT('',#4995);
#1529=VERTEX_POINT('',#4999);
#1530=VERTEX_POINT('',#5003);
#1531=VERTEX_POINT('',#5014);
#1532=VERTEX_POINT('',#5016);
#1533=VERTEX_POINT('',#5020);
#1534=VERTEX_POINT('',#5024);
#1535=VERTEX_POINT('',#5031);
#1536=VERTEX_POINT('',#5032);
#1537=VERTEX_POINT('',#5037);
#1538=VERTEX_POINT('',#5038);
#1539=VERTEX_POINT('',#5043);
#1540=VERTEX_POINT('',#5045);
#1541=VERTEX_POINT('',#5049);
#1542=VERTEX_POINT('',#5051);
#1543=VERTEX_POINT('',#5057);
#1544=VERTEX_POINT('',#5061);
#1545=VERTEX_POINT('',#5065);
#1546=VERTEX_POINT('',#5069);
#1547=VERTEX_POINT('',#5080);
#1548=VERTEX_POINT('',#5082);
#1549=VERTEX_POINT('',#5086);
#1550=VERTEX_POINT('',#5090);
#1551=VERTEX_POINT('',#5098);
#1552=VERTEX_POINT('',#5099);
#1553=VERTEX_POINT('',#5101);
#1554=VERTEX_POINT('',#5103);
#1555=VERTEX_POINT('',#5107);
#1556=VERTEX_POINT('',#5109);
#1557=VERTEX_POINT('',#5113);
#1558=VERTEX_POINT('',#5115);
#1559=VERTEX_POINT('',#5122);
#1560=VERTEX_POINT('',#5123);
#1561=VERTEX_POINT('',#5125);
#1562=VERTEX_POINT('',#5127);
#1563=VERTEX_POINT('',#5215);
#1564=VERTEX_POINT('',#5216);
#1565=VERTEX_POINT('',#5218);
#1566=VERTEX_POINT('',#5220);
#1567=VERTEX_POINT('',#5224);
#1568=VERTEX_POINT('',#5226);
#1569=VERTEX_POINT('',#5230);
#1570=VERTEX_POINT('',#5232);
#1571=VERTEX_POINT('',#5239);
#1572=VERTEX_POINT('',#5240);
#1573=VERTEX_POINT('',#5242);
#1574=VERTEX_POINT('',#5244);
#1575=VERTEX_POINT('',#5332);
#1576=VERTEX_POINT('',#5333);
#1577=VERTEX_POINT('',#5335);
#1578=VERTEX_POINT('',#5337);
#1579=VERTEX_POINT('',#5341);
#1580=VERTEX_POINT('',#5343);
#1581=VERTEX_POINT('',#5347);
#1582=VERTEX_POINT('',#5349);
#1583=VERTEX_POINT('',#5356);
#1584=VERTEX_POINT('',#5357);
#1585=VERTEX_POINT('',#5359);
#1586=VERTEX_POINT('',#5361);
#1587=VERTEX_POINT('',#5449);
#1588=VERTEX_POINT('',#5450);
#1589=VERTEX_POINT('',#5452);
#1590=VERTEX_POINT('',#5454);
#1591=VERTEX_POINT('',#5458);
#1592=VERTEX_POINT('',#5460);
#1593=VERTEX_POINT('',#5464);
#1594=VERTEX_POINT('',#5466);
#1595=VERTEX_POINT('',#5473);
#1596=VERTEX_POINT('',#5474);
#1597=VERTEX_POINT('',#5476);
#1598=VERTEX_POINT('',#5478);
#1599=VERTEX_POINT('',#5566);
#1600=VERTEX_POINT('',#5567);
#1601=VERTEX_POINT('',#5569);
#1602=VERTEX_POINT('',#5571);
#1603=VERTEX_POINT('',#5575);
#1604=VERTEX_POINT('',#5577);
#1605=VERTEX_POINT('',#5581);
#1606=VERTEX_POINT('',#5583);
#1607=VERTEX_POINT('',#5590);
#1608=VERTEX_POINT('',#5591);
#1609=VERTEX_POINT('',#5593);
#1610=VERTEX_POINT('',#5595);
#1611=VERTEX_POINT('',#5599);
#1612=VERTEX_POINT('',#5601);
#1613=VERTEX_POINT('',#5605);
#1614=VERTEX_POINT('',#5607);
#1615=VERTEX_POINT('',#5614);
#1616=VERTEX_POINT('',#5615);
#1617=VERTEX_POINT('',#5617);
#1618=VERTEX_POINT('',#5619);
#1619=VERTEX_POINT('',#5623);
#1620=VERTEX_POINT('',#5625);
#1621=VERTEX_POINT('',#5629);
#1622=VERTEX_POINT('',#5631);
#1623=VERTEX_POINT('',#5638);
#1624=VERTEX_POINT('',#5639);
#1625=VERTEX_POINT('',#5641);
#1626=VERTEX_POINT('',#5643);
#1627=VERTEX_POINT('',#5647);
#1628=VERTEX_POINT('',#5649);
#1629=VERTEX_POINT('',#5653);
#1630=VERTEX_POINT('',#5655);
#1631=VERTEX_POINT('',#5662);
#1632=VERTEX_POINT('',#5663);
#1633=VERTEX_POINT('',#5665);
#1634=VERTEX_POINT('',#5667);
#1635=VERTEX_POINT('',#5671);
#1636=VERTEX_POINT('',#5673);
#1637=VERTEX_POINT('',#5677);
#1638=VERTEX_POINT('',#5679);
#1639=VERTEX_POINT('',#5687);
#1640=VERTEX_POINT('',#5688);
#1641=VERTEX_POINT('',#5690);
#1642=VERTEX_POINT('',#5692);
#1643=VERTEX_POINT('',#5696);
#1644=VERTEX_POINT('',#5698);
#1645=VERTEX_POINT('',#5702);
#1646=VERTEX_POINT('',#5704);
#1647=VERTEX_POINT('',#5712);
#1648=VERTEX_POINT('',#5714);
#1649=VERTEX_POINT('',#5718);
#1650=VERTEX_POINT('',#5719);
#1651=VERTEX_POINT('',#5721);
#1652=VERTEX_POINT('',#5723);
#1653=VERTEX_POINT('',#5727);
#1654=VERTEX_POINT('',#5729);
#1655=VERTEX_POINT('',#5733);
#1656=VERTEX_POINT('',#5735);
#1657=VERTEX_POINT('',#5737);
#1658=VERTEX_POINT('',#5739);
#1659=VERTEX_POINT('',#5741);
#1660=VERTEX_POINT('',#5744);
#1661=VERTEX_POINT('',#5746);
#1662=VERTEX_POINT('',#5748);
#1663=VERTEX_POINT('',#5751);
#1664=VERTEX_POINT('',#5755);
#1665=VERTEX_POINT('',#5757);
#1666=VERTEX_POINT('',#5761);
#1667=VERTEX_POINT('',#5765);
#1668=VERTEX_POINT('',#5769);
#1669=VERTEX_POINT('',#5773);
#1670=VERTEX_POINT('',#5779);
#1671=EDGE_CURVE('',#1387,#1388,#519,.T.);
#1672=EDGE_CURVE('',#1389,#1387,#520,.T.);
#1673=EDGE_CURVE('',#1390,#1389,#521,.T.);
#1674=EDGE_CURVE('',#1388,#1390,#522,.T.);
#1675=EDGE_CURVE('',#1391,#1392,#523,.T.);
#1676=EDGE_CURVE('',#1393,#1391,#524,.T.);
#1677=EDGE_CURVE('',#1394,#1393,#525,.T.);
#1678=EDGE_CURVE('',#1394,#1395,#526,.T.);
#1679=EDGE_CURVE('',#1396,#1395,#527,.T.);
#1680=EDGE_CURVE('',#1392,#1396,#528,.T.);
#1681=EDGE_CURVE('',#1397,#1398,#529,.T.);
#1682=EDGE_CURVE('',#1399,#1397,#530,.T.);
#1683=EDGE_CURVE('',#1400,#1399,#531,.T.);
#1684=EDGE_CURVE('',#1400,#1401,#532,.T.);
#1685=EDGE_CURVE('',#1402,#1401,#533,.T.);
#1686=EDGE_CURVE('',#1398,#1402,#534,.T.);
#1687=EDGE_CURVE('',#1403,#1404,#535,.T.);
#1688=EDGE_CURVE('',#1405,#1403,#536,.T.);
#1689=EDGE_CURVE('',#1406,#1405,#537,.T.);
#1690=EDGE_CURVE('',#1406,#1407,#538,.T.);
#1691=EDGE_CURVE('',#1408,#1407,#539,.T.);
#1692=EDGE_CURVE('',#1404,#1408,#540,.T.);
#1693=EDGE_CURVE('',#1409,#1410,#541,.T.);
#1694=EDGE_CURVE('',#1411,#1410,#542,.T.);
#1695=EDGE_CURVE('',#1412,#1411,#543,.T.);
#1696=EDGE_CURVE('',#1409,#1412,#544,.T.);
#1697=EDGE_CURVE('',#1388,#1413,#545,.T.);
#1698=EDGE_CURVE('',#1414,#1413,#546,.T.);
#1699=EDGE_CURVE('',#1387,#1414,#547,.T.);
#1700=EDGE_CURVE('',#1414,#1415,#548,.T.);
#1701=EDGE_CURVE('',#1416,#1415,#549,.T.);
#1702=EDGE_CURVE('',#1389,#1416,#550,.T.);
#1703=EDGE_CURVE('',#1417,#1416,#551,.T.);
#1704=EDGE_CURVE('',#1390,#1417,#552,.T.);
#1705=EDGE_CURVE('',#1418,#1417,#553,.T.);
#1706=EDGE_CURVE('',#1413,#1418,#554,.T.);
#1707=EDGE_CURVE('',#1419,#1413,#555,.T.);
#1708=EDGE_CURVE('',#1420,#1418,#556,.T.);
#1709=EDGE_CURVE('',#1419,#1420,#557,.T.);
#1710=EDGE_CURVE('',#1414,#1421,#558,.T.);
#1711=EDGE_CURVE('',#1421,#1419,#559,.T.);
#1712=EDGE_CURVE('',#1422,#1423,#560,.T.);
#1713=EDGE_CURVE('',#1422,#1424,#561,.T.);
#1714=EDGE_CURVE('',#1424,#1425,#562,.T.);
#1715=EDGE_CURVE('',#1423,#1425,#563,.T.);
#1716=EDGE_CURVE('',#1421,#1426,#564,.T.);
#1717=EDGE_CURVE('',#1415,#1426,#565,.T.);
#1718=EDGE_CURVE('',#1427,#1428,#566,.T.);
#1719=EDGE_CURVE('',#1428,#1429,#567,.T.);
#1720=EDGE_CURVE('',#1429,#1430,#568,.T.);
#1721=EDGE_CURVE('',#1430,#1431,#569,.T.);
#1722=EDGE_CURVE('',#1431,#1432,#570,.T.);
#1723=EDGE_CURVE('',#1432,#1433,#571,.T.);
#1724=EDGE_CURVE('',#1433,#1420,#572,.T.);
#1725=EDGE_CURVE('',#1426,#1434,#573,.T.);
#1726=EDGE_CURVE('',#1434,#1435,#574,.T.);
#1727=EDGE_CURVE('',#1435,#1436,#575,.T.);
#1728=EDGE_CURVE('',#1436,#1437,#576,.T.);
#1729=EDGE_CURVE('',#1437,#1438,#577,.T.);
#1730=EDGE_CURVE('',#1438,#1439,#578,.T.);
#1731=EDGE_CURVE('',#1439,#1440,#579,.T.);
#1732=EDGE_CURVE('',#1440,#1441,#580,.T.);
#1733=EDGE_CURVE('',#1441,#1442,#581,.T.);
#1734=EDGE_CURVE('',#1442,#1443,#582,.T.);
#1735=EDGE_CURVE('',#1443,#1444,#583,.T.);
#1736=EDGE_CURVE('',#1444,#1445,#584,.T.);
#1737=EDGE_CURVE('',#1445,#1446,#585,.T.);
#1738=EDGE_CURVE('',#1446,#1427,#586,.T.);
#1739=EDGE_CURVE('',#1447,#1448,#587,.T.);
#1740=EDGE_CURVE('',#1448,#1449,#588,.T.);
#1741=EDGE_CURVE('',#1450,#1449,#589,.T.);
#1742=EDGE_CURVE('',#1447,#1450,#590,.T.);
#1743=EDGE_CURVE('',#1451,#1452,#591,.T.);
#1744=EDGE_CURVE('',#1452,#1453,#592,.T.);
#1745=EDGE_CURVE('',#1454,#1453,#593,.T.);
#1746=EDGE_CURVE('',#1451,#1454,#594,.T.);
#1747=EDGE_CURVE('',#1455,#1456,#595,.T.);
#1748=EDGE_CURVE('',#1456,#1457,#596,.T.);
#1749=EDGE_CURVE('',#1458,#1457,#597,.T.);
#1750=EDGE_CURVE('',#1455,#1458,#598,.T.);
#1751=EDGE_CURVE('',#1459,#1460,#599,.T.);
#1752=EDGE_CURVE('',#1460,#1461,#600,.T.);
#1753=EDGE_CURVE('',#1462,#1461,#601,.T.);
#1754=EDGE_CURVE('',#1459,#1462,#602,.T.);
#1755=EDGE_CURVE('',#1407,#1463,#603,.T.);
#1756=EDGE_CURVE('',#1463,#1428,#604,.T.);
#1757=EDGE_CURVE('',#1408,#1427,#605,.T.);
#1758=EDGE_CURVE('',#1406,#1464,#606,.T.);
#1759=EDGE_CURVE('',#1464,#1463,#607,.T.);
#1760=EDGE_CURVE('',#1465,#1464,#608,.T.);
#1761=EDGE_CURVE('',#1465,#1466,#609,.T.);
#1762=EDGE_CURVE('',#1463,#1466,#610,.T.);
#1763=EDGE_CURVE('',#1467,#1468,#611,.T.);
#1764=EDGE_CURVE('',#1467,#1469,#612,.T.);
#1765=EDGE_CURVE('',#1469,#1470,#613,.T.);
#1766=EDGE_CURVE('',#1468,#1470,#614,.T.);
#1767=EDGE_CURVE('',#1464,#1439,#615,.T.);
#1768=EDGE_CURVE('',#1465,#1438,#616,.T.);
#1769=EDGE_CURVE('',#1397,#1465,#617,.T.);
#1770=EDGE_CURVE('',#1399,#1437,#618,.T.);
#1771=EDGE_CURVE('',#1398,#1466,#619,.T.);
#1772=EDGE_CURVE('',#1402,#1430,#620,.T.);
#1773=EDGE_CURVE('',#1466,#1429,#621,.T.);
#1774=EDGE_CURVE('',#1401,#1471,#622,.T.);
#1775=EDGE_CURVE('',#1471,#1431,#623,.T.);
#1776=EDGE_CURVE('',#1400,#1472,#624,.T.);
#1777=EDGE_CURVE('',#1472,#1471,#625,.T.);
#1778=EDGE_CURVE('',#1473,#1472,#626,.T.);
#1779=EDGE_CURVE('',#1473,#1474,#627,.T.);
#1780=EDGE_CURVE('',#1471,#1474,#628,.T.);
#1781=EDGE_CURVE('',#1475,#1476,#629,.T.);
#1782=EDGE_CURVE('',#1475,#1477,#630,.T.);
#1783=EDGE_CURVE('',#1477,#1478,#631,.T.);
#1784=EDGE_CURVE('',#1476,#1478,#632,.T.);
#1785=EDGE_CURVE('',#1472,#1436,#633,.T.);
#1786=EDGE_CURVE('',#1473,#1435,#634,.T.);
#1787=EDGE_CURVE('',#1391,#1473,#635,.T.);
#1788=EDGE_CURVE('',#1393,#1434,#636,.T.);
#1789=EDGE_CURVE('',#1392,#1474,#637,.T.);
#1790=EDGE_CURVE('',#1396,#1433,#638,.T.);
#1791=EDGE_CURVE('',#1474,#1432,#639,.T.);
#1792=EDGE_CURVE('',#1395,#1419,#640,.T.);
#1793=EDGE_CURVE('',#1394,#1421,#641,.T.);
#1794=EDGE_CURVE('',#1479,#1480,#642,.T.);
#1795=EDGE_CURVE('',#1452,#1480,#643,.T.);
#1796=EDGE_CURVE('',#1479,#1451,#644,.T.);
#1797=EDGE_CURVE('',#1481,#1482,#645,.T.);
#1798=EDGE_CURVE('',#1475,#1482,#646,.T.);
#1799=EDGE_CURVE('',#1481,#1476,#647,.T.);
#1800=EDGE_CURVE('',#1483,#1479,#648,.T.);
#1801=EDGE_CURVE('',#1483,#1484,#649,.T.);
#1802=EDGE_CURVE('',#1484,#1480,#650,.T.);
#1803=EDGE_CURVE('',#1485,#1480,#651,.T.);
#1804=EDGE_CURVE('',#1486,#1484,#652,.T.);
#1805=EDGE_CURVE('',#1486,#1485,#653,.T.);
#1806=EDGE_CURVE('',#1453,#1485,#654,.T.);
#1807=EDGE_CURVE('',#1487,#1481,#655,.T.);
#1808=EDGE_CURVE('',#1487,#1478,#656,.T.);
#1809=EDGE_CURVE('',#1485,#1488,#657,.T.);
#1810=EDGE_CURVE('',#1488,#1454,#658,.T.);
#1811=EDGE_CURVE('',#1489,#1487,#659,.T.);
#1812=EDGE_CURVE('',#1477,#1489,#660,.T.);
#1813=EDGE_CURVE('',#1486,#1490,#661,.T.);
#1814=EDGE_CURVE('',#1490,#1488,#662,.T.);
#1815=EDGE_CURVE('',#1490,#1483,#663,.T.);
#1816=EDGE_CURVE('',#1488,#1479,#664,.T.);
#1817=EDGE_CURVE('',#1489,#1482,#665,.T.);
#1818=EDGE_CURVE('',#1491,#1482,#666,.T.);
#1819=EDGE_CURVE('',#1492,#1491,#667,.T.);
#1820=EDGE_CURVE('',#1492,#1489,#668,.T.);
#1821=EDGE_CURVE('',#1492,#1493,#669,.T.);
#1822=EDGE_CURVE('',#1487,#1493,#670,.T.);
#1823=EDGE_CURVE('',#1493,#1494,#671,.T.);
#1824=EDGE_CURVE('',#1494,#1491,#672,.T.);
#1825=EDGE_CURVE('',#1494,#1481,#673,.T.);
#1826=EDGE_CURVE('',#1405,#1440,#674,.T.);
#1827=EDGE_CURVE('',#1403,#1495,#675,.T.);
#1828=EDGE_CURVE('',#1495,#1441,#676,.T.);
#1829=EDGE_CURVE('',#1404,#1496,#677,.T.);
#1830=EDGE_CURVE('',#1495,#1496,#678,.T.);
#1831=EDGE_CURVE('',#1495,#1497,#679,.T.);
#1832=EDGE_CURVE('',#1498,#1496,#680,.T.);
#1833=EDGE_CURVE('',#1497,#1498,#681,.T.);
#1834=EDGE_CURVE('',#1499,#1500,#682,.T.);
#1835=EDGE_CURVE('',#1499,#1501,#683,.T.);
#1836=EDGE_CURVE('',#1501,#1502,#684,.T.);
#1837=EDGE_CURVE('',#1500,#1502,#685,.T.);
#1838=EDGE_CURVE('',#1497,#1442,#686,.T.);
#1839=EDGE_CURVE('',#1409,#1497,#687,.T.);
#1840=EDGE_CURVE('',#1412,#1443,#688,.T.);
#1841=EDGE_CURVE('',#1410,#1498,#689,.T.);
#1842=EDGE_CURVE('',#1498,#1445,#690,.T.);
#1843=EDGE_CURVE('',#1411,#1444,#691,.T.);
#1844=EDGE_CURVE('',#1496,#1446,#692,.T.);
#1845=EDGE_CURVE('',#1503,#1504,#693,.T.);
#1846=EDGE_CURVE('',#1460,#1504,#694,.T.);
#1847=EDGE_CURVE('',#1503,#1459,#695,.T.);
#1848=EDGE_CURVE('',#1505,#1506,#696,.T.);
#1849=EDGE_CURVE('',#1499,#1506,#697,.T.);
#1850=EDGE_CURVE('',#1505,#1500,#698,.T.);
#1851=EDGE_CURVE('',#1507,#1503,#699,.T.);
#1852=EDGE_CURVE('',#1507,#1508,#700,.T.);
#1853=EDGE_CURVE('',#1508,#1504,#701,.T.);
#1854=EDGE_CURVE('',#1509,#1504,#702,.T.);
#1855=EDGE_CURVE('',#1510,#1508,#703,.T.);
#1856=EDGE_CURVE('',#1510,#1509,#704,.T.);
#1857=EDGE_CURVE('',#1461,#1509,#705,.T.);
#1858=EDGE_CURVE('',#1511,#1505,#706,.T.);
#1859=EDGE_CURVE('',#1511,#1502,#707,.T.);
#1860=EDGE_CURVE('',#1509,#1512,#708,.T.);
#1861=EDGE_CURVE('',#1512,#1462,#709,.T.);
#1862=EDGE_CURVE('',#1513,#1511,#710,.T.);
#1863=EDGE_CURVE('',#1501,#1513,#711,.T.);
#1864=EDGE_CURVE('',#1510,#1514,#712,.T.);
#1865=EDGE_CURVE('',#1514,#1512,#713,.T.);
#1866=EDGE_CURVE('',#1514,#1507,#714,.T.);
#1867=EDGE_CURVE('',#1512,#1503,#715,.T.);
#1868=EDGE_CURVE('',#1513,#1506,#716,.T.);
#1869=EDGE_CURVE('',#1515,#1506,#717,.T.);
#1870=EDGE_CURVE('',#1516,#1515,#718,.T.);
#1871=EDGE_CURVE('',#1516,#1513,#719,.T.);
#1872=EDGE_CURVE('',#1516,#1517,#720,.T.);
#1873=EDGE_CURVE('',#1511,#1517,#721,.T.);
#1874=EDGE_CURVE('',#1517,#1518,#722,.T.);
#1875=EDGE_CURVE('',#1518,#1515,#723,.T.);
#1876=EDGE_CURVE('',#1518,#1505,#724,.T.);
#1877=EDGE_CURVE('',#1519,#1520,#725,.T.);
#1878=EDGE_CURVE('',#1456,#1520,#726,.T.);
#1879=EDGE_CURVE('',#1519,#1455,#727,.T.);
#1880=EDGE_CURVE('',#1521,#1522,#728,.T.);
#1881=EDGE_CURVE('',#1467,#1522,#729,.T.);
#1882=EDGE_CURVE('',#1521,#1468,#730,.T.);
#1883=EDGE_CURVE('',#1523,#1519,#731,.T.);
#1884=EDGE_CURVE('',#1523,#1524,#732,.T.);
#1885=EDGE_CURVE('',#1524,#1520,#733,.T.);
#1886=EDGE_CURVE('',#1525,#1520,#734,.T.);
#1887=EDGE_CURVE('',#1526,#1524,#735,.T.);
#1888=EDGE_CURVE('',#1526,#1525,#736,.T.);
#1889=EDGE_CURVE('',#1457,#1525,#737,.T.);
#1890=EDGE_CURVE('',#1527,#1521,#738,.T.);
#1891=EDGE_CURVE('',#1527,#1470,#739,.T.);
#1892=EDGE_CURVE('',#1525,#1528,#740,.T.);
#1893=EDGE_CURVE('',#1528,#1458,#741,.T.);
#1894=EDGE_CURVE('',#1529,#1527,#742,.T.);
#1895=EDGE_CURVE('',#1469,#1529,#743,.T.);
#1896=EDGE_CURVE('',#1526,#1530,#744,.T.);
#1897=EDGE_CURVE('',#1530,#1528,#745,.T.);
#1898=EDGE_CURVE('',#1530,#1523,#746,.T.);
#1899=EDGE_CURVE('',#1528,#1519,#747,.T.);
#1900=EDGE_CURVE('',#1529,#1522,#748,.T.);
#1901=EDGE_CURVE('',#1531,#1522,#749,.T.);
#1902=EDGE_CURVE('',#1532,#1531,#750,.T.);
#1903=EDGE_CURVE('',#1532,#1529,#751,.T.);
#1904=EDGE_CURVE('',#1532,#1533,#752,.T.);
#1905=EDGE_CURVE('',#1527,#1533,#753,.T.);
#1906=EDGE_CURVE('',#1533,#1534,#754,.T.);
#1907=EDGE_CURVE('',#1534,#1531,#755,.T.);
#1908=EDGE_CURVE('',#1534,#1521,#756,.T.);
#1909=EDGE_CURVE('',#1535,#1536,#757,.T.);
#1910=EDGE_CURVE('',#1448,#1536,#758,.T.);
#1911=EDGE_CURVE('',#1535,#1447,#759,.T.);
#1912=EDGE_CURVE('',#1537,#1538,#760,.T.);
#1913=EDGE_CURVE('',#1422,#1538,#761,.T.);
#1914=EDGE_CURVE('',#1537,#1423,#762,.T.);
#1915=EDGE_CURVE('',#1539,#1535,#763,.T.);
#1916=EDGE_CURVE('',#1539,#1540,#764,.T.);
#1917=EDGE_CURVE('',#1540,#1536,#765,.T.);
#1918=EDGE_CURVE('',#1541,#1536,#766,.T.);
#1919=EDGE_CURVE('',#1542,#1540,#767,.T.);
#1920=EDGE_CURVE('',#1542,#1541,#768,.T.);
#1921=EDGE_CURVE('',#1449,#1541,#769,.T.);
#1922=EDGE_CURVE('',#1543,#1537,#770,.T.);
#1923=EDGE_CURVE('',#1543,#1425,#771,.T.);
#1924=EDGE_CURVE('',#1541,#1544,#772,.T.);
#1925=EDGE_CURVE('',#1544,#1450,#773,.T.);
#1926=EDGE_CURVE('',#1545,#1543,#774,.T.);
#1927=EDGE_CURVE('',#1424,#1545,#775,.T.);
#1928=EDGE_CURVE('',#1542,#1546,#776,.T.);
#1929=EDGE_CURVE('',#1546,#1544,#777,.T.);
#1930=EDGE_CURVE('',#1546,#1539,#778,.T.);
#1931=EDGE_CURVE('',#1544,#1535,#779,.T.);
#1932=EDGE_CURVE('',#1545,#1538,#780,.T.);
#1933=EDGE_CURVE('',#1547,#1538,#781,.T.);
#1934=EDGE_CURVE('',#1548,#1547,#782,.T.);
#1935=EDGE_CURVE('',#1548,#1545,#783,.T.);
#1936=EDGE_CURVE('',#1548,#1549,#784,.T.);
#1937=EDGE_CURVE('',#1543,#1549,#785,.T.);
#1938=EDGE_CURVE('',#1549,#1550,#786,.T.);
#1939=EDGE_CURVE('',#1550,#1547,#787,.T.);
#1940=EDGE_CURVE('',#1550,#1537,#788,.T.);
#1941=EDGE_CURVE('',#1551,#1552,#789,.T.);
#1942=EDGE_CURVE('',#1553,#1551,#790,.T.);
#1943=EDGE_CURVE('',#1553,#1554,#791,.T.);
#1944=EDGE_CURVE('',#1554,#1552,#792,.T.);
#1945=EDGE_CURVE('',#1552,#1555,#793,.T.);
#1946=EDGE_CURVE('',#1554,#1556,#794,.T.);
#1947=EDGE_CURVE('',#1556,#1555,#795,.T.);
#1948=EDGE_CURVE('',#1555,#1557,#796,.T.);
#1949=EDGE_CURVE('',#1556,#1558,#797,.T.);
#1950=EDGE_CURVE('',#1558,#1557,#798,.T.);
#1951=EDGE_CURVE('',#1557,#1551,#799,.T.);
#1952=EDGE_CURVE('',#1558,#1553,#800,.T.);
#1953=EDGE_CURVE('',#1559,#1560,#39,.T.);
#1954=EDGE_CURVE('',#1561,#1559,#40,.T.);
#1955=EDGE_CURVE('',#1562,#1561,#41,.T.);
#1956=EDGE_CURVE('',#1560,#1562,#42,.T.);
#1957=EDGE_CURVE('',#1554,#1559,#801,.T.);
#1958=EDGE_CURVE('',#1556,#1560,#802,.T.);
#1959=EDGE_CURVE('',#1558,#1562,#803,.T.);
#1960=EDGE_CURVE('',#1553,#1561,#804,.T.);
#1961=EDGE_CURVE('',#1563,#1564,#805,.T.);
#1962=EDGE_CURVE('',#1565,#1563,#806,.T.);
#1963=EDGE_CURVE('',#1565,#1566,#807,.T.);
#1964=EDGE_CURVE('',#1566,#1564,#808,.T.);
#1965=EDGE_CURVE('',#1564,#1567,#809,.T.);
#1966=EDGE_CURVE('',#1566,#1568,#810,.T.);
#1967=EDGE_CURVE('',#1568,#1567,#811,.T.);
#1968=EDGE_CURVE('',#1567,#1569,#812,.T.);
#1969=EDGE_CURVE('',#1568,#1570,#813,.T.);
#1970=EDGE_CURVE('',#1570,#1569,#814,.T.);
#1971=EDGE_CURVE('',#1569,#1563,#815,.T.);
#1972=EDGE_CURVE('',#1570,#1565,#816,.T.);
#1973=EDGE_CURVE('',#1571,#1572,#43,.T.);
#1974=EDGE_CURVE('',#1573,#1571,#44,.T.);
#1975=EDGE_CURVE('',#1574,#1573,#45,.T.);
#1976=EDGE_CURVE('',#1572,#1574,#46,.T.);
#1977=EDGE_CURVE('',#1566,#1571,#817,.T.);
#1978=EDGE_CURVE('',#1568,#1572,#818,.T.);
#1979=EDGE_CURVE('',#1570,#1574,#819,.T.);
#1980=EDGE_CURVE('',#1565,#1573,#820,.T.);
#1981=EDGE_CURVE('',#1575,#1576,#821,.T.);
#1982=EDGE_CURVE('',#1577,#1575,#822,.T.);
#1983=EDGE_CURVE('',#1577,#1578,#823,.T.);
#1984=EDGE_CURVE('',#1578,#1576,#824,.T.);
#1985=EDGE_CURVE('',#1576,#1579,#825,.T.);
#1986=EDGE_CURVE('',#1578,#1580,#826,.T.);
#1987=EDGE_CURVE('',#1580,#1579,#827,.T.);
#1988=EDGE_CURVE('',#1579,#1581,#828,.T.);
#1989=EDGE_CURVE('',#1580,#1582,#829,.T.);
#1990=EDGE_CURVE('',#1582,#1581,#830,.T.);
#1991=EDGE_CURVE('',#1581,#1575,#831,.T.);
#1992=EDGE_CURVE('',#1582,#1577,#832,.T.);
#1993=EDGE_CURVE('',#1583,#1584,#47,.T.);
#1994=EDGE_CURVE('',#1585,#1583,#48,.T.);
#1995=EDGE_CURVE('',#1586,#1585,#49,.T.);
#1996=EDGE_CURVE('',#1584,#1586,#50,.T.);
#1997=EDGE_CURVE('',#1578,#1583,#833,.T.);
#1998=EDGE_CURVE('',#1580,#1584,#834,.T.);
#1999=EDGE_CURVE('',#1582,#1586,#835,.T.);
#2000=EDGE_CURVE('',#1577,#1585,#836,.T.);
#2001=EDGE_CURVE('',#1587,#1588,#837,.T.);
#2002=EDGE_CURVE('',#1589,#1587,#838,.T.);
#2003=EDGE_CURVE('',#1589,#1590,#839,.T.);
#2004=EDGE_CURVE('',#1590,#1588,#840,.T.);
#2005=EDGE_CURVE('',#1588,#1591,#841,.T.);
#2006=EDGE_CURVE('',#1590,#1592,#842,.T.);
#2007=EDGE_CURVE('',#1592,#1591,#843,.T.);
#2008=EDGE_CURVE('',#1591,#1593,#844,.T.);
#2009=EDGE_CURVE('',#1592,#1594,#845,.T.);
#2010=EDGE_CURVE('',#1594,#1593,#846,.T.);
#2011=EDGE_CURVE('',#1593,#1587,#847,.T.);
#2012=EDGE_CURVE('',#1594,#1589,#848,.T.);
#2013=EDGE_CURVE('',#1595,#1596,#51,.T.);
#2014=EDGE_CURVE('',#1597,#1595,#52,.T.);
#2015=EDGE_CURVE('',#1598,#1597,#53,.T.);
#2016=EDGE_CURVE('',#1596,#1598,#54,.T.);
#2017=EDGE_CURVE('',#1590,#1595,#849,.T.);
#2018=EDGE_CURVE('',#1592,#1596,#850,.T.);
#2019=EDGE_CURVE('',#1594,#1598,#851,.T.);
#2020=EDGE_CURVE('',#1589,#1597,#852,.T.);
#2021=EDGE_CURVE('',#1599,#1600,#853,.T.);
#2022=EDGE_CURVE('',#1599,#1601,#854,.T.);
#2023=EDGE_CURVE('',#1602,#1601,#855,.T.);
#2024=EDGE_CURVE('',#1600,#1602,#856,.T.);
#2025=EDGE_CURVE('',#1603,#1599,#857,.T.);
#2026=EDGE_CURVE('',#1603,#1604,#858,.T.);
#2027=EDGE_CURVE('',#1601,#1604,#859,.T.);
#2028=EDGE_CURVE('',#1605,#1603,#860,.T.);
#2029=EDGE_CURVE('',#1605,#1606,#861,.T.);
#2030=EDGE_CURVE('',#1604,#1606,#862,.T.);
#2031=EDGE_CURVE('',#1600,#1605,#863,.T.);
#2032=EDGE_CURVE('',#1606,#1602,#864,.T.);
#2033=EDGE_CURVE('',#1607,#1608,#865,.T.);
#2034=EDGE_CURVE('',#1607,#1609,#866,.T.);
#2035=EDGE_CURVE('',#1610,#1609,#867,.T.);
#2036=EDGE_CURVE('',#1608,#1610,#868,.T.);
#2037=EDGE_CURVE('',#1611,#1607,#869,.T.);
#2038=EDGE_CURVE('',#1611,#1612,#870,.T.);
#2039=EDGE_CURVE('',#1609,#1612,#871,.T.);
#2040=EDGE_CURVE('',#1613,#1611,#872,.T.);
#2041=EDGE_CURVE('',#1613,#1614,#873,.T.);
#2042=EDGE_CURVE('',#1612,#1614,#874,.T.);
#2043=EDGE_CURVE('',#1608,#1613,#875,.T.);
#2044=EDGE_CURVE('',#1614,#1610,#876,.T.);
#2045=EDGE_CURVE('',#1615,#1616,#877,.T.);
#2046=EDGE_CURVE('',#1615,#1617,#878,.T.);
#2047=EDGE_CURVE('',#1618,#1617,#879,.T.);
#2048=EDGE_CURVE('',#1616,#1618,#880,.T.);
#2049=EDGE_CURVE('',#1619,#1615,#881,.T.);
#2050=EDGE_CURVE('',#1619,#1620,#882,.T.);
#2051=EDGE_CURVE('',#1617,#1620,#883,.T.);
#2052=EDGE_CURVE('',#1621,#1619,#884,.T.);
#2053=EDGE_CURVE('',#1621,#1622,#885,.T.);
#2054=EDGE_CURVE('',#1620,#1622,#886,.T.);
#2055=EDGE_CURVE('',#1616,#1621,#887,.T.);
#2056=EDGE_CURVE('',#1622,#1618,#888,.T.);
#2057=EDGE_CURVE('',#1623,#1624,#889,.T.);
#2058=EDGE_CURVE('',#1623,#1625,#890,.T.);
#2059=EDGE_CURVE('',#1626,#1625,#891,.T.);
#2060=EDGE_CURVE('',#1624,#1626,#892,.T.);
#2061=EDGE_CURVE('',#1627,#1623,#893,.T.);
#2062=EDGE_CURVE('',#1627,#1628,#894,.T.);
#2063=EDGE_CURVE('',#1625,#1628,#895,.T.);
#2064=EDGE_CURVE('',#1629,#1627,#896,.T.);
#2065=EDGE_CURVE('',#1629,#1630,#897,.T.);
#2066=EDGE_CURVE('',#1628,#1630,#898,.T.);
#2067=EDGE_CURVE('',#1624,#1629,#899,.T.);
#2068=EDGE_CURVE('',#1630,#1626,#900,.T.);
#2069=EDGE_CURVE('',#1631,#1632,#901,.T.);
#2070=EDGE_CURVE('',#1631,#1633,#902,.T.);
#2071=EDGE_CURVE('',#1634,#1633,#903,.T.);
#2072=EDGE_CURVE('',#1632,#1634,#904,.T.);
#2073=EDGE_CURVE('',#1632,#1635,#905,.T.);
#2074=EDGE_CURVE('',#1636,#1634,#906,.T.);
#2075=EDGE_CURVE('',#1635,#1636,#907,.T.);
#2076=EDGE_CURVE('',#1635,#1637,#908,.T.);
#2077=EDGE_CURVE('',#1638,#1636,#909,.T.);
#2078=EDGE_CURVE('',#1637,#1638,#910,.T.);
#2079=EDGE_CURVE('',#1637,#1631,#911,.T.);
#2080=EDGE_CURVE('',#1633,#1638,#912,.T.);
#2081=EDGE_CURVE('',#1639,#1640,#913,.T.);
#2082=EDGE_CURVE('',#1639,#1641,#914,.T.);
#2083=EDGE_CURVE('',#1642,#1641,#915,.T.);
#2084=EDGE_CURVE('',#1640,#1642,#916,.T.);
#2085=EDGE_CURVE('',#1640,#1643,#917,.T.);
#2086=EDGE_CURVE('',#1644,#1642,#918,.T.);
#2087=EDGE_CURVE('',#1643,#1644,#919,.T.);
#2088=EDGE_CURVE('',#1643,#1645,#920,.T.);
#2089=EDGE_CURVE('',#1646,#1644,#921,.T.);
#2090=EDGE_CURVE('',#1645,#1646,#922,.T.);
#2091=EDGE_CURVE('',#1645,#1639,#923,.T.);
#2092=EDGE_CURVE('',#1641,#1646,#924,.T.);
#2093=EDGE_CURVE('',#1647,#1647,#55,.T.);
#2094=EDGE_CURVE('',#1647,#1648,#925,.T.);
#2095=EDGE_CURVE('',#1648,#1648,#56,.T.);
#2096=EDGE_CURVE('',#1649,#1650,#926,.T.);
#2097=EDGE_CURVE('',#1650,#1651,#927,.T.);
#2098=EDGE_CURVE('',#1652,#1651,#928,.T.);
#2099=EDGE_CURVE('',#1649,#1652,#929,.T.);
#2100=EDGE_CURVE('',#1653,#1649,#930,.T.);
#2101=EDGE_CURVE('',#1654,#1652,#931,.T.);
#2102=EDGE_CURVE('',#1653,#1654,#932,.T.);
#2103=EDGE_CURVE('',#1655,#1653,#933,.T.);
#2104=EDGE_CURVE('',#1656,#1655,#934,.T.);
#2105=EDGE_CURVE('',#1656,#1657,#935,.T.);
#2106=EDGE_CURVE('',#1658,#1657,#936,.T.);
#2107=EDGE_CURVE('',#1659,#1658,#937,.T.);
#2108=EDGE_CURVE('',#1650,#1659,#938,.T.);
#2109=EDGE_CURVE('',#1660,#1660,#57,.T.);
#2110=EDGE_CURVE('',#1661,#1661,#58,.T.);
#2111=EDGE_CURVE('',#1662,#1662,#59,.T.);
#2112=EDGE_CURVE('',#1660,#1663,#939,.T.);
#2113=EDGE_CURVE('',#1663,#1663,#60,.T.);
#2114=EDGE_CURVE('',#1658,#1664,#940,.T.);
#2115=EDGE_CURVE('',#1665,#1664,#941,.T.);
#2116=EDGE_CURVE('',#1659,#1665,#942,.T.);
#2117=EDGE_CURVE('',#1657,#1666,#943,.T.);
#2118=EDGE_CURVE('',#1664,#1666,#944,.T.);
#2119=EDGE_CURVE('',#1661,#1667,#945,.T.);
#2120=EDGE_CURVE('',#1667,#1667,#61,.T.);
#2121=EDGE_CURVE('',#1662,#1668,#946,.T.);
#2122=EDGE_CURVE('',#1668,#1668,#62,.T.);
#2123=EDGE_CURVE('',#1656,#1669,#947,.T.);
#2124=EDGE_CURVE('',#1666,#1669,#948,.T.);
#2125=EDGE_CURVE('',#1651,#1665,#949,.T.);
#2126=EDGE_CURVE('',#1670,#1654,#950,.T.);
#2127=EDGE_CURVE('',#1655,#1670,#951,.T.);
#2128=EDGE_CURVE('',#1669,#1670,#952,.T.);
#2129=ORIENTED_EDGE('',*,*,#1671,.F.);
#2130=ORIENTED_EDGE('',*,*,#1672,.F.);
#2131=ORIENTED_EDGE('',*,*,#1673,.F.);
#2132=ORIENTED_EDGE('',*,*,#1674,.F.);
#2133=ORIENTED_EDGE('',*,*,#1675,.F.);
#2134=ORIENTED_EDGE('',*,*,#1676,.F.);
#2135=ORIENTED_EDGE('',*,*,#1677,.F.);
#2136=ORIENTED_EDGE('',*,*,#1678,.T.);
#2137=ORIENTED_EDGE('',*,*,#1679,.F.);
#2138=ORIENTED_EDGE('',*,*,#1680,.F.);
#2139=ORIENTED_EDGE('',*,*,#1681,.F.);
#2140=ORIENTED_EDGE('',*,*,#1682,.F.);
#2141=ORIENTED_EDGE('',*,*,#1683,.F.);
#2142=ORIENTED_EDGE('',*,*,#1684,.T.);
#2143=ORIENTED_EDGE('',*,*,#1685,.F.);
#2144=ORIENTED_EDGE('',*,*,#1686,.F.);
#2145=ORIENTED_EDGE('',*,*,#1687,.F.);
#2146=ORIENTED_EDGE('',*,*,#1688,.F.);
#2147=ORIENTED_EDGE('',*,*,#1689,.F.);
#2148=ORIENTED_EDGE('',*,*,#1690,.T.);
#2149=ORIENTED_EDGE('',*,*,#1691,.F.);
#2150=ORIENTED_EDGE('',*,*,#1692,.F.);
#2151=ORIENTED_EDGE('',*,*,#1693,.T.);
#2152=ORIENTED_EDGE('',*,*,#1694,.F.);
#2153=ORIENTED_EDGE('',*,*,#1695,.F.);
#2154=ORIENTED_EDGE('',*,*,#1696,.F.);
#2155=ORIENTED_EDGE('',*,*,#1671,.T.);
#2156=ORIENTED_EDGE('',*,*,#1697,.T.);
#2157=ORIENTED_EDGE('',*,*,#1698,.F.);
#2158=ORIENTED_EDGE('',*,*,#1699,.F.);
#2159=ORIENTED_EDGE('',*,*,#1699,.T.);
#2160=ORIENTED_EDGE('',*,*,#1700,.T.);
#2161=ORIENTED_EDGE('',*,*,#1701,.F.);
#2162=ORIENTED_EDGE('',*,*,#1702,.F.);
#2163=ORIENTED_EDGE('',*,*,#1672,.T.);
#2164=ORIENTED_EDGE('',*,*,#1673,.T.);
#2165=ORIENTED_EDGE('',*,*,#1702,.T.);
#2166=ORIENTED_EDGE('',*,*,#1703,.F.);
#2167=ORIENTED_EDGE('',*,*,#1704,.F.);
#2168=ORIENTED_EDGE('',*,*,#1697,.F.);
#2169=ORIENTED_EDGE('',*,*,#1674,.T.);
#2170=ORIENTED_EDGE('',*,*,#1704,.T.);
#2171=ORIENTED_EDGE('',*,*,#1705,.F.);
#2172=ORIENTED_EDGE('',*,*,#1706,.F.);
#2173=ORIENTED_EDGE('',*,*,#1707,.T.);
#2174=ORIENTED_EDGE('',*,*,#1706,.T.);
#2175=ORIENTED_EDGE('',*,*,#1708,.F.);
#2176=ORIENTED_EDGE('',*,*,#1709,.F.);
#2177=ORIENTED_EDGE('',*,*,#1710,.F.);
#2178=ORIENTED_EDGE('',*,*,#1698,.T.);
#2179=ORIENTED_EDGE('',*,*,#1707,.F.);
#2180=ORIENTED_EDGE('',*,*,#1711,.F.);
#2181=ORIENTED_EDGE('',*,*,#1712,.F.);
#2182=ORIENTED_EDGE('',*,*,#1713,.T.);
#2183=ORIENTED_EDGE('',*,*,#1714,.T.);
#2184=ORIENTED_EDGE('',*,*,#1715,.F.);
#2185=ORIENTED_EDGE('',*,*,#1710,.T.);
#2186=ORIENTED_EDGE('',*,*,#1716,.T.);
#2187=ORIENTED_EDGE('',*,*,#1717,.F.);
#2188=ORIENTED_EDGE('',*,*,#1700,.F.);
#2189=ORIENTED_EDGE('',*,*,#1718,.T.);
#2190=ORIENTED_EDGE('',*,*,#1719,.T.);
#2191=ORIENTED_EDGE('',*,*,#1720,.T.);
#2192=ORIENTED_EDGE('',*,*,#1721,.T.);
#2193=ORIENTED_EDGE('',*,*,#1722,.T.);
#2194=ORIENTED_EDGE('',*,*,#1723,.T.);
#2195=ORIENTED_EDGE('',*,*,#1724,.T.);
#2196=ORIENTED_EDGE('',*,*,#1708,.T.);
#2197=ORIENTED_EDGE('',*,*,#1705,.T.);
#2198=ORIENTED_EDGE('',*,*,#1703,.T.);
#2199=ORIENTED_EDGE('',*,*,#1701,.T.);
#2200=ORIENTED_EDGE('',*,*,#1717,.T.);
#2201=ORIENTED_EDGE('',*,*,#1725,.T.);
#2202=ORIENTED_EDGE('',*,*,#1726,.T.);
#2203=ORIENTED_EDGE('',*,*,#1727,.T.);
#2204=ORIENTED_EDGE('',*,*,#1728,.T.);
#2205=ORIENTED_EDGE('',*,*,#1729,.T.);
#2206=ORIENTED_EDGE('',*,*,#1730,.T.);
#2207=ORIENTED_EDGE('',*,*,#1731,.T.);
#2208=ORIENTED_EDGE('',*,*,#1732,.T.);
#2209=ORIENTED_EDGE('',*,*,#1733,.T.);
#2210=ORIENTED_EDGE('',*,*,#1734,.T.);
#2211=ORIENTED_EDGE('',*,*,#1735,.T.);
#2212=ORIENTED_EDGE('',*,*,#1736,.T.);
#2213=ORIENTED_EDGE('',*,*,#1737,.T.);
#2214=ORIENTED_EDGE('',*,*,#1738,.T.);
#2215=ORIENTED_EDGE('',*,*,#1739,.T.);
#2216=ORIENTED_EDGE('',*,*,#1740,.T.);
#2217=ORIENTED_EDGE('',*,*,#1741,.F.);
#2218=ORIENTED_EDGE('',*,*,#1742,.F.);
#2219=ORIENTED_EDGE('',*,*,#1743,.T.);
#2220=ORIENTED_EDGE('',*,*,#1744,.T.);
#2221=ORIENTED_EDGE('',*,*,#1745,.F.);
#2222=ORIENTED_EDGE('',*,*,#1746,.F.);
#2223=ORIENTED_EDGE('',*,*,#1747,.T.);
#2224=ORIENTED_EDGE('',*,*,#1748,.T.);
#2225=ORIENTED_EDGE('',*,*,#1749,.F.);
#2226=ORIENTED_EDGE('',*,*,#1750,.F.);
#2227=ORIENTED_EDGE('',*,*,#1751,.T.);
#2228=ORIENTED_EDGE('',*,*,#1752,.T.);
#2229=ORIENTED_EDGE('',*,*,#1753,.F.);
#2230=ORIENTED_EDGE('',*,*,#1754,.F.);
#2231=ORIENTED_EDGE('',*,*,#1755,.T.);
#2232=ORIENTED_EDGE('',*,*,#1756,.T.);
#2233=ORIENTED_EDGE('',*,*,#1718,.F.);
#2234=ORIENTED_EDGE('',*,*,#1757,.F.);
#2235=ORIENTED_EDGE('',*,*,#1691,.T.);
#2236=ORIENTED_EDGE('',*,*,#1690,.F.);
#2237=ORIENTED_EDGE('',*,*,#1758,.T.);
#2238=ORIENTED_EDGE('',*,*,#1759,.T.);
#2239=ORIENTED_EDGE('',*,*,#1755,.F.);
#2240=ORIENTED_EDGE('',*,*,#1760,.F.);
#2241=ORIENTED_EDGE('',*,*,#1761,.T.);
#2242=ORIENTED_EDGE('',*,*,#1762,.F.);
#2243=ORIENTED_EDGE('',*,*,#1759,.F.);
#2244=ORIENTED_EDGE('',*,*,#1763,.F.);
#2245=ORIENTED_EDGE('',*,*,#1764,.T.);
#2246=ORIENTED_EDGE('',*,*,#1765,.T.);
#2247=ORIENTED_EDGE('',*,*,#1766,.F.);
#2248=ORIENTED_EDGE('',*,*,#1760,.T.);
#2249=ORIENTED_EDGE('',*,*,#1767,.T.);
#2250=ORIENTED_EDGE('',*,*,#1730,.F.);
#2251=ORIENTED_EDGE('',*,*,#1768,.F.);
#2252=ORIENTED_EDGE('',*,*,#1769,.T.);
#2253=ORIENTED_EDGE('',*,*,#1768,.T.);
#2254=ORIENTED_EDGE('',*,*,#1729,.F.);
#2255=ORIENTED_EDGE('',*,*,#1770,.F.);
#2256=ORIENTED_EDGE('',*,*,#1682,.T.);
#2257=ORIENTED_EDGE('',*,*,#1681,.T.);
#2258=ORIENTED_EDGE('',*,*,#1771,.T.);
#2259=ORIENTED_EDGE('',*,*,#1761,.F.);
#2260=ORIENTED_EDGE('',*,*,#1769,.F.);
#2261=ORIENTED_EDGE('',*,*,#1771,.F.);
#2262=ORIENTED_EDGE('',*,*,#1686,.T.);
#2263=ORIENTED_EDGE('',*,*,#1772,.T.);
#2264=ORIENTED_EDGE('',*,*,#1720,.F.);
#2265=ORIENTED_EDGE('',*,*,#1773,.F.);
#2266=ORIENTED_EDGE('',*,*,#1762,.T.);
#2267=ORIENTED_EDGE('',*,*,#1773,.T.);
#2268=ORIENTED_EDGE('',*,*,#1719,.F.);
#2269=ORIENTED_EDGE('',*,*,#1756,.F.);
#2270=ORIENTED_EDGE('',*,*,#1774,.T.);
#2271=ORIENTED_EDGE('',*,*,#1775,.T.);
#2272=ORIENTED_EDGE('',*,*,#1721,.F.);
#2273=ORIENTED_EDGE('',*,*,#1772,.F.);
#2274=ORIENTED_EDGE('',*,*,#1685,.T.);
#2275=ORIENTED_EDGE('',*,*,#1684,.F.);
#2276=ORIENTED_EDGE('',*,*,#1776,.T.);
#2277=ORIENTED_EDGE('',*,*,#1777,.T.);
#2278=ORIENTED_EDGE('',*,*,#1774,.F.);
#2279=ORIENTED_EDGE('',*,*,#1778,.F.);
#2280=ORIENTED_EDGE('',*,*,#1779,.T.);
#2281=ORIENTED_EDGE('',*,*,#1780,.F.);
#2282=ORIENTED_EDGE('',*,*,#1777,.F.);
#2283=ORIENTED_EDGE('',*,*,#1781,.F.);
#2284=ORIENTED_EDGE('',*,*,#1782,.T.);
#2285=ORIENTED_EDGE('',*,*,#1783,.T.);
#2286=ORIENTED_EDGE('',*,*,#1784,.F.);
#2287=ORIENTED_EDGE('',*,*,#1778,.T.);
#2288=ORIENTED_EDGE('',*,*,#1785,.T.);
#2289=ORIENTED_EDGE('',*,*,#1727,.F.);
#2290=ORIENTED_EDGE('',*,*,#1786,.F.);
#2291=ORIENTED_EDGE('',*,*,#1787,.T.);
#2292=ORIENTED_EDGE('',*,*,#1786,.T.);
#2293=ORIENTED_EDGE('',*,*,#1726,.F.);
#2294=ORIENTED_EDGE('',*,*,#1788,.F.);
#2295=ORIENTED_EDGE('',*,*,#1676,.T.);
#2296=ORIENTED_EDGE('',*,*,#1675,.T.);
#2297=ORIENTED_EDGE('',*,*,#1789,.T.);
#2298=ORIENTED_EDGE('',*,*,#1779,.F.);
#2299=ORIENTED_EDGE('',*,*,#1787,.F.);
#2300=ORIENTED_EDGE('',*,*,#1789,.F.);
#2301=ORIENTED_EDGE('',*,*,#1680,.T.);
#2302=ORIENTED_EDGE('',*,*,#1790,.T.);
#2303=ORIENTED_EDGE('',*,*,#1723,.F.);
#2304=ORIENTED_EDGE('',*,*,#1791,.F.);
#2305=ORIENTED_EDGE('',*,*,#1780,.T.);
#2306=ORIENTED_EDGE('',*,*,#1791,.T.);
#2307=ORIENTED_EDGE('',*,*,#1722,.F.);
#2308=ORIENTED_EDGE('',*,*,#1775,.F.);
#2309=ORIENTED_EDGE('',*,*,#1792,.T.);
#2310=ORIENTED_EDGE('',*,*,#1709,.T.);
#2311=ORIENTED_EDGE('',*,*,#1724,.F.);
#2312=ORIENTED_EDGE('',*,*,#1790,.F.);
#2313=ORIENTED_EDGE('',*,*,#1679,.T.);
#2314=ORIENTED_EDGE('',*,*,#1678,.F.);
#2315=ORIENTED_EDGE('',*,*,#1793,.T.);
#2316=ORIENTED_EDGE('',*,*,#1711,.T.);
#2317=ORIENTED_EDGE('',*,*,#1792,.F.);
#2318=ORIENTED_EDGE('',*,*,#1793,.F.);
#2319=ORIENTED_EDGE('',*,*,#1677,.T.);
#2320=ORIENTED_EDGE('',*,*,#1788,.T.);
#2321=ORIENTED_EDGE('',*,*,#1725,.F.);
#2322=ORIENTED_EDGE('',*,*,#1716,.F.);
#2323=ORIENTED_EDGE('',*,*,#1776,.F.);
#2324=ORIENTED_EDGE('',*,*,#1683,.T.);
#2325=ORIENTED_EDGE('',*,*,#1770,.T.);
#2326=ORIENTED_EDGE('',*,*,#1728,.F.);
#2327=ORIENTED_EDGE('',*,*,#1785,.F.);
#2328=ORIENTED_EDGE('',*,*,#1794,.T.);
#2329=ORIENTED_EDGE('',*,*,#1795,.F.);
#2330=ORIENTED_EDGE('',*,*,#1743,.F.);
#2331=ORIENTED_EDGE('',*,*,#1796,.F.);
#2332=ORIENTED_EDGE('',*,*,#1797,.T.);
#2333=ORIENTED_EDGE('',*,*,#1798,.F.);
#2334=ORIENTED_EDGE('',*,*,#1781,.T.);
#2335=ORIENTED_EDGE('',*,*,#1799,.F.);
#2336=ORIENTED_EDGE('',*,*,#1794,.F.);
#2337=ORIENTED_EDGE('',*,*,#1800,.F.);
#2338=ORIENTED_EDGE('',*,*,#1801,.T.);
#2339=ORIENTED_EDGE('',*,*,#1802,.T.);
#2340=ORIENTED_EDGE('',*,*,#1803,.T.);
#2341=ORIENTED_EDGE('',*,*,#1802,.F.);
#2342=ORIENTED_EDGE('',*,*,#1804,.F.);
#2343=ORIENTED_EDGE('',*,*,#1805,.T.);
#2344=ORIENTED_EDGE('',*,*,#1803,.F.);
#2345=ORIENTED_EDGE('',*,*,#1806,.F.);
#2346=ORIENTED_EDGE('',*,*,#1744,.F.);
#2347=ORIENTED_EDGE('',*,*,#1795,.T.);
#2348=ORIENTED_EDGE('',*,*,#1807,.T.);
#2349=ORIENTED_EDGE('',*,*,#1799,.T.);
#2350=ORIENTED_EDGE('',*,*,#1784,.T.);
#2351=ORIENTED_EDGE('',*,*,#1808,.F.);
#2352=ORIENTED_EDGE('',*,*,#1809,.T.);
#2353=ORIENTED_EDGE('',*,*,#1810,.T.);
#2354=ORIENTED_EDGE('',*,*,#1745,.T.);
#2355=ORIENTED_EDGE('',*,*,#1806,.T.);
#2356=ORIENTED_EDGE('',*,*,#1811,.T.);
#2357=ORIENTED_EDGE('',*,*,#1808,.T.);
#2358=ORIENTED_EDGE('',*,*,#1783,.F.);
#2359=ORIENTED_EDGE('',*,*,#1812,.T.);
#2360=ORIENTED_EDGE('',*,*,#1813,.T.);
#2361=ORIENTED_EDGE('',*,*,#1814,.T.);
#2362=ORIENTED_EDGE('',*,*,#1809,.F.);
#2363=ORIENTED_EDGE('',*,*,#1805,.F.);
#2364=ORIENTED_EDGE('',*,*,#1813,.F.);
#2365=ORIENTED_EDGE('',*,*,#1804,.T.);
#2366=ORIENTED_EDGE('',*,*,#1801,.F.);
#2367=ORIENTED_EDGE('',*,*,#1815,.F.);
#2368=ORIENTED_EDGE('',*,*,#1816,.F.);
#2369=ORIENTED_EDGE('',*,*,#1814,.F.);
#2370=ORIENTED_EDGE('',*,*,#1815,.T.);
#2371=ORIENTED_EDGE('',*,*,#1800,.T.);
#2372=ORIENTED_EDGE('',*,*,#1816,.T.);
#2373=ORIENTED_EDGE('',*,*,#1796,.T.);
#2374=ORIENTED_EDGE('',*,*,#1746,.T.);
#2375=ORIENTED_EDGE('',*,*,#1810,.F.);
#2376=ORIENTED_EDGE('',*,*,#1817,.F.);
#2377=ORIENTED_EDGE('',*,*,#1812,.F.);
#2378=ORIENTED_EDGE('',*,*,#1782,.F.);
#2379=ORIENTED_EDGE('',*,*,#1798,.T.);
#2380=ORIENTED_EDGE('',*,*,#1817,.T.);
#2381=ORIENTED_EDGE('',*,*,#1818,.F.);
#2382=ORIENTED_EDGE('',*,*,#1819,.F.);
#2383=ORIENTED_EDGE('',*,*,#1820,.T.);
#2384=ORIENTED_EDGE('',*,*,#1821,.T.);
#2385=ORIENTED_EDGE('',*,*,#1822,.F.);
#2386=ORIENTED_EDGE('',*,*,#1811,.F.);
#2387=ORIENTED_EDGE('',*,*,#1820,.F.);
#2388=ORIENTED_EDGE('',*,*,#1823,.F.);
#2389=ORIENTED_EDGE('',*,*,#1821,.F.);
#2390=ORIENTED_EDGE('',*,*,#1819,.T.);
#2391=ORIENTED_EDGE('',*,*,#1824,.F.);
#2392=ORIENTED_EDGE('',*,*,#1807,.F.);
#2393=ORIENTED_EDGE('',*,*,#1822,.T.);
#2394=ORIENTED_EDGE('',*,*,#1823,.T.);
#2395=ORIENTED_EDGE('',*,*,#1825,.T.);
#2396=ORIENTED_EDGE('',*,*,#1797,.F.);
#2397=ORIENTED_EDGE('',*,*,#1825,.F.);
#2398=ORIENTED_EDGE('',*,*,#1824,.T.);
#2399=ORIENTED_EDGE('',*,*,#1818,.T.);
#2400=ORIENTED_EDGE('',*,*,#1758,.F.);
#2401=ORIENTED_EDGE('',*,*,#1689,.T.);
#2402=ORIENTED_EDGE('',*,*,#1826,.T.);
#2403=ORIENTED_EDGE('',*,*,#1731,.F.);
#2404=ORIENTED_EDGE('',*,*,#1767,.F.);
#2405=ORIENTED_EDGE('',*,*,#1827,.T.);
#2406=ORIENTED_EDGE('',*,*,#1828,.T.);
#2407=ORIENTED_EDGE('',*,*,#1732,.F.);
#2408=ORIENTED_EDGE('',*,*,#1826,.F.);
#2409=ORIENTED_EDGE('',*,*,#1688,.T.);
#2410=ORIENTED_EDGE('',*,*,#1687,.T.);
#2411=ORIENTED_EDGE('',*,*,#1829,.T.);
#2412=ORIENTED_EDGE('',*,*,#1830,.F.);
#2413=ORIENTED_EDGE('',*,*,#1827,.F.);
#2414=ORIENTED_EDGE('',*,*,#1831,.F.);
#2415=ORIENTED_EDGE('',*,*,#1830,.T.);
#2416=ORIENTED_EDGE('',*,*,#1832,.F.);
#2417=ORIENTED_EDGE('',*,*,#1833,.F.);
#2418=ORIENTED_EDGE('',*,*,#1834,.F.);
#2419=ORIENTED_EDGE('',*,*,#1835,.T.);
#2420=ORIENTED_EDGE('',*,*,#1836,.T.);
#2421=ORIENTED_EDGE('',*,*,#1837,.F.);
#2422=ORIENTED_EDGE('',*,*,#1831,.T.);
#2423=ORIENTED_EDGE('',*,*,#1838,.T.);
#2424=ORIENTED_EDGE('',*,*,#1733,.F.);
#2425=ORIENTED_EDGE('',*,*,#1828,.F.);
#2426=ORIENTED_EDGE('',*,*,#1839,.F.);
#2427=ORIENTED_EDGE('',*,*,#1696,.T.);
#2428=ORIENTED_EDGE('',*,*,#1840,.T.);
#2429=ORIENTED_EDGE('',*,*,#1734,.F.);
#2430=ORIENTED_EDGE('',*,*,#1838,.F.);
#2431=ORIENTED_EDGE('',*,*,#1693,.F.);
#2432=ORIENTED_EDGE('',*,*,#1839,.T.);
#2433=ORIENTED_EDGE('',*,*,#1833,.T.);
#2434=ORIENTED_EDGE('',*,*,#1841,.F.);
#2435=ORIENTED_EDGE('',*,*,#1841,.T.);
#2436=ORIENTED_EDGE('',*,*,#1842,.T.);
#2437=ORIENTED_EDGE('',*,*,#1736,.F.);
#2438=ORIENTED_EDGE('',*,*,#1843,.F.);
#2439=ORIENTED_EDGE('',*,*,#1694,.T.);
#2440=ORIENTED_EDGE('',*,*,#1695,.T.);
#2441=ORIENTED_EDGE('',*,*,#1843,.T.);
#2442=ORIENTED_EDGE('',*,*,#1735,.F.);
#2443=ORIENTED_EDGE('',*,*,#1840,.F.);
#2444=ORIENTED_EDGE('',*,*,#1832,.T.);
#2445=ORIENTED_EDGE('',*,*,#1844,.T.);
#2446=ORIENTED_EDGE('',*,*,#1737,.F.);
#2447=ORIENTED_EDGE('',*,*,#1842,.F.);
#2448=ORIENTED_EDGE('',*,*,#1829,.F.);
#2449=ORIENTED_EDGE('',*,*,#1692,.T.);
#2450=ORIENTED_EDGE('',*,*,#1757,.T.);
#2451=ORIENTED_EDGE('',*,*,#1738,.F.);
#2452=ORIENTED_EDGE('',*,*,#1844,.F.);
#2453=ORIENTED_EDGE('',*,*,#1845,.T.);
#2454=ORIENTED_EDGE('',*,*,#1846,.F.);
#2455=ORIENTED_EDGE('',*,*,#1751,.F.);
#2456=ORIENTED_EDGE('',*,*,#1847,.F.);
#2457=ORIENTED_EDGE('',*,*,#1848,.T.);
#2458=ORIENTED_EDGE('',*,*,#1849,.F.);
#2459=ORIENTED_EDGE('',*,*,#1834,.T.);
#2460=ORIENTED_EDGE('',*,*,#1850,.F.);
#2461=ORIENTED_EDGE('',*,*,#1845,.F.);
#2462=ORIENTED_EDGE('',*,*,#1851,.F.);
#2463=ORIENTED_EDGE('',*,*,#1852,.T.);
#2464=ORIENTED_EDGE('',*,*,#1853,.T.);
#2465=ORIENTED_EDGE('',*,*,#1854,.T.);
#2466=ORIENTED_EDGE('',*,*,#1853,.F.);
#2467=ORIENTED_EDGE('',*,*,#1855,.F.);
#2468=ORIENTED_EDGE('',*,*,#1856,.T.);
#2469=ORIENTED_EDGE('',*,*,#1854,.F.);
#2470=ORIENTED_EDGE('',*,*,#1857,.F.);
#2471=ORIENTED_EDGE('',*,*,#1752,.F.);
#2472=ORIENTED_EDGE('',*,*,#1846,.T.);
#2473=ORIENTED_EDGE('',*,*,#1858,.T.);
#2474=ORIENTED_EDGE('',*,*,#1850,.T.);
#2475=ORIENTED_EDGE('',*,*,#1837,.T.);
#2476=ORIENTED_EDGE('',*,*,#1859,.F.);
#2477=ORIENTED_EDGE('',*,*,#1860,.T.);
#2478=ORIENTED_EDGE('',*,*,#1861,.T.);
#2479=ORIENTED_EDGE('',*,*,#1753,.T.);
#2480=ORIENTED_EDGE('',*,*,#1857,.T.);
#2481=ORIENTED_EDGE('',*,*,#1862,.T.);
#2482=ORIENTED_EDGE('',*,*,#1859,.T.);
#2483=ORIENTED_EDGE('',*,*,#1836,.F.);
#2484=ORIENTED_EDGE('',*,*,#1863,.T.);
#2485=ORIENTED_EDGE('',*,*,#1864,.T.);
#2486=ORIENTED_EDGE('',*,*,#1865,.T.);
#2487=ORIENTED_EDGE('',*,*,#1860,.F.);
#2488=ORIENTED_EDGE('',*,*,#1856,.F.);
#2489=ORIENTED_EDGE('',*,*,#1864,.F.);
#2490=ORIENTED_EDGE('',*,*,#1855,.T.);
#2491=ORIENTED_EDGE('',*,*,#1852,.F.);
#2492=ORIENTED_EDGE('',*,*,#1866,.F.);
#2493=ORIENTED_EDGE('',*,*,#1867,.F.);
#2494=ORIENTED_EDGE('',*,*,#1865,.F.);
#2495=ORIENTED_EDGE('',*,*,#1866,.T.);
#2496=ORIENTED_EDGE('',*,*,#1851,.T.);
#2497=ORIENTED_EDGE('',*,*,#1867,.T.);
#2498=ORIENTED_EDGE('',*,*,#1847,.T.);
#2499=ORIENTED_EDGE('',*,*,#1754,.T.);
#2500=ORIENTED_EDGE('',*,*,#1861,.F.);
#2501=ORIENTED_EDGE('',*,*,#1868,.F.);
#2502=ORIENTED_EDGE('',*,*,#1863,.F.);
#2503=ORIENTED_EDGE('',*,*,#1835,.F.);
#2504=ORIENTED_EDGE('',*,*,#1849,.T.);
#2505=ORIENTED_EDGE('',*,*,#1868,.T.);
#2506=ORIENTED_EDGE('',*,*,#1869,.F.);
#2507=ORIENTED_EDGE('',*,*,#1870,.F.);
#2508=ORIENTED_EDGE('',*,*,#1871,.T.);
#2509=ORIENTED_EDGE('',*,*,#1872,.T.);
#2510=ORIENTED_EDGE('',*,*,#1873,.F.);
#2511=ORIENTED_EDGE('',*,*,#1862,.F.);
#2512=ORIENTED_EDGE('',*,*,#1871,.F.);
#2513=ORIENTED_EDGE('',*,*,#1874,.F.);
#2514=ORIENTED_EDGE('',*,*,#1872,.F.);
#2515=ORIENTED_EDGE('',*,*,#1870,.T.);
#2516=ORIENTED_EDGE('',*,*,#1875,.F.);
#2517=ORIENTED_EDGE('',*,*,#1858,.F.);
#2518=ORIENTED_EDGE('',*,*,#1873,.T.);
#2519=ORIENTED_EDGE('',*,*,#1874,.T.);
#2520=ORIENTED_EDGE('',*,*,#1876,.T.);
#2521=ORIENTED_EDGE('',*,*,#1848,.F.);
#2522=ORIENTED_EDGE('',*,*,#1876,.F.);
#2523=ORIENTED_EDGE('',*,*,#1875,.T.);
#2524=ORIENTED_EDGE('',*,*,#1869,.T.);
#2525=ORIENTED_EDGE('',*,*,#1877,.T.);
#2526=ORIENTED_EDGE('',*,*,#1878,.F.);
#2527=ORIENTED_EDGE('',*,*,#1747,.F.);
#2528=ORIENTED_EDGE('',*,*,#1879,.F.);
#2529=ORIENTED_EDGE('',*,*,#1880,.T.);
#2530=ORIENTED_EDGE('',*,*,#1881,.F.);
#2531=ORIENTED_EDGE('',*,*,#1763,.T.);
#2532=ORIENTED_EDGE('',*,*,#1882,.F.);
#2533=ORIENTED_EDGE('',*,*,#1877,.F.);
#2534=ORIENTED_EDGE('',*,*,#1883,.F.);
#2535=ORIENTED_EDGE('',*,*,#1884,.T.);
#2536=ORIENTED_EDGE('',*,*,#1885,.T.);
#2537=ORIENTED_EDGE('',*,*,#1886,.T.);
#2538=ORIENTED_EDGE('',*,*,#1885,.F.);
#2539=ORIENTED_EDGE('',*,*,#1887,.F.);
#2540=ORIENTED_EDGE('',*,*,#1888,.T.);
#2541=ORIENTED_EDGE('',*,*,#1886,.F.);
#2542=ORIENTED_EDGE('',*,*,#1889,.F.);
#2543=ORIENTED_EDGE('',*,*,#1748,.F.);
#2544=ORIENTED_EDGE('',*,*,#1878,.T.);
#2545=ORIENTED_EDGE('',*,*,#1890,.T.);
#2546=ORIENTED_EDGE('',*,*,#1882,.T.);
#2547=ORIENTED_EDGE('',*,*,#1766,.T.);
#2548=ORIENTED_EDGE('',*,*,#1891,.F.);
#2549=ORIENTED_EDGE('',*,*,#1892,.T.);
#2550=ORIENTED_EDGE('',*,*,#1893,.T.);
#2551=ORIENTED_EDGE('',*,*,#1749,.T.);
#2552=ORIENTED_EDGE('',*,*,#1889,.T.);
#2553=ORIENTED_EDGE('',*,*,#1894,.T.);
#2554=ORIENTED_EDGE('',*,*,#1891,.T.);
#2555=ORIENTED_EDGE('',*,*,#1765,.F.);
#2556=ORIENTED_EDGE('',*,*,#1895,.T.);
#2557=ORIENTED_EDGE('',*,*,#1896,.T.);
#2558=ORIENTED_EDGE('',*,*,#1897,.T.);
#2559=ORIENTED_EDGE('',*,*,#1892,.F.);
#2560=ORIENTED_EDGE('',*,*,#1888,.F.);
#2561=ORIENTED_EDGE('',*,*,#1896,.F.);
#2562=ORIENTED_EDGE('',*,*,#1887,.T.);
#2563=ORIENTED_EDGE('',*,*,#1884,.F.);
#2564=ORIENTED_EDGE('',*,*,#1898,.F.);
#2565=ORIENTED_EDGE('',*,*,#1899,.F.);
#2566=ORIENTED_EDGE('',*,*,#1897,.F.);
#2567=ORIENTED_EDGE('',*,*,#1898,.T.);
#2568=ORIENTED_EDGE('',*,*,#1883,.T.);
#2569=ORIENTED_EDGE('',*,*,#1899,.T.);
#2570=ORIENTED_EDGE('',*,*,#1879,.T.);
#2571=ORIENTED_EDGE('',*,*,#1750,.T.);
#2572=ORIENTED_EDGE('',*,*,#1893,.F.);
#2573=ORIENTED_EDGE('',*,*,#1900,.F.);
#2574=ORIENTED_EDGE('',*,*,#1895,.F.);
#2575=ORIENTED_EDGE('',*,*,#1764,.F.);
#2576=ORIENTED_EDGE('',*,*,#1881,.T.);
#2577=ORIENTED_EDGE('',*,*,#1900,.T.);
#2578=ORIENTED_EDGE('',*,*,#1901,.F.);
#2579=ORIENTED_EDGE('',*,*,#1902,.F.);
#2580=ORIENTED_EDGE('',*,*,#1903,.T.);
#2581=ORIENTED_EDGE('',*,*,#1904,.T.);
#2582=ORIENTED_EDGE('',*,*,#1905,.F.);
#2583=ORIENTED_EDGE('',*,*,#1894,.F.);
#2584=ORIENTED_EDGE('',*,*,#1903,.F.);
#2585=ORIENTED_EDGE('',*,*,#1906,.F.);
#2586=ORIENTED_EDGE('',*,*,#1904,.F.);
#2587=ORIENTED_EDGE('',*,*,#1902,.T.);
#2588=ORIENTED_EDGE('',*,*,#1907,.F.);
#2589=ORIENTED_EDGE('',*,*,#1890,.F.);
#2590=ORIENTED_EDGE('',*,*,#1905,.T.);
#2591=ORIENTED_EDGE('',*,*,#1906,.T.);
#2592=ORIENTED_EDGE('',*,*,#1908,.T.);
#2593=ORIENTED_EDGE('',*,*,#1880,.F.);
#2594=ORIENTED_EDGE('',*,*,#1908,.F.);
#2595=ORIENTED_EDGE('',*,*,#1907,.T.);
#2596=ORIENTED_EDGE('',*,*,#1901,.T.);
#2597=ORIENTED_EDGE('',*,*,#1909,.T.);
#2598=ORIENTED_EDGE('',*,*,#1910,.F.);
#2599=ORIENTED_EDGE('',*,*,#1739,.F.);
#2600=ORIENTED_EDGE('',*,*,#1911,.F.);
#2601=ORIENTED_EDGE('',*,*,#1912,.T.);
#2602=ORIENTED_EDGE('',*,*,#1913,.F.);
#2603=ORIENTED_EDGE('',*,*,#1712,.T.);
#2604=ORIENTED_EDGE('',*,*,#1914,.F.);
#2605=ORIENTED_EDGE('',*,*,#1909,.F.);
#2606=ORIENTED_EDGE('',*,*,#1915,.F.);
#2607=ORIENTED_EDGE('',*,*,#1916,.T.);
#2608=ORIENTED_EDGE('',*,*,#1917,.T.);
#2609=ORIENTED_EDGE('',*,*,#1918,.T.);
#2610=ORIENTED_EDGE('',*,*,#1917,.F.);
#2611=ORIENTED_EDGE('',*,*,#1919,.F.);
#2612=ORIENTED_EDGE('',*,*,#1920,.T.);
#2613=ORIENTED_EDGE('',*,*,#1918,.F.);
#2614=ORIENTED_EDGE('',*,*,#1921,.F.);
#2615=ORIENTED_EDGE('',*,*,#1740,.F.);
#2616=ORIENTED_EDGE('',*,*,#1910,.T.);
#2617=ORIENTED_EDGE('',*,*,#1922,.T.);
#2618=ORIENTED_EDGE('',*,*,#1914,.T.);
#2619=ORIENTED_EDGE('',*,*,#1715,.T.);
#2620=ORIENTED_EDGE('',*,*,#1923,.F.);
#2621=ORIENTED_EDGE('',*,*,#1924,.T.);
#2622=ORIENTED_EDGE('',*,*,#1925,.T.);
#2623=ORIENTED_EDGE('',*,*,#1741,.T.);
#2624=ORIENTED_EDGE('',*,*,#1921,.T.);
#2625=ORIENTED_EDGE('',*,*,#1926,.T.);
#2626=ORIENTED_EDGE('',*,*,#1923,.T.);
#2627=ORIENTED_EDGE('',*,*,#1714,.F.);
#2628=ORIENTED_EDGE('',*,*,#1927,.T.);
#2629=ORIENTED_EDGE('',*,*,#1928,.T.);
#2630=ORIENTED_EDGE('',*,*,#1929,.T.);
#2631=ORIENTED_EDGE('',*,*,#1924,.F.);
#2632=ORIENTED_EDGE('',*,*,#1920,.F.);
#2633=ORIENTED_EDGE('',*,*,#1928,.F.);
#2634=ORIENTED_EDGE('',*,*,#1919,.T.);
#2635=ORIENTED_EDGE('',*,*,#1916,.F.);
#2636=ORIENTED_EDGE('',*,*,#1930,.F.);
#2637=ORIENTED_EDGE('',*,*,#1931,.F.);
#2638=ORIENTED_EDGE('',*,*,#1929,.F.);
#2639=ORIENTED_EDGE('',*,*,#1930,.T.);
#2640=ORIENTED_EDGE('',*,*,#1915,.T.);
#2641=ORIENTED_EDGE('',*,*,#1931,.T.);
#2642=ORIENTED_EDGE('',*,*,#1911,.T.);
#2643=ORIENTED_EDGE('',*,*,#1742,.T.);
#2644=ORIENTED_EDGE('',*,*,#1925,.F.);
#2645=ORIENTED_EDGE('',*,*,#1932,.F.);
#2646=ORIENTED_EDGE('',*,*,#1927,.F.);
#2647=ORIENTED_EDGE('',*,*,#1713,.F.);
#2648=ORIENTED_EDGE('',*,*,#1913,.T.);
#2649=ORIENTED_EDGE('',*,*,#1932,.T.);
#2650=ORIENTED_EDGE('',*,*,#1933,.F.);
#2651=ORIENTED_EDGE('',*,*,#1934,.F.);
#2652=ORIENTED_EDGE('',*,*,#1935,.T.);
#2653=ORIENTED_EDGE('',*,*,#1936,.T.);
#2654=ORIENTED_EDGE('',*,*,#1937,.F.);
#2655=ORIENTED_EDGE('',*,*,#1926,.F.);
#2656=ORIENTED_EDGE('',*,*,#1935,.F.);
#2657=ORIENTED_EDGE('',*,*,#1938,.F.);
#2658=ORIENTED_EDGE('',*,*,#1936,.F.);
#2659=ORIENTED_EDGE('',*,*,#1934,.T.);
#2660=ORIENTED_EDGE('',*,*,#1939,.F.);
#2661=ORIENTED_EDGE('',*,*,#1922,.F.);
#2662=ORIENTED_EDGE('',*,*,#1937,.T.);
#2663=ORIENTED_EDGE('',*,*,#1938,.T.);
#2664=ORIENTED_EDGE('',*,*,#1940,.T.);
#2665=ORIENTED_EDGE('',*,*,#1912,.F.);
#2666=ORIENTED_EDGE('',*,*,#1940,.F.);
#2667=ORIENTED_EDGE('',*,*,#1939,.T.);
#2668=ORIENTED_EDGE('',*,*,#1933,.T.);
#2669=ORIENTED_EDGE('',*,*,#1941,.F.);
#2670=ORIENTED_EDGE('',*,*,#1942,.F.);
#2671=ORIENTED_EDGE('',*,*,#1943,.T.);
#2672=ORIENTED_EDGE('',*,*,#1944,.T.);
#2673=ORIENTED_EDGE('',*,*,#1945,.F.);
#2674=ORIENTED_EDGE('',*,*,#1944,.F.);
#2675=ORIENTED_EDGE('',*,*,#1946,.T.);
#2676=ORIENTED_EDGE('',*,*,#1947,.T.);
#2677=ORIENTED_EDGE('',*,*,#1948,.F.);
#2678=ORIENTED_EDGE('',*,*,#1947,.F.);
#2679=ORIENTED_EDGE('',*,*,#1949,.T.);
#2680=ORIENTED_EDGE('',*,*,#1950,.T.);
#2681=ORIENTED_EDGE('',*,*,#1951,.F.);
#2682=ORIENTED_EDGE('',*,*,#1950,.F.);
#2683=ORIENTED_EDGE('',*,*,#1952,.T.);
#2684=ORIENTED_EDGE('',*,*,#1942,.T.);
#2685=ORIENTED_EDGE('',*,*,#1953,.F.);
#2686=ORIENTED_EDGE('',*,*,#1954,.F.);
#2687=ORIENTED_EDGE('',*,*,#1955,.F.);
#2688=ORIENTED_EDGE('',*,*,#1956,.F.);
#2689=ORIENTED_EDGE('',*,*,#1948,.T.);
#2690=ORIENTED_EDGE('',*,*,#1951,.T.);
#2691=ORIENTED_EDGE('',*,*,#1941,.T.);
#2692=ORIENTED_EDGE('',*,*,#1945,.T.);
#2693=ORIENTED_EDGE('',*,*,#1946,.F.);
#2694=ORIENTED_EDGE('',*,*,#1957,.T.);
#2695=ORIENTED_EDGE('',*,*,#1953,.T.);
#2696=ORIENTED_EDGE('',*,*,#1958,.F.);
#2697=ORIENTED_EDGE('',*,*,#1949,.F.);
#2698=ORIENTED_EDGE('',*,*,#1958,.T.);
#2699=ORIENTED_EDGE('',*,*,#1956,.T.);
#2700=ORIENTED_EDGE('',*,*,#1959,.F.);
#2701=ORIENTED_EDGE('',*,*,#1952,.F.);
#2702=ORIENTED_EDGE('',*,*,#1959,.T.);
#2703=ORIENTED_EDGE('',*,*,#1955,.T.);
#2704=ORIENTED_EDGE('',*,*,#1960,.F.);
#2705=ORIENTED_EDGE('',*,*,#1943,.F.);
#2706=ORIENTED_EDGE('',*,*,#1960,.T.);
#2707=ORIENTED_EDGE('',*,*,#1954,.T.);
#2708=ORIENTED_EDGE('',*,*,#1957,.F.);
#2709=ORIENTED_EDGE('',*,*,#1961,.F.);
#2710=ORIENTED_EDGE('',*,*,#1962,.F.);
#2711=ORIENTED_EDGE('',*,*,#1963,.T.);
#2712=ORIENTED_EDGE('',*,*,#1964,.T.);
#2713=ORIENTED_EDGE('',*,*,#1965,.F.);
#2714=ORIENTED_EDGE('',*,*,#1964,.F.);
#2715=ORIENTED_EDGE('',*,*,#1966,.T.);
#2716=ORIENTED_EDGE('',*,*,#1967,.T.);
#2717=ORIENTED_EDGE('',*,*,#1968,.F.);
#2718=ORIENTED_EDGE('',*,*,#1967,.F.);
#2719=ORIENTED_EDGE('',*,*,#1969,.T.);
#2720=ORIENTED_EDGE('',*,*,#1970,.T.);
#2721=ORIENTED_EDGE('',*,*,#1971,.F.);
#2722=ORIENTED_EDGE('',*,*,#1970,.F.);
#2723=ORIENTED_EDGE('',*,*,#1972,.T.);
#2724=ORIENTED_EDGE('',*,*,#1962,.T.);
#2725=ORIENTED_EDGE('',*,*,#1973,.F.);
#2726=ORIENTED_EDGE('',*,*,#1974,.F.);
#2727=ORIENTED_EDGE('',*,*,#1975,.F.);
#2728=ORIENTED_EDGE('',*,*,#1976,.F.);
#2729=ORIENTED_EDGE('',*,*,#1968,.T.);
#2730=ORIENTED_EDGE('',*,*,#1971,.T.);
#2731=ORIENTED_EDGE('',*,*,#1961,.T.);
#2732=ORIENTED_EDGE('',*,*,#1965,.T.);
#2733=ORIENTED_EDGE('',*,*,#1966,.F.);
#2734=ORIENTED_EDGE('',*,*,#1977,.T.);
#2735=ORIENTED_EDGE('',*,*,#1973,.T.);
#2736=ORIENTED_EDGE('',*,*,#1978,.F.);
#2737=ORIENTED_EDGE('',*,*,#1969,.F.);
#2738=ORIENTED_EDGE('',*,*,#1978,.T.);
#2739=ORIENTED_EDGE('',*,*,#1976,.T.);
#2740=ORIENTED_EDGE('',*,*,#1979,.F.);
#2741=ORIENTED_EDGE('',*,*,#1972,.F.);
#2742=ORIENTED_EDGE('',*,*,#1979,.T.);
#2743=ORIENTED_EDGE('',*,*,#1975,.T.);
#2744=ORIENTED_EDGE('',*,*,#1980,.F.);
#2745=ORIENTED_EDGE('',*,*,#1963,.F.);
#2746=ORIENTED_EDGE('',*,*,#1980,.T.);
#2747=ORIENTED_EDGE('',*,*,#1974,.T.);
#2748=ORIENTED_EDGE('',*,*,#1977,.F.);
#2749=ORIENTED_EDGE('',*,*,#1981,.F.);
#2750=ORIENTED_EDGE('',*,*,#1982,.F.);
#2751=ORIENTED_EDGE('',*,*,#1983,.T.);
#2752=ORIENTED_EDGE('',*,*,#1984,.T.);
#2753=ORIENTED_EDGE('',*,*,#1985,.F.);
#2754=ORIENTED_EDGE('',*,*,#1984,.F.);
#2755=ORIENTED_EDGE('',*,*,#1986,.T.);
#2756=ORIENTED_EDGE('',*,*,#1987,.T.);
#2757=ORIENTED_EDGE('',*,*,#1988,.F.);
#2758=ORIENTED_EDGE('',*,*,#1987,.F.);
#2759=ORIENTED_EDGE('',*,*,#1989,.T.);
#2760=ORIENTED_EDGE('',*,*,#1990,.T.);
#2761=ORIENTED_EDGE('',*,*,#1991,.F.);
#2762=ORIENTED_EDGE('',*,*,#1990,.F.);
#2763=ORIENTED_EDGE('',*,*,#1992,.T.);
#2764=ORIENTED_EDGE('',*,*,#1982,.T.);
#2765=ORIENTED_EDGE('',*,*,#1993,.F.);
#2766=ORIENTED_EDGE('',*,*,#1994,.F.);
#2767=ORIENTED_EDGE('',*,*,#1995,.F.);
#2768=ORIENTED_EDGE('',*,*,#1996,.F.);
#2769=ORIENTED_EDGE('',*,*,#1988,.T.);
#2770=ORIENTED_EDGE('',*,*,#1991,.T.);
#2771=ORIENTED_EDGE('',*,*,#1981,.T.);
#2772=ORIENTED_EDGE('',*,*,#1985,.T.);
#2773=ORIENTED_EDGE('',*,*,#1986,.F.);
#2774=ORIENTED_EDGE('',*,*,#1997,.T.);
#2775=ORIENTED_EDGE('',*,*,#1993,.T.);
#2776=ORIENTED_EDGE('',*,*,#1998,.F.);
#2777=ORIENTED_EDGE('',*,*,#1989,.F.);
#2778=ORIENTED_EDGE('',*,*,#1998,.T.);
#2779=ORIENTED_EDGE('',*,*,#1996,.T.);
#2780=ORIENTED_EDGE('',*,*,#1999,.F.);
#2781=ORIENTED_EDGE('',*,*,#1992,.F.);
#2782=ORIENTED_EDGE('',*,*,#1999,.T.);
#2783=ORIENTED_EDGE('',*,*,#1995,.T.);
#2784=ORIENTED_EDGE('',*,*,#2000,.F.);
#2785=ORIENTED_EDGE('',*,*,#1983,.F.);
#2786=ORIENTED_EDGE('',*,*,#2000,.T.);
#2787=ORIENTED_EDGE('',*,*,#1994,.T.);
#2788=ORIENTED_EDGE('',*,*,#1997,.F.);
#2789=ORIENTED_EDGE('',*,*,#2001,.F.);
#2790=ORIENTED_EDGE('',*,*,#2002,.F.);
#2791=ORIENTED_EDGE('',*,*,#2003,.T.);
#2792=ORIENTED_EDGE('',*,*,#2004,.T.);
#2793=ORIENTED_EDGE('',*,*,#2005,.F.);
#2794=ORIENTED_EDGE('',*,*,#2004,.F.);
#2795=ORIENTED_EDGE('',*,*,#2006,.T.);
#2796=ORIENTED_EDGE('',*,*,#2007,.T.);
#2797=ORIENTED_EDGE('',*,*,#2008,.F.);
#2798=ORIENTED_EDGE('',*,*,#2007,.F.);
#2799=ORIENTED_EDGE('',*,*,#2009,.T.);
#2800=ORIENTED_EDGE('',*,*,#2010,.T.);
#2801=ORIENTED_EDGE('',*,*,#2011,.F.);
#2802=ORIENTED_EDGE('',*,*,#2010,.F.);
#2803=ORIENTED_EDGE('',*,*,#2012,.T.);
#2804=ORIENTED_EDGE('',*,*,#2002,.T.);
#2805=ORIENTED_EDGE('',*,*,#2013,.F.);
#2806=ORIENTED_EDGE('',*,*,#2014,.F.);
#2807=ORIENTED_EDGE('',*,*,#2015,.F.);
#2808=ORIENTED_EDGE('',*,*,#2016,.F.);
#2809=ORIENTED_EDGE('',*,*,#2008,.T.);
#2810=ORIENTED_EDGE('',*,*,#2011,.T.);
#2811=ORIENTED_EDGE('',*,*,#2001,.T.);
#2812=ORIENTED_EDGE('',*,*,#2005,.T.);
#2813=ORIENTED_EDGE('',*,*,#2006,.F.);
#2814=ORIENTED_EDGE('',*,*,#2017,.T.);
#2815=ORIENTED_EDGE('',*,*,#2013,.T.);
#2816=ORIENTED_EDGE('',*,*,#2018,.F.);
#2817=ORIENTED_EDGE('',*,*,#2009,.F.);
#2818=ORIENTED_EDGE('',*,*,#2018,.T.);
#2819=ORIENTED_EDGE('',*,*,#2016,.T.);
#2820=ORIENTED_EDGE('',*,*,#2019,.F.);
#2821=ORIENTED_EDGE('',*,*,#2012,.F.);
#2822=ORIENTED_EDGE('',*,*,#2019,.T.);
#2823=ORIENTED_EDGE('',*,*,#2015,.T.);
#2824=ORIENTED_EDGE('',*,*,#2020,.F.);
#2825=ORIENTED_EDGE('',*,*,#2003,.F.);
#2826=ORIENTED_EDGE('',*,*,#2020,.T.);
#2827=ORIENTED_EDGE('',*,*,#2014,.T.);
#2828=ORIENTED_EDGE('',*,*,#2017,.F.);
#2829=ORIENTED_EDGE('',*,*,#2021,.F.);
#2830=ORIENTED_EDGE('',*,*,#2022,.T.);
#2831=ORIENTED_EDGE('',*,*,#2023,.F.);
#2832=ORIENTED_EDGE('',*,*,#2024,.F.);
#2833=ORIENTED_EDGE('',*,*,#2025,.F.);
#2834=ORIENTED_EDGE('',*,*,#2026,.T.);
#2835=ORIENTED_EDGE('',*,*,#2027,.F.);
#2836=ORIENTED_EDGE('',*,*,#2022,.F.);
#2837=ORIENTED_EDGE('',*,*,#2028,.F.);
#2838=ORIENTED_EDGE('',*,*,#2029,.T.);
#2839=ORIENTED_EDGE('',*,*,#2030,.F.);
#2840=ORIENTED_EDGE('',*,*,#2026,.F.);
#2841=ORIENTED_EDGE('',*,*,#2031,.F.);
#2842=ORIENTED_EDGE('',*,*,#2024,.T.);
#2843=ORIENTED_EDGE('',*,*,#2032,.F.);
#2844=ORIENTED_EDGE('',*,*,#2029,.F.);
#2845=ORIENTED_EDGE('',*,*,#2033,.F.);
#2846=ORIENTED_EDGE('',*,*,#2034,.T.);
#2847=ORIENTED_EDGE('',*,*,#2035,.F.);
#2848=ORIENTED_EDGE('',*,*,#2036,.F.);
#2849=ORIENTED_EDGE('',*,*,#2037,.F.);
#2850=ORIENTED_EDGE('',*,*,#2038,.T.);
#2851=ORIENTED_EDGE('',*,*,#2039,.F.);
#2852=ORIENTED_EDGE('',*,*,#2034,.F.);
#2853=ORIENTED_EDGE('',*,*,#2040,.F.);
#2854=ORIENTED_EDGE('',*,*,#2041,.T.);
#2855=ORIENTED_EDGE('',*,*,#2042,.F.);
#2856=ORIENTED_EDGE('',*,*,#2038,.F.);
#2857=ORIENTED_EDGE('',*,*,#2043,.F.);
#2858=ORIENTED_EDGE('',*,*,#2036,.T.);
#2859=ORIENTED_EDGE('',*,*,#2044,.F.);
#2860=ORIENTED_EDGE('',*,*,#2041,.F.);
#2861=ORIENTED_EDGE('',*,*,#2045,.F.);
#2862=ORIENTED_EDGE('',*,*,#2046,.T.);
#2863=ORIENTED_EDGE('',*,*,#2047,.F.);
#2864=ORIENTED_EDGE('',*,*,#2048,.F.);
#2865=ORIENTED_EDGE('',*,*,#2049,.F.);
#2866=ORIENTED_EDGE('',*,*,#2050,.T.);
#2867=ORIENTED_EDGE('',*,*,#2051,.F.);
#2868=ORIENTED_EDGE('',*,*,#2046,.F.);
#2869=ORIENTED_EDGE('',*,*,#2052,.F.);
#2870=ORIENTED_EDGE('',*,*,#2053,.T.);
#2871=ORIENTED_EDGE('',*,*,#2054,.F.);
#2872=ORIENTED_EDGE('',*,*,#2050,.F.);
#2873=ORIENTED_EDGE('',*,*,#2055,.F.);
#2874=ORIENTED_EDGE('',*,*,#2048,.T.);
#2875=ORIENTED_EDGE('',*,*,#2056,.F.);
#2876=ORIENTED_EDGE('',*,*,#2053,.F.);
#2877=ORIENTED_EDGE('',*,*,#2057,.F.);
#2878=ORIENTED_EDGE('',*,*,#2058,.T.);
#2879=ORIENTED_EDGE('',*,*,#2059,.F.);
#2880=ORIENTED_EDGE('',*,*,#2060,.F.);
#2881=ORIENTED_EDGE('',*,*,#2061,.F.);
#2882=ORIENTED_EDGE('',*,*,#2062,.T.);
#2883=ORIENTED_EDGE('',*,*,#2063,.F.);
#2884=ORIENTED_EDGE('',*,*,#2058,.F.);
#2885=ORIENTED_EDGE('',*,*,#2064,.F.);
#2886=ORIENTED_EDGE('',*,*,#2065,.T.);
#2887=ORIENTED_EDGE('',*,*,#2066,.F.);
#2888=ORIENTED_EDGE('',*,*,#2062,.F.);
#2889=ORIENTED_EDGE('',*,*,#2067,.F.);
#2890=ORIENTED_EDGE('',*,*,#2060,.T.);
#2891=ORIENTED_EDGE('',*,*,#2068,.F.);
#2892=ORIENTED_EDGE('',*,*,#2065,.F.);
#2893=ORIENTED_EDGE('',*,*,#2069,.F.);
#2894=ORIENTED_EDGE('',*,*,#2070,.T.);
#2895=ORIENTED_EDGE('',*,*,#2071,.F.);
#2896=ORIENTED_EDGE('',*,*,#2072,.F.);
#2897=ORIENTED_EDGE('',*,*,#2073,.F.);
#2898=ORIENTED_EDGE('',*,*,#2072,.T.);
#2899=ORIENTED_EDGE('',*,*,#2074,.F.);
#2900=ORIENTED_EDGE('',*,*,#2075,.F.);
#2901=ORIENTED_EDGE('',*,*,#2076,.F.);
#2902=ORIENTED_EDGE('',*,*,#2075,.T.);
#2903=ORIENTED_EDGE('',*,*,#2077,.F.);
#2904=ORIENTED_EDGE('',*,*,#2078,.F.);
#2905=ORIENTED_EDGE('',*,*,#2079,.F.);
#2906=ORIENTED_EDGE('',*,*,#2078,.T.);
#2907=ORIENTED_EDGE('',*,*,#2080,.F.);
#2908=ORIENTED_EDGE('',*,*,#2070,.F.);
#2909=ORIENTED_EDGE('',*,*,#2080,.T.);
#2910=ORIENTED_EDGE('',*,*,#2077,.T.);
#2911=ORIENTED_EDGE('',*,*,#2074,.T.);
#2912=ORIENTED_EDGE('',*,*,#2071,.T.);
#2913=ORIENTED_EDGE('',*,*,#2081,.F.);
#2914=ORIENTED_EDGE('',*,*,#2082,.T.);
#2915=ORIENTED_EDGE('',*,*,#2083,.F.);
#2916=ORIENTED_EDGE('',*,*,#2084,.F.);
#2917=ORIENTED_EDGE('',*,*,#2085,.F.);
#2918=ORIENTED_EDGE('',*,*,#2084,.T.);
#2919=ORIENTED_EDGE('',*,*,#2086,.F.);
#2920=ORIENTED_EDGE('',*,*,#2087,.F.);
#2921=ORIENTED_EDGE('',*,*,#2088,.F.);
#2922=ORIENTED_EDGE('',*,*,#2087,.T.);
#2923=ORIENTED_EDGE('',*,*,#2089,.F.);
#2924=ORIENTED_EDGE('',*,*,#2090,.F.);
#2925=ORIENTED_EDGE('',*,*,#2091,.F.);
#2926=ORIENTED_EDGE('',*,*,#2090,.T.);
#2927=ORIENTED_EDGE('',*,*,#2092,.F.);
#2928=ORIENTED_EDGE('',*,*,#2082,.F.);
#2929=ORIENTED_EDGE('',*,*,#2092,.T.);
#2930=ORIENTED_EDGE('',*,*,#2089,.T.);
#2931=ORIENTED_EDGE('',*,*,#2086,.T.);
#2932=ORIENTED_EDGE('',*,*,#2083,.T.);
#2933=ORIENTED_EDGE('',*,*,#2069,.T.);
#2934=ORIENTED_EDGE('',*,*,#2073,.T.);
#2935=ORIENTED_EDGE('',*,*,#2076,.T.);
#2936=ORIENTED_EDGE('',*,*,#2079,.T.);
#2937=ORIENTED_EDGE('',*,*,#2093,.T.);
#2938=ORIENTED_EDGE('',*,*,#2094,.T.);
#2939=ORIENTED_EDGE('',*,*,#2095,.F.);
#2940=ORIENTED_EDGE('',*,*,#2094,.F.);
#2941=ORIENTED_EDGE('',*,*,#2096,.T.);
#2942=ORIENTED_EDGE('',*,*,#2097,.T.);
#2943=ORIENTED_EDGE('',*,*,#2098,.F.);
#2944=ORIENTED_EDGE('',*,*,#2099,.F.);
#2945=ORIENTED_EDGE('',*,*,#2100,.T.);
#2946=ORIENTED_EDGE('',*,*,#2099,.T.);
#2947=ORIENTED_EDGE('',*,*,#2101,.F.);
#2948=ORIENTED_EDGE('',*,*,#2102,.F.);
#2949=ORIENTED_EDGE('',*,*,#2096,.F.);
#2950=ORIENTED_EDGE('',*,*,#2100,.F.);
#2951=ORIENTED_EDGE('',*,*,#2103,.F.);
#2952=ORIENTED_EDGE('',*,*,#2104,.F.);
#2953=ORIENTED_EDGE('',*,*,#2105,.T.);
#2954=ORIENTED_EDGE('',*,*,#2106,.F.);
#2955=ORIENTED_EDGE('',*,*,#2107,.F.);
#2956=ORIENTED_EDGE('',*,*,#2108,.F.);
#2957=ORIENTED_EDGE('',*,*,#2109,.F.);
#2958=ORIENTED_EDGE('',*,*,#2023,.T.);
#2959=ORIENTED_EDGE('',*,*,#2027,.T.);
#2960=ORIENTED_EDGE('',*,*,#2030,.T.);
#2961=ORIENTED_EDGE('',*,*,#2032,.T.);
#2962=ORIENTED_EDGE('',*,*,#2035,.T.);
#2963=ORIENTED_EDGE('',*,*,#2039,.T.);
#2964=ORIENTED_EDGE('',*,*,#2042,.T.);
#2965=ORIENTED_EDGE('',*,*,#2044,.T.);
#2966=ORIENTED_EDGE('',*,*,#2047,.T.);
#2967=ORIENTED_EDGE('',*,*,#2051,.T.);
#2968=ORIENTED_EDGE('',*,*,#2054,.T.);
#2969=ORIENTED_EDGE('',*,*,#2056,.T.);
#2970=ORIENTED_EDGE('',*,*,#2059,.T.);
#2971=ORIENTED_EDGE('',*,*,#2063,.T.);
#2972=ORIENTED_EDGE('',*,*,#2066,.T.);
#2973=ORIENTED_EDGE('',*,*,#2068,.T.);
#2974=ORIENTED_EDGE('',*,*,#2110,.F.);
#2975=ORIENTED_EDGE('',*,*,#2111,.F.);
#2976=ORIENTED_EDGE('',*,*,#2093,.F.);
#2977=ORIENTED_EDGE('',*,*,#2109,.T.);
#2978=ORIENTED_EDGE('',*,*,#2112,.T.);
#2979=ORIENTED_EDGE('',*,*,#2113,.F.);
#2980=ORIENTED_EDGE('',*,*,#2112,.F.);
#2981=ORIENTED_EDGE('',*,*,#2107,.T.);
#2982=ORIENTED_EDGE('',*,*,#2114,.T.);
#2983=ORIENTED_EDGE('',*,*,#2115,.F.);
#2984=ORIENTED_EDGE('',*,*,#2116,.F.);
#2985=ORIENTED_EDGE('',*,*,#2106,.T.);
#2986=ORIENTED_EDGE('',*,*,#2117,.T.);
#2987=ORIENTED_EDGE('',*,*,#2118,.F.);
#2988=ORIENTED_EDGE('',*,*,#2114,.F.);
#2989=ORIENTED_EDGE('',*,*,#2110,.T.);
#2990=ORIENTED_EDGE('',*,*,#2119,.T.);
#2991=ORIENTED_EDGE('',*,*,#2120,.F.);
#2992=ORIENTED_EDGE('',*,*,#2119,.F.);
#2993=ORIENTED_EDGE('',*,*,#2111,.T.);
#2994=ORIENTED_EDGE('',*,*,#2121,.T.);
#2995=ORIENTED_EDGE('',*,*,#2122,.F.);
#2996=ORIENTED_EDGE('',*,*,#2121,.F.);
#2997=ORIENTED_EDGE('',*,*,#2105,.F.);
#2998=ORIENTED_EDGE('',*,*,#2123,.T.);
#2999=ORIENTED_EDGE('',*,*,#2124,.F.);
#3000=ORIENTED_EDGE('',*,*,#2117,.F.);
#3001=ORIENTED_EDGE('',*,*,#2108,.T.);
#3002=ORIENTED_EDGE('',*,*,#2116,.T.);
#3003=ORIENTED_EDGE('',*,*,#2125,.F.);
#3004=ORIENTED_EDGE('',*,*,#2097,.F.);
#3005=ORIENTED_EDGE('',*,*,#2103,.T.);
#3006=ORIENTED_EDGE('',*,*,#2102,.T.);
#3007=ORIENTED_EDGE('',*,*,#2126,.F.);
#3008=ORIENTED_EDGE('',*,*,#2127,.F.);
#3009=ORIENTED_EDGE('',*,*,#2104,.T.);
#3010=ORIENTED_EDGE('',*,*,#2127,.T.);
#3011=ORIENTED_EDGE('',*,*,#2128,.F.);
#3012=ORIENTED_EDGE('',*,*,#2123,.F.);
#3013=ORIENTED_EDGE('',*,*,#2098,.T.);
#3014=ORIENTED_EDGE('',*,*,#2125,.T.);
#3015=ORIENTED_EDGE('',*,*,#2115,.T.);
#3016=ORIENTED_EDGE('',*,*,#2118,.T.);
#3017=ORIENTED_EDGE('',*,*,#2124,.T.);
#3018=ORIENTED_EDGE('',*,*,#2128,.T.);
#3019=ORIENTED_EDGE('',*,*,#2126,.T.);
#3020=ORIENTED_EDGE('',*,*,#2101,.T.);
#3021=ORIENTED_EDGE('',*,*,#2021,.T.);
#3022=ORIENTED_EDGE('',*,*,#2031,.T.);
#3023=ORIENTED_EDGE('',*,*,#2028,.T.);
#3024=ORIENTED_EDGE('',*,*,#2025,.T.);
#3025=ORIENTED_EDGE('',*,*,#2033,.T.);
#3026=ORIENTED_EDGE('',*,*,#2043,.T.);
#3027=ORIENTED_EDGE('',*,*,#2040,.T.);
#3028=ORIENTED_EDGE('',*,*,#2037,.T.);
#3029=ORIENTED_EDGE('',*,*,#2045,.T.);
#3030=ORIENTED_EDGE('',*,*,#2055,.T.);
#3031=ORIENTED_EDGE('',*,*,#2052,.T.);
#3032=ORIENTED_EDGE('',*,*,#2049,.T.);
#3033=ORIENTED_EDGE('',*,*,#2057,.T.);
#3034=ORIENTED_EDGE('',*,*,#2067,.T.);
#3035=ORIENTED_EDGE('',*,*,#2064,.T.);
#3036=ORIENTED_EDGE('',*,*,#2061,.T.);
#3037=ORIENTED_EDGE('',*,*,#2081,.T.);
#3038=ORIENTED_EDGE('',*,*,#2085,.T.);
#3039=ORIENTED_EDGE('',*,*,#2088,.T.);
#3040=ORIENTED_EDGE('',*,*,#2091,.T.);
#3041=ORIENTED_EDGE('',*,*,#2120,.T.);
#3042=ORIENTED_EDGE('',*,*,#2095,.T.);
#3043=ORIENTED_EDGE('',*,*,#2122,.T.);
#3044=ORIENTED_EDGE('',*,*,#2113,.T.);
#3045=PLANE('',#3497);
#3046=PLANE('',#3498);
#3047=PLANE('',#3499);
#3048=PLANE('',#3500);
#3049=PLANE('',#3501);
#3050=PLANE('',#3502);
#3051=PLANE('',#3503);
#3052=PLANE('',#3504);
#3053=PLANE('',#3505);
#3054=PLANE('',#3506);
#3055=PLANE('',#3507);
#3056=PLANE('',#3508);
#3057=PLANE('',#3509);
#3058=PLANE('',#3510);
#3059=PLANE('',#3511);
#3060=PLANE('',#3512);
#3061=PLANE('',#3513);
#3062=PLANE('',#3514);
#3063=PLANE('',#3515);
#3064=PLANE('',#3516);
#3065=PLANE('',#3517);
#3066=PLANE('',#3518);
#3067=PLANE('',#3519);
#3068=PLANE('',#3520);
#3069=PLANE('',#3521);
#3070=PLANE('',#3522);
#3071=PLANE('',#3523);
#3072=PLANE('',#3524);
#3073=PLANE('',#3525);
#3074=PLANE('',#3526);
#3075=PLANE('',#3527);
#3076=PLANE('',#3528);
#3077=PLANE('',#3529);
#3078=PLANE('',#3530);
#3079=PLANE('',#3531);
#3080=PLANE('',#3532);
#3081=PLANE('',#3533);
#3082=PLANE('',#3534);
#3083=PLANE('',#3535);
#3084=PLANE('',#3536);
#3085=PLANE('',#3537);
#3086=PLANE('',#3538);
#3087=PLANE('',#3539);
#3088=PLANE('',#3540);
#3089=PLANE('',#3541);
#3090=PLANE('',#3542);
#3091=PLANE('',#3543);
#3092=PLANE('',#3544);
#3093=PLANE('',#3545);
#3094=PLANE('',#3546);
#3095=PLANE('',#3547);
#3096=PLANE('',#3548);
#3097=PLANE('',#3549);
#3098=PLANE('',#3550);
#3099=PLANE('',#3551);
#3100=PLANE('',#3552);
#3101=PLANE('',#3553);
#3102=PLANE('',#3554);
#3103=PLANE('',#3555);
#3104=PLANE('',#3556);
#3105=PLANE('',#3557);
#3106=PLANE('',#3558);
#3107=PLANE('',#3559);
#3108=PLANE('',#3560);
#3109=PLANE('',#3561);
#3110=PLANE('',#3562);
#3111=PLANE('',#3563);
#3112=PLANE('',#3564);
#3113=PLANE('',#3565);
#3114=PLANE('',#3566);
#3115=PLANE('',#3567);
#3116=PLANE('',#3568);
#3117=PLANE('',#3569);
#3118=PLANE('',#3570);
#3119=PLANE('',#3571);
#3120=PLANE('',#3572);
#3121=PLANE('',#3573);
#3122=PLANE('',#3574);
#3123=PLANE('',#3575);
#3124=PLANE('',#3576);
#3125=PLANE('',#3577);
#3126=PLANE('',#3578);
#3127=PLANE('',#3579);
#3128=PLANE('',#3580);
#3129=PLANE('',#3581);
#3130=PLANE('',#3582);
#3131=PLANE('',#3583);
#3132=PLANE('',#3584);
#3133=PLANE('',#3585);
#3134=PLANE('',#3586);
#3135=PLANE('',#3587);
#3136=PLANE('',#3588);
#3137=PLANE('',#3589);
#3138=PLANE('',#3590);
#3139=PLANE('',#3591);
#3140=PLANE('',#3592);
#3141=PLANE('',#3593);
#3142=PLANE('',#3594);
#3143=PLANE('',#3595);
#3144=PLANE('',#3596);
#3145=PLANE('',#3597);
#3146=PLANE('',#3598);
#3147=PLANE('',#3599);
#3148=PLANE('',#3600);
#3149=PLANE('',#3601);
#3150=PLANE('',#3602);
#3151=PLANE('',#3603);
#3152=PLANE('',#3604);
#3153=PLANE('',#3605);
#3154=PLANE('',#3606);
#3155=PLANE('',#3607);
#3156=PLANE('',#3608);
#3157=PLANE('',#3609);
#3158=PLANE('',#3610);
#3159=PLANE('',#3611);
#3160=PLANE('',#3612);
#3161=PLANE('',#3614);
#3162=PLANE('',#3615);
#3163=PLANE('',#3616);
#3164=PLANE('',#3617);
#3165=PLANE('',#3618);
#3166=PLANE('',#3623);
#3167=PLANE('',#3624);
#3168=PLANE('',#3625);
#3169=PLANE('',#3626);
#3170=PLANE('',#3627);
#3171=PLANE('',#3632);
#3172=PLANE('',#3633);
#3173=PLANE('',#3634);
#3174=PLANE('',#3635);
#3175=PLANE('',#3636);
#3176=PLANE('',#3641);
#3177=PLANE('',#3642);
#3178=PLANE('',#3643);
#3179=PLANE('',#3644);
#3180=PLANE('',#3645);
#3181=PLANE('',#3650);
#3182=PLANE('',#3651);
#3183=PLANE('',#3652);
#3184=PLANE('',#3653);
#3185=PLANE('',#3654);
#3186=PLANE('',#3655);
#3187=PLANE('',#3656);
#3188=PLANE('',#3657);
#3189=PLANE('',#3658);
#3190=PLANE('',#3659);
#3191=PLANE('',#3660);
#3192=PLANE('',#3661);
#3193=PLANE('',#3662);
#3194=PLANE('',#3663);
#3195=PLANE('',#3664);
#3196=PLANE('',#3665);
#3197=PLANE('',#3666);
#3198=PLANE('',#3667);
#3199=PLANE('',#3668);
#3200=PLANE('',#3669);
#3201=PLANE('',#3670);
#3202=PLANE('',#3671);
#3203=PLANE('',#3672);
#3204=PLANE('',#3673);
#3205=PLANE('',#3674);
#3206=PLANE('',#3675);
#3207=PLANE('',#3679);
#3208=PLANE('',#3680);
#3209=PLANE('',#3681);
#3210=PLANE('',#3687);
#3211=PLANE('',#3688);
#3212=PLANE('',#3693);
#3213=PLANE('',#3694);
#3214=PLANE('',#3695);
#3215=PLANE('',#3696);
#3216=PLANE('',#3697);
#3217=STYLED_ITEM('',(#5832),#3274);
#3218=STYLED_ITEM('',(#5832),#3275);
#3219=STYLED_ITEM('',(#5832),#3276);
#3220=STYLED_ITEM('',(#5832),#3277);
#3221=STYLED_ITEM('',(#5832),#3278);
#3222=STYLED_ITEM('',(#5832),#3279);
#3223=STYLED_ITEM('',(#5832),#3280);
#3224=STYLED_ITEM('',(#5832),#3281);
#3225=STYLED_ITEM('',(#5832),#3282);
#3226=STYLED_ITEM('',(#5832),#3283);
#3227=STYLED_ITEM('',(#5832),#3284);
#3228=STYLED_ITEM('',(#5832),#3285);
#3229=STYLED_ITEM('',(#5832),#3286);
#3230=STYLED_ITEM('',(#5832),#3287);
#3231=STYLED_ITEM('',(#5832),#3288);
#3232=STYLED_ITEM('',(#5832),#3289);
#3233=STYLED_ITEM('',(#5832),#3290);
#3234=STYLED_ITEM('',(#5832),#3291);
#3235=STYLED_ITEM('',(#5832),#3292);
#3236=STYLED_ITEM('',(#5832),#3293);
#3237=STYLED_ITEM('',(#5832),#3294);
#3238=STYLED_ITEM('',(#5832),#3295);
#3239=STYLED_ITEM('',(#5832),#3296);
#3240=STYLED_ITEM('',(#5832),#3297);
#3241=STYLED_ITEM('',(#5832),#3298);
#3242=STYLED_ITEM('',(#5832),#3299);
#3243=STYLED_ITEM('',(#5832),#3300);
#3244=STYLED_ITEM('',(#5832),#3301);
#3245=STYLED_ITEM('',(#5832),#3302);
#3246=STYLED_ITEM('',(#5832),#3303);
#3247=STYLED_ITEM('',(#5832),#3304);
#3248=STYLED_ITEM('',(#5832),#3305);
#3249=STYLED_ITEM('',(#5832),#3306);
#3250=STYLED_ITEM('',(#5832),#3325);
#3251=STYLED_ITEM('',(#5832),#3326);
#3252=STYLED_ITEM('',(#5832),#3327);
#3253=STYLED_ITEM('',(#5832),#3328);
#3254=STYLED_ITEM('',(#5832),#3329);
#3255=STYLED_ITEM('',(#5832),#3330);
#3256=STYLED_ITEM('',(#5832),#3331);
#3257=STYLED_ITEM('',(#5832),#3332);
#3258=STYLED_ITEM('',(#5832),#3333);
#3259=STYLED_ITEM('',(#5832),#3334);
#3260=STYLED_ITEM('',(#5832),#3335);
#3261=STYLED_ITEM('',(#5831),#69);
#3262=STYLED_ITEM('',(#5833),#70);
#3263=STYLED_ITEM('',(#5833),#71);
#3264=STYLED_ITEM('',(#5833),#72);
#3265=STYLED_ITEM('',(#5833),#73);
#3266=STYLED_ITEM('',(#5828),#3446);
#3267=STYLED_ITEM('',(#5829),#3447);
#3268=STYLED_ITEM('',(#5829),#3448);
#3269=STYLED_ITEM('',(#5829),#3449);
#3270=STYLED_ITEM('',(#5829),#3450);
#3271=STYLED_ITEM('',(#5829),#3451);
#3272=STYLED_ITEM('',(#5830),#3455);
#3273=STYLED_ITEM('',(#5827),#74);
#3274=ADVANCED_FACE('',(#105),#3045,.F.);
#3275=ADVANCED_FACE('',(#106),#3046,.F.);
#3276=ADVANCED_FACE('',(#107),#3047,.F.);
#3277=ADVANCED_FACE('',(#108),#3048,.F.);
#3278=ADVANCED_FACE('',(#109),#3049,.F.);
#3279=ADVANCED_FACE('',(#110),#3050,.F.);
#3280=ADVANCED_FACE('',(#111),#3051,.T.);
#3281=ADVANCED_FACE('',(#112),#3052,.T.);
#3282=ADVANCED_FACE('',(#113),#3053,.T.);
#3283=ADVANCED_FACE('',(#114),#3054,.T.);
#3284=ADVANCED_FACE('',(#115,#75),#3055,.F.);
#3285=ADVANCED_FACE('',(#116),#3056,.T.);
#3286=ADVANCED_FACE('',(#117,#76,#77,#78,#79),#3057,.T.);
#3287=ADVANCED_FACE('',(#118),#3058,.T.);
#3288=ADVANCED_FACE('',(#119),#3059,.F.);
#3289=ADVANCED_FACE('',(#120,#80),#3060,.F.);
#3290=ADVANCED_FACE('',(#121),#3061,.T.);
#3291=ADVANCED_FACE('',(#122),#3062,.T.);
#3292=ADVANCED_FACE('',(#123),#3063,.F.);
#3293=ADVANCED_FACE('',(#124),#3064,.T.);
#3294=ADVANCED_FACE('',(#125),#3065,.T.);
#3295=ADVANCED_FACE('',(#126),#3066,.T.);
#3296=ADVANCED_FACE('',(#127),#3067,.F.);
#3297=ADVANCED_FACE('',(#128,#81),#3068,.F.);
#3298=ADVANCED_FACE('',(#129),#3069,.T.);
#3299=ADVANCED_FACE('',(#130),#3070,.T.);
#3300=ADVANCED_FACE('',(#131),#3071,.F.);
#3301=ADVANCED_FACE('',(#132),#3072,.T.);
#3302=ADVANCED_FACE('',(#133),#3073,.T.);
#3303=ADVANCED_FACE('',(#134),#3074,.T.);
#3304=ADVANCED_FACE('',(#135),#3075,.F.);
#3305=ADVANCED_FACE('',(#136),#3076,.T.);
#3306=ADVANCED_FACE('',(#137),#3077,.T.);
#3307=ADVANCED_FACE('',(#138),#3078,.F.);
#3308=ADVANCED_FACE('',(#139),#3079,.F.);
#3309=ADVANCED_FACE('',(#140),#3080,.T.);
#3310=ADVANCED_FACE('',(#141),#3081,.T.);
#3311=ADVANCED_FACE('',(#142),#3082,.T.);
#3312=ADVANCED_FACE('',(#143),#3083,.T.);
#3313=ADVANCED_FACE('',(#144),#3084,.T.);
#3314=ADVANCED_FACE('',(#145),#3085,.T.);
#3315=ADVANCED_FACE('',(#146),#3086,.T.);
#3316=ADVANCED_FACE('',(#147),#3087,.T.);
#3317=ADVANCED_FACE('',(#148),#3088,.T.);
#3318=ADVANCED_FACE('',(#149),#3089,.T.);
#3319=ADVANCED_FACE('',(#150),#3090,.T.);
#3320=ADVANCED_FACE('',(#151),#3091,.T.);
#3321=ADVANCED_FACE('',(#152),#3092,.T.);
#3322=ADVANCED_FACE('',(#153),#3093,.T.);
#3323=ADVANCED_FACE('',(#154),#3094,.T.);
#3324=ADVANCED_FACE('',(#155),#3095,.T.);
#3325=ADVANCED_FACE('',(#156),#3096,.T.);
#3326=ADVANCED_FACE('',(#157),#3097,.T.);
#3327=ADVANCED_FACE('',(#158),#3098,.F.);
#3328=ADVANCED_FACE('',(#159,#82),#3099,.F.);
#3329=ADVANCED_FACE('',(#160),#3100,.T.);
#3330=ADVANCED_FACE('',(#161),#3101,.T.);
#3331=ADVANCED_FACE('',(#162),#3102,.F.);
#3332=ADVANCED_FACE('',(#163),#3103,.T.);
#3333=ADVANCED_FACE('',(#164),#3104,.T.);
#3334=ADVANCED_FACE('',(#165),#3105,.T.);
#3335=ADVANCED_FACE('',(#166),#3106,.T.);
#3336=ADVANCED_FACE('',(#167),#3107,.F.);
#3337=ADVANCED_FACE('',(#168),#3108,.F.);
#3338=ADVANCED_FACE('',(#169),#3109,.T.);
#3339=ADVANCED_FACE('',(#170),#3110,.T.);
#3340=ADVANCED_FACE('',(#171),#3111,.T.);
#3341=ADVANCED_FACE('',(#172),#3112,.T.);
#3342=ADVANCED_FACE('',(#173),#3113,.T.);
#3343=ADVANCED_FACE('',(#174),#3114,.T.);
#3344=ADVANCED_FACE('',(#175),#3115,.T.);
#3345=ADVANCED_FACE('',(#176),#3116,.T.);
#3346=ADVANCED_FACE('',(#177),#3117,.T.);
#3347=ADVANCED_FACE('',(#178),#3118,.T.);
#3348=ADVANCED_FACE('',(#179),#3119,.T.);
#3349=ADVANCED_FACE('',(#180),#3120,.T.);
#3350=ADVANCED_FACE('',(#181),#3121,.T.);
#3351=ADVANCED_FACE('',(#182),#3122,.T.);
#3352=ADVANCED_FACE('',(#183),#3123,.T.);
#3353=ADVANCED_FACE('',(#184),#3124,.T.);
#3354=ADVANCED_FACE('',(#185),#3125,.F.);
#3355=ADVANCED_FACE('',(#186),#3126,.F.);
#3356=ADVANCED_FACE('',(#187),#3127,.T.);
#3357=ADVANCED_FACE('',(#188),#3128,.T.);
#3358=ADVANCED_FACE('',(#189),#3129,.T.);
#3359=ADVANCED_FACE('',(#190),#3130,.T.);
#3360=ADVANCED_FACE('',(#191),#3131,.T.);
#3361=ADVANCED_FACE('',(#192),#3132,.T.);
#3362=ADVANCED_FACE('',(#193),#3133,.T.);
#3363=ADVANCED_FACE('',(#194),#3134,.T.);
#3364=ADVANCED_FACE('',(#195),#3135,.T.);
#3365=ADVANCED_FACE('',(#196),#3136,.T.);
#3366=ADVANCED_FACE('',(#197),#3137,.T.);
#3367=ADVANCED_FACE('',(#198),#3138,.T.);
#3368=ADVANCED_FACE('',(#199),#3139,.T.);
#3369=ADVANCED_FACE('',(#200),#3140,.T.);
#3370=ADVANCED_FACE('',(#201),#3141,.T.);
#3371=ADVANCED_FACE('',(#202),#3142,.T.);
#3372=ADVANCED_FACE('',(#203),#3143,.F.);
#3373=ADVANCED_FACE('',(#204),#3144,.F.);
#3374=ADVANCED_FACE('',(#205),#3145,.T.);
#3375=ADVANCED_FACE('',(#206),#3146,.T.);
#3376=ADVANCED_FACE('',(#207),#3147,.T.);
#3377=ADVANCED_FACE('',(#208),#3148,.T.);
#3378=ADVANCED_FACE('',(#209),#3149,.T.);
#3379=ADVANCED_FACE('',(#210),#3150,.T.);
#3380=ADVANCED_FACE('',(#211),#3151,.T.);
#3381=ADVANCED_FACE('',(#212),#3152,.T.);
#3382=ADVANCED_FACE('',(#213),#3153,.T.);
#3383=ADVANCED_FACE('',(#214),#3154,.T.);
#3384=ADVANCED_FACE('',(#215),#3155,.T.);
#3385=ADVANCED_FACE('',(#216),#3156,.T.);
#3386=ADVANCED_FACE('',(#217),#3157,.T.);
#3387=ADVANCED_FACE('',(#218),#3158,.T.);
#3388=ADVANCED_FACE('',(#219),#3159,.T.);
#3389=ADVANCED_FACE('',(#220),#3160,.T.);
#3390=ADVANCED_FACE('',(#221),#3161,.F.);
#3391=ADVANCED_FACE('',(#222),#3162,.F.);
#3392=ADVANCED_FACE('',(#223),#3163,.F.);
#3393=ADVANCED_FACE('',(#224),#3164,.F.);
#3394=ADVANCED_FACE('',(#225,#83),#3165,.F.);
#3395=ADVANCED_FACE('',(#226),#23,.F.);
#3396=ADVANCED_FACE('',(#227),#24,.F.);
#3397=ADVANCED_FACE('',(#228),#25,.F.);
#3398=ADVANCED_FACE('',(#229),#26,.F.);
#3399=ADVANCED_FACE('',(#230),#3166,.F.);
#3400=ADVANCED_FACE('',(#231),#3167,.F.);
#3401=ADVANCED_FACE('',(#232),#3168,.F.);
#3402=ADVANCED_FACE('',(#233),#3169,.F.);
#3403=ADVANCED_FACE('',(#234,#84),#3170,.F.);
#3404=ADVANCED_FACE('',(#235),#27,.F.);
#3405=ADVANCED_FACE('',(#236),#28,.F.);
#3406=ADVANCED_FACE('',(#237),#29,.F.);
#3407=ADVANCED_FACE('',(#238),#30,.F.);
#3408=ADVANCED_FACE('',(#239),#3171,.F.);
#3409=ADVANCED_FACE('',(#240),#3172,.F.);
#3410=ADVANCED_FACE('',(#241),#3173,.F.);
#3411=ADVANCED_FACE('',(#242),#3174,.F.);
#3412=ADVANCED_FACE('',(#243,#85),#3175,.F.);
#3413=ADVANCED_FACE('',(#244),#31,.F.);
#3414=ADVANCED_FACE('',(#245),#32,.F.);
#3415=ADVANCED_FACE('',(#246),#33,.F.);
#3416=ADVANCED_FACE('',(#247),#34,.F.);
#3417=ADVANCED_FACE('',(#248),#3176,.F.);
#3418=ADVANCED_FACE('',(#249),#3177,.F.);
#3419=ADVANCED_FACE('',(#250),#3178,.F.);
#3420=ADVANCED_FACE('',(#251),#3179,.F.);
#3421=ADVANCED_FACE('',(#252,#86),#3180,.F.);
#3422=ADVANCED_FACE('',(#253),#35,.F.);
#3423=ADVANCED_FACE('',(#254),#36,.F.);
#3424=ADVANCED_FACE('',(#255),#37,.F.);
#3425=ADVANCED_FACE('',(#256),#38,.F.);
#3426=ADVANCED_FACE('',(#257),#3181,.F.);
#3427=ADVANCED_FACE('',(#258),#3182,.F.);
#3428=ADVANCED_FACE('',(#259),#3183,.F.);
#3429=ADVANCED_FACE('',(#260),#3184,.F.);
#3430=ADVANCED_FACE('',(#261),#3185,.F.);
#3431=ADVANCED_FACE('',(#262),#3186,.F.);
#3432=ADVANCED_FACE('',(#263),#3187,.F.);
#3433=ADVANCED_FACE('',(#264),#3188,.F.);
#3434=ADVANCED_FACE('',(#265),#3189,.F.);
#3435=ADVANCED_FACE('',(#266),#3190,.F.);
#3436=ADVANCED_FACE('',(#267),#3191,.F.);
#3437=ADVANCED_FACE('',(#268),#3192,.F.);
#3438=ADVANCED_FACE('',(#269),#3193,.F.);
#3439=ADVANCED_FACE('',(#270),#3194,.F.);
#3440=ADVANCED_FACE('',(#271),#3195,.F.);
#3441=ADVANCED_FACE('',(#272),#3196,.F.);
#3442=ADVANCED_FACE('',(#273),#3197,.T.);
#3443=ADVANCED_FACE('',(#274),#3198,.T.);
#3444=ADVANCED_FACE('',(#275),#3199,.T.);
#3445=ADVANCED_FACE('',(#276),#3200,.T.);
#3446=ADVANCED_FACE('',(#277),#3201,.T.);
#3447=ADVANCED_FACE('',(#278),#3202,.T.);
#3448=ADVANCED_FACE('',(#279),#3203,.T.);
#3449=ADVANCED_FACE('',(#280),#3204,.T.);
#3450=ADVANCED_FACE('',(#281),#3205,.T.);
#3451=ADVANCED_FACE('',(#282,#87),#3206,.T.);
#3452=ADVANCED_FACE('',(#283),#19,.F.);
#3453=ADVANCED_FACE('',(#284),#3207,.T.);
#3454=ADVANCED_FACE('',(#285),#3208,.T.);
#3455=ADVANCED_FACE('',(#286,#88,#89,#90,#91,#92,#93,#94,#95),#3209,.F.);
#3456=ADVANCED_FACE('',(#287),#20,.F.);
#3457=ADVANCED_FACE('',(#288),#3210,.T.);
#3458=ADVANCED_FACE('',(#289),#3211,.T.);
#3459=ADVANCED_FACE('',(#290),#21,.F.);
#3460=ADVANCED_FACE('',(#291),#22,.F.);
#3461=ADVANCED_FACE('',(#292),#3212,.T.);
#3462=ADVANCED_FACE('',(#293),#3213,.T.);
#3463=ADVANCED_FACE('',(#294),#3214,.T.);
#3464=ADVANCED_FACE('',(#295),#3215,.T.);
#3465=ADVANCED_FACE('',(#296,#96,#97,#98,#99,#100,#101,#102,#103,#104),
#3216,.T.);
#3466=CLOSED_SHELL('',(#3274,#3275,#3276,#3277,#3278,#3279,#3280,#3281,
#3282,#3283,#3284,#3285,#3286,#3287,#3288,#3289,#3290,#3291,#3292,#3293,
#3294,#3295,#3296,#3297,#3298,#3299,#3300,#3301,#3302,#3303,#3304,#3305,
#3306,#3307,#3308,#3309,#3310,#3311,#3312,#3313,#3314,#3315,#3316,#3317,
#3318,#3319,#3320,#3321,#3322,#3323,#3324,#3325,#3326,#3327,#3328,#3329,
#3330,#3331,#3332,#3333,#3334,#3335,#3336,#3337,#3338,#3339,#3340,#3341,
#3342,#3343,#3344,#3345,#3346,#3347,#3348,#3349,#3350,#3351,#3352,#3353,
#3354,#3355,#3356,#3357,#3358,#3359,#3360,#3361,#3362,#3363,#3364,#3365,
#3366,#3367,#3368,#3369,#3370,#3371,#3372,#3373,#3374,#3375,#3376,#3377,
#3378,#3379,#3380,#3381,#3382,#3383,#3384,#3385,#3386,#3387,#3388,#3389));
#3467=CLOSED_SHELL('',(#3390,#3391,#3392,#3393,#3394,#3395,#3396,#3397,
#3398));
#3468=CLOSED_SHELL('',(#3399,#3400,#3401,#3402,#3403,#3404,#3405,#3406,
#3407));
#3469=CLOSED_SHELL('',(#3408,#3409,#3410,#3411,#3412,#3413,#3414,#3415,
#3416));
#3470=CLOSED_SHELL('',(#3417,#3418,#3419,#3420,#3421,#3422,#3423,#3424,
#3425));
#3471=CLOSED_SHELL('',(#3426,#3427,#3428,#3429,#3430,#3431,#3432,#3433,
#3434,#3435,#3436,#3437,#3438,#3439,#3440,#3441,#3442,#3443,#3444,#3445,
#3446,#3447,#3448,#3449,#3450,#3451,#3452,#3453,#3454,#3455,#3456,#3457,
#3458,#3459,#3460,#3461,#3462,#3463,#3464,#3465));
#3472=DERIVED_UNIT_ELEMENT(#3476,1.);
#3473=DERIVED_UNIT_ELEMENT(#5796,-3.);
#3474=DERIVED_UNIT_ELEMENT(#3476,1.);
#3475=DERIVED_UNIT_ELEMENT(#5796,-3.);
#3476=(
MASS_UNIT()
NAMED_UNIT(*)
SI_UNIT(.KILO.,.GRAM.)
);
#3477=DERIVED_UNIT((#3472,#3473));
#3478=DERIVED_UNIT((#3474,#3475));
#3479=MEASURE_REPRESENTATION_ITEM('density measure',
POSITIVE_RATIO_MEASURE(7850.),#3477);
#3480=MEASURE_REPRESENTATION_ITEM('density measure',
POSITIVE_RATIO_MEASURE(1000.),#3478);
#3481=PROPERTY_DEFINITION_REPRESENTATION(#3491,#3485);
#3482=PROPERTY_DEFINITION_REPRESENTATION(#3492,#3486);
#3483=PROPERTY_DEFINITION_REPRESENTATION(#3493,#3487);
#3484=PROPERTY_DEFINITION_REPRESENTATION(#3494,#3488);
#3485=REPRESENTATION('material name',(#3489),#5792);
#3486=REPRESENTATION('density',(#3479),#5792);
#3487=REPRESENTATION('material name',(#3490),#5793);
#3488=REPRESENTATION('density',(#3480),#5793);
#3489=DESCRIPTIVE_REPRESENTATION_ITEM('Steel','Steel');
#3490=DESCRIPTIVE_REPRESENTATION_ITEM('Generic','Generic');
#3491=PROPERTY_DEFINITION('material property','material name',#5812);
#3492=PROPERTY_DEFINITION('material property','density of part',#5812);
#3493=PROPERTY_DEFINITION('material property','material name',#5813);
#3494=PROPERTY_DEFINITION('material property','density of part',#5813);
#3495=AXIS2_PLACEMENT_3D('',#4544,#3700,#3701);
#3496=AXIS2_PLACEMENT_3D('',#4545,#3702,#3703);
#3497=AXIS2_PLACEMENT_3D('',#4546,#3704,#3705);
#3498=AXIS2_PLACEMENT_3D('',#4555,#3710,#3711);
#3499=AXIS2_PLACEMENT_3D('',#4568,#3718,#3719);
#3500=AXIS2_PLACEMENT_3D('',#4581,#3726,#3727);
#3501=AXIS2_PLACEMENT_3D('',#4594,#3734,#3735);
#3502=AXIS2_PLACEMENT_3D('',#4603,#3740,#3741);
#3503=AXIS2_PLACEMENT_3D('',#4609,#3745,#3746);
#3504=AXIS2_PLACEMENT_3D('',#4615,#3750,#3751);
#3505=AXIS2_PLACEMENT_3D('',#4619,#3754,#3755);
#3506=AXIS2_PLACEMENT_3D('',#4623,#3758,#3759);
#3507=AXIS2_PLACEMENT_3D('',#4629,#3763,#3764);
#3508=AXIS2_PLACEMENT_3D('',#4641,#3771,#3772);
#3509=AXIS2_PLACEMENT_3D('',#4645,#3775,#3776);
#3510=AXIS2_PLACEMENT_3D('',#4719,#3814,#3815);
#3511=AXIS2_PLACEMENT_3D('',#4724,#3819,#3820);
#3512=AXIS2_PLACEMENT_3D('',#4728,#3823,#3824);
#3513=AXIS2_PLACEMENT_3D('',#4742,#3832,#3833);
#3514=AXIS2_PLACEMENT_3D('',#4745,#3836,#3837);
#3515=AXIS2_PLACEMENT_3D('',#4748,#3840,#3841);
#3516=AXIS2_PLACEMENT_3D('',#4750,#3843,#3844);
#3517=AXIS2_PLACEMENT_3D('',#4753,#3847,#3848);
#3518=AXIS2_PLACEMENT_3D('',#4754,#3849,#3850);
#3519=AXIS2_PLACEMENT_3D('',#4758,#3853,#3854);
#3520=AXIS2_PLACEMENT_3D('',#4762,#3857,#3858);
#3521=AXIS2_PLACEMENT_3D('',#4776,#3866,#3867);
#3522=AXIS2_PLACEMENT_3D('',#4779,#3870,#3871);
#3523=AXIS2_PLACEMENT_3D('',#4782,#3874,#3875);
#3524=AXIS2_PLACEMENT_3D('',#4784,#3877,#3878);
#3525=AXIS2_PLACEMENT_3D('',#4787,#3881,#3882);
#3526=AXIS2_PLACEMENT_3D('',#4788,#3883,#3884);
#3527=AXIS2_PLACEMENT_3D('',#4790,#3886,#3887);
#3528=AXIS2_PLACEMENT_3D('',#4792,#3889,#3890);
#3529=AXIS2_PLACEMENT_3D('',#4793,#3891,#3892);
#3530=AXIS2_PLACEMENT_3D('',#4794,#3893,#3894);
#3531=AXIS2_PLACEMENT_3D('',#4800,#3898,#3899);
#3532=AXIS2_PLACEMENT_3D('',#4806,#3903,#3904);
#3533=AXIS2_PLACEMENT_3D('',#4812,#3908,#3909);
#3534=AXIS2_PLACEMENT_3D('',#4818,#3913,#3914);
#3535=AXIS2_PLACEMENT_3D('',#4820,#3916,#3917);
#3536=AXIS2_PLACEMENT_3D('',#4824,#3920,#3921);
#3537=AXIS2_PLACEMENT_3D('',#4828,#3924,#3925);
#3538=AXIS2_PLACEMENT_3D('',#4832,#3928,#3929);
#3539=AXIS2_PLACEMENT_3D('',#4836,#3932,#3933);
#3540=AXIS2_PLACEMENT_3D('',#4838,#3935,#3936);
#3541=AXIS2_PLACEMENT_3D('',#4840,#3938,#3939);
#3542=AXIS2_PLACEMENT_3D('',#4841,#3940,#3941);
#3543=AXIS2_PLACEMENT_3D('',#4843,#3943,#3944);
#3544=AXIS2_PLACEMENT_3D('',#4849,#3948,#3949);
#3545=AXIS2_PLACEMENT_3D('',#4853,#3952,#3953);
#3546=AXIS2_PLACEMENT_3D('',#4857,#3956,#3957);
#3547=AXIS2_PLACEMENT_3D('',#4859,#3959,#3960);
#3548=AXIS2_PLACEMENT_3D('',#4860,#3961,#3962);
#3549=AXIS2_PLACEMENT_3D('',#4862,#3964,#3965);
#3550=AXIS2_PLACEMENT_3D('',#4866,#3968,#3969);
#3551=AXIS2_PLACEMENT_3D('',#4870,#3972,#3973);
#3552=AXIS2_PLACEMENT_3D('',#4884,#3981,#3982);
#3553=AXIS2_PLACEMENT_3D('',#4886,#3984,#3985);
#3554=AXIS2_PLACEMENT_3D('',#4889,#3988,#3989);
#3555=AXIS2_PLACEMENT_3D('',#4891,#3991,#3992);
#3556=AXIS2_PLACEMENT_3D('',#4894,#3995,#3996);
#3557=AXIS2_PLACEMENT_3D('',#4895,#3997,#3998);
#3558=AXIS2_PLACEMENT_3D('',#4897,#4000,#4001);
#3559=AXIS2_PLACEMENT_3D('',#4898,#4002,#4003);
#3560=AXIS2_PLACEMENT_3D('',#4904,#4007,#4008);
#3561=AXIS2_PLACEMENT_3D('',#4910,#4012,#4013);
#3562=AXIS2_PLACEMENT_3D('',#4916,#4017,#4018);
#3563=AXIS2_PLACEMENT_3D('',#4922,#4022,#4023);
#3564=AXIS2_PLACEMENT_3D('',#4924,#4025,#4026);
#3565=AXIS2_PLACEMENT_3D('',#4928,#4029,#4030);
#3566=AXIS2_PLACEMENT_3D('',#4932,#4033,#4034);
#3567=AXIS2_PLACEMENT_3D('',#4936,#4037,#4038);
#3568=AXIS2_PLACEMENT_3D('',#4940,#4041,#4042);
#3569=AXIS2_PLACEMENT_3D('',#4942,#4044,#4045);
#3570=AXIS2_PLACEMENT_3D('',#4944,#4047,#4048);
#3571=AXIS2_PLACEMENT_3D('',#4945,#4049,#4050);
#3572=AXIS2_PLACEMENT_3D('',#4947,#4052,#4053);
#3573=AXIS2_PLACEMENT_3D('',#4953,#4057,#4058);
#3574=AXIS2_PLACEMENT_3D('',#4957,#4061,#4062);
#3575=AXIS2_PLACEMENT_3D('',#4961,#4065,#4066);
#3576=AXIS2_PLACEMENT_3D('',#4963,#4068,#4069);
#3577=AXIS2_PLACEMENT_3D('',#4964,#4070,#4071);
#3578=AXIS2_PLACEMENT_3D('',#4970,#4075,#4076);
#3579=AXIS2_PLACEMENT_3D('',#4976,#4080,#4081);
#3580=AXIS2_PLACEMENT_3D('',#4982,#4085,#4086);
#3581=AXIS2_PLACEMENT_3D('',#4988,#4090,#4091);
#3582=AXIS2_PLACEMENT_3D('',#4990,#4093,#4094);
#3583=AXIS2_PLACEMENT_3D('',#4994,#4097,#4098);
#3584=AXIS2_PLACEMENT_3D('',#4998,#4101,#4102);
#3585=AXIS2_PLACEMENT_3D('',#5002,#4105,#4106);
#3586=AXIS2_PLACEMENT_3D('',#5006,#4109,#4110);
#3587=AXIS2_PLACEMENT_3D('',#5008,#4112,#4113);
#3588=AXIS2_PLACEMENT_3D('',#5010,#4115,#4116);
#3589=AXIS2_PLACEMENT_3D('',#5011,#4117,#4118);
#3590=AXIS2_PLACEMENT_3D('',#5013,#4120,#4121);
#3591=AXIS2_PLACEMENT_3D('',#5019,#4125,#4126);
#3592=AXIS2_PLACEMENT_3D('',#5023,#4129,#4130);
#3593=AXIS2_PLACEMENT_3D('',#5027,#4133,#4134);
#3594=AXIS2_PLACEMENT_3D('',#5029,#4136,#4137);
#3595=AXIS2_PLACEMENT_3D('',#5030,#4138,#4139);
#3596=AXIS2_PLACEMENT_3D('',#5036,#4143,#4144);
#3597=AXIS2_PLACEMENT_3D('',#5042,#4148,#4149);
#3598=AXIS2_PLACEMENT_3D('',#5048,#4153,#4154);
#3599=AXIS2_PLACEMENT_3D('',#5054,#4158,#4159);
#3600=AXIS2_PLACEMENT_3D('',#5056,#4161,#4162);
#3601=AXIS2_PLACEMENT_3D('',#5060,#4165,#4166);
#3602=AXIS2_PLACEMENT_3D('',#5064,#4169,#4170);
#3603=AXIS2_PLACEMENT_3D('',#5068,#4173,#4174);
#3604=AXIS2_PLACEMENT_3D('',#5072,#4177,#4178);
#3605=AXIS2_PLACEMENT_3D('',#5074,#4180,#4181);
#3606=AXIS2_PLACEMENT_3D('',#5076,#4183,#4184);
#3607=AXIS2_PLACEMENT_3D('',#5077,#4185,#4186);
#3608=AXIS2_PLACEMENT_3D('',#5079,#4188,#4189);
#3609=AXIS2_PLACEMENT_3D('',#5085,#4193,#4194);
#3610=AXIS2_PLACEMENT_3D('',#5089,#4197,#4198);
#3611=AXIS2_PLACEMENT_3D('',#5093,#4201,#4202);
#3612=AXIS2_PLACEMENT_3D('',#5095,#4204,#4205);
#3613=AXIS2_PLACEMENT_3D('',#5096,#4206,#4207);
#3614=AXIS2_PLACEMENT_3D('',#5097,#4208,#4209);
#3615=AXIS2_PLACEMENT_3D('',#5106,#4214,#4215);
#3616=AXIS2_PLACEMENT_3D('',#5112,#4219,#4220);
#3617=AXIS2_PLACEMENT_3D('',#5118,#4224,#4225);
#3618=AXIS2_PLACEMENT_3D('',#5121,#4228,#4229);
#3619=AXIS2_PLACEMENT_3D('',#5124,#4230,#4231);
#3620=AXIS2_PLACEMENT_3D('',#5126,#4232,#4233);
#3621=AXIS2_PLACEMENT_3D('',#5128,#4234,#4235);
#3622=AXIS2_PLACEMENT_3D('',#5129,#4236,#4237);
#3623=AXIS2_PLACEMENT_3D('',#5214,#4242,#4243);
#3624=AXIS2_PLACEMENT_3D('',#5223,#4248,#4249);
#3625=AXIS2_PLACEMENT_3D('',#5229,#4253,#4254);
#3626=AXIS2_PLACEMENT_3D('',#5235,#4258,#4259);
#3627=AXIS2_PLACEMENT_3D('',#5238,#4262,#4263);
#3628=AXIS2_PLACEMENT_3D('',#5241,#4264,#4265);
#3629=AXIS2_PLACEMENT_3D('',#5243,#4266,#4267);
#3630=AXIS2_PLACEMENT_3D('',#5245,#4268,#4269);
#3631=AXIS2_PLACEMENT_3D('',#5246,#4270,#4271);
#3632=AXIS2_PLACEMENT_3D('',#5331,#4276,#4277);
#3633=AXIS2_PLACEMENT_3D('',#5340,#4282,#4283);
#3634=AXIS2_PLACEMENT_3D('',#5346,#4287,#4288);
#3635=AXIS2_PLACEMENT_3D('',#5352,#4292,#4293);
#3636=AXIS2_PLACEMENT_3D('',#5355,#4296,#4297);
#3637=AXIS2_PLACEMENT_3D('',#5358,#4298,#4299);
#3638=AXIS2_PLACEMENT_3D('',#5360,#4300,#4301);
#3639=AXIS2_PLACEMENT_3D('',#5362,#4302,#4303);
#3640=AXIS2_PLACEMENT_3D('',#5363,#4304,#4305);
#3641=AXIS2_PLACEMENT_3D('',#5448,#4310,#4311);
#3642=AXIS2_PLACEMENT_3D('',#5457,#4316,#4317);
#3643=AXIS2_PLACEMENT_3D('',#5463,#4321,#4322);
#3644=AXIS2_PLACEMENT_3D('',#5469,#4326,#4327);
#3645=AXIS2_PLACEMENT_3D('',#5472,#4330,#4331);
#3646=AXIS2_PLACEMENT_3D('',#5475,#4332,#4333);
#3647=AXIS2_PLACEMENT_3D('',#5477,#4334,#4335);
#3648=AXIS2_PLACEMENT_3D('',#5479,#4336,#4337);
#3649=AXIS2_PLACEMENT_3D('',#5480,#4338,#4339);
#3650=AXIS2_PLACEMENT_3D('',#5565,#4344,#4345);
#3651=AXIS2_PLACEMENT_3D('',#5574,#4350,#4351);
#3652=AXIS2_PLACEMENT_3D('',#5580,#4355,#4356);
#3653=AXIS2_PLACEMENT_3D('',#5586,#4360,#4361);
#3654=AXIS2_PLACEMENT_3D('',#5589,#4364,#4365);
#3655=AXIS2_PLACEMENT_3D('',#5598,#4370,#4371);
#3656=AXIS2_PLACEMENT_3D('',#5604,#4375,#4376);
#3657=AXIS2_PLACEMENT_3D('',#5610,#4380,#4381);
#3658=AXIS2_PLACEMENT_3D('',#5613,#4384,#4385);
#3659=AXIS2_PLACEMENT_3D('',#5622,#4390,#4391);
#3660=AXIS2_PLACEMENT_3D('',#5628,#4395,#4396);
#3661=AXIS2_PLACEMENT_3D('',#5634,#4400,#4401);
#3662=AXIS2_PLACEMENT_3D('',#5637,#4404,#4405);
#3663=AXIS2_PLACEMENT_3D('',#5646,#4410,#4411);
#3664=AXIS2_PLACEMENT_3D('',#5652,#4415,#4416);
#3665=AXIS2_PLACEMENT_3D('',#5658,#4420,#4421);
#3666=AXIS2_PLACEMENT_3D('',#5661,#4424,#4425);
#3667=AXIS2_PLACEMENT_3D('',#5670,#4430,#4431);
#3668=AXIS2_PLACEMENT_3D('',#5676,#4435,#4436);
#3669=AXIS2_PLACEMENT_3D('',#5682,#4440,#4441);
#3670=AXIS2_PLACEMENT_3D('',#5685,#4444,#4445);
#3671=AXIS2_PLACEMENT_3D('',#5686,#4446,#4447);
#3672=AXIS2_PLACEMENT_3D('',#5695,#4452,#4453);
#3673=AXIS2_PLACEMENT_3D('',#5701,#4457,#4458);
#3674=AXIS2_PLACEMENT_3D('',#5707,#4462,#4463);
#3675=AXIS2_PLACEMENT_3D('',#5710,#4466,#4467);
#3676=AXIS2_PLACEMENT_3D('',#5711,#4468,#4469);
#3677=AXIS2_PLACEMENT_3D('',#5713,#4470,#4471);
#3678=AXIS2_PLACEMENT_3D('',#5716,#4473,#4474);
#3679=AXIS2_PLACEMENT_3D('',#5717,#4475,#4476);
#3680=AXIS2_PLACEMENT_3D('',#5726,#4481,#4482);
#3681=AXIS2_PLACEMENT_3D('',#5732,#4486,#4487);
#3682=AXIS2_PLACEMENT_3D('',#5745,#4494,#4495);
#3683=AXIS2_PLACEMENT_3D('',#5747,#4496,#4497);
#3684=AXIS2_PLACEMENT_3D('',#5749,#4498,#4499);
#3685=AXIS2_PLACEMENT_3D('',#5750,#4500,#4501);
#3686=AXIS2_PLACEMENT_3D('',#5753,#4503,#4504);
#3687=AXIS2_PLACEMENT_3D('',#5754,#4505,#4506);
#3688=AXIS2_PLACEMENT_3D('',#5760,#4510,#4511);
#3689=AXIS2_PLACEMENT_3D('',#5764,#4514,#4515);
#3690=AXIS2_PLACEMENT_3D('',#5767,#4517,#4518);
#3691=AXIS2_PLACEMENT_3D('',#5768,#4519,#4520);
#3692=AXIS2_PLACEMENT_3D('',#5771,#4522,#4523);
#3693=AXIS2_PLACEMENT_3D('',#5772,#4524,#4525);
#3694=AXIS2_PLACEMENT_3D('',#5776,#4528,#4529);
#3695=AXIS2_PLACEMENT_3D('',#5778,#4531,#4532);
#3696=AXIS2_PLACEMENT_3D('',#5782,#4535,#4536);
#3697=AXIS2_PLACEMENT_3D('',#5784,#4538,#4539);
#3698=AXIS2_PLACEMENT_3D('',#5785,#4540,#4541);
#3699=AXIS2_PLACEMENT_3D('',#5786,#4542,#4543);
#3700=DIRECTION('axis',(0.,0.,1.));
#3701=DIRECTION('refdir',(1.,0.,0.));
#3702=DIRECTION('axis',(0.,0.,1.));
#3703=DIRECTION('refdir',(1.,0.,0.));
#3704=DIRECTION('center_axis',(0.,1.,0.));
#3705=DIRECTION('ref_axis',(1.,0.,0.));
#3706=DIRECTION('',(0.,0.,-1.));
#3707=DIRECTION('',(0.707106781186547,0.,0.707106781186547));
#3708=DIRECTION('',(0.,0.,1.));
#3709=DIRECTION('',(-0.707106781186547,0.,0.707106781186547));
#3710=DIRECTION('center_axis',(0.,1.,0.));
#3711=DIRECTION('ref_axis',(1.,0.,0.));
#3712=DIRECTION('',(0.,0.,-1.));
#3713=DIRECTION('',(0.707106781186547,0.,0.707106781186547));
#3714=DIRECTION('',(0.707106781186547,0.,-0.707106781186547));
#3715=DIRECTION('',(0.,0.,-1.));
#3716=DIRECTION('',(-0.707106781186547,0.,-0.707106781186547));
#3717=DIRECTION('',(-0.707106781186547,0.,0.707106781186547));
#3718=DIRECTION('center_axis',(0.,1.,0.));
#3719=DIRECTION('ref_axis',(1.,0.,0.));
#3720=DIRECTION('',(0.,0.,-1.));
#3721=DIRECTION('',(0.707106781186547,0.,0.707106781186547));
#3722=DIRECTION('',(0.707106781186547,0.,-0.707106781186547));
#3723=DIRECTION('',(0.,0.,-1.));
#3724=DIRECTION('',(-0.707106781186547,0.,-0.707106781186547));
#3725=DIRECTION('',(-0.707106781186547,0.,0.707106781186547));
#3726=DIRECTION('center_axis',(0.,1.,0.));
#3727=DIRECTION('ref_axis',(1.,0.,0.));
#3728=DIRECTION('',(0.,0.,-1.));
#3729=DIRECTION('',(0.707106781186547,0.,0.707106781186547));
#3730=DIRECTION('',(0.707106781186547,0.,-0.707106781186547));
#3731=DIRECTION('',(0.,0.,-1.));
#3732=DIRECTION('',(-0.707106781186547,0.,-0.707106781186547));
#3733=DIRECTION('',(-0.707106781186547,0.,0.707106781186547));
#3734=DIRECTION('center_axis',(0.,1.,0.));
#3735=DIRECTION('ref_axis',(1.,0.,0.));
#3736=DIRECTION('',(0.,0.,-1.));
#3737=DIRECTION('',(-0.707106781186547,0.,-0.707106781186547));
#3738=DIRECTION('',(0.,0.,-1.));
#3739=DIRECTION('',(0.707106781186547,0.,-0.707106781186547));
#3740=DIRECTION('center_axis',(-1.,0.,0.));
#3741=DIRECTION('ref_axis',(0.,-1.,0.));
#3742=DIRECTION('',(0.,1.,0.));
#3743=DIRECTION('',(0.,0.,-1.));
#3744=DIRECTION('',(0.,1.,0.));
#3745=DIRECTION('center_axis',(-0.707106781186548,0.,0.707106781186548));
#3746=DIRECTION('ref_axis',(0.707106781186548,0.,0.707106781186548));
#3747=DIRECTION('',(0.,1.,0.));
#3748=DIRECTION('',(0.707106781186547,0.,0.707106781186547));
#3749=DIRECTION('',(0.,1.,0.));
#3750=DIRECTION('center_axis',(-1.,0.,0.));
#3751=DIRECTION('ref_axis',(0.,0.,1.));
#3752=DIRECTION('',(0.,0.,1.));
#3753=DIRECTION('',(0.,1.,0.));
#3754=DIRECTION('center_axis',(-0.707106781186548,0.,-0.707106781186548));
#3755=DIRECTION('ref_axis',(-0.707106781186548,0.,0.707106781186548));
#3756=DIRECTION('',(-0.707106781186547,0.,0.707106781186547));
#3757=DIRECTION('',(0.,1.,0.));
#3758=DIRECTION('center_axis',(0.,0.,-1.));
#3759=DIRECTION('ref_axis',(-1.,0.,0.));
#3760=DIRECTION('',(-1.,0.,0.));
#3761=DIRECTION('',(-1.,0.,0.));
#3762=DIRECTION('',(0.,1.,0.));
#3763=DIRECTION('center_axis',(0.,1.,0.));
#3764=DIRECTION('ref_axis',(-1.,0.,0.));
#3765=DIRECTION('',(1.,0.,0.));
#3766=DIRECTION('',(0.,0.,-1.));
#3767=DIRECTION('',(0.,0.,-1.));
#3768=DIRECTION('',(1.,0.,0.));
#3769=DIRECTION('',(0.,0.,-1.));
#3770=DIRECTION('',(1.,0.,0.));
#3771=DIRECTION('center_axis',(0.,0.,1.));
#3772=DIRECTION('ref_axis',(1.,0.,0.));
#3773=DIRECTION('',(0.,1.,0.));
#3774=DIRECTION('',(1.,0.,0.));
#3775=DIRECTION('center_axis',(0.,1.,0.));
#3776=DIRECTION('ref_axis',(1.,0.,0.));
#3777=DIRECTION('',(-0.707106781186547,0.,-0.707106781186547));
#3778=DIRECTION('',(-1.,0.,0.));
#3779=DIRECTION('',(-0.707106781186547,0.,0.707106781186547));
#3780=DIRECTION('',(-0.707106781186547,0.,-0.707106781186547));
#3781=DIRECTION('',(-1.,0.,0.));
#3782=DIRECTION('',(-0.707106781186547,0.,0.707106781186547));
#3783=DIRECTION('',(-0.707106781186547,0.,-0.707106781186547));
#3784=DIRECTION('',(0.707106781186547,0.,-0.707106781186547));
#3785=DIRECTION('',(0.707106781186547,0.,0.707106781186547));
#3786=DIRECTION('',(1.,0.,0.));
#3787=DIRECTION('',(0.707106781186547,0.,-0.707106781186547));
#3788=DIRECTION('',(0.707106781186547,0.,0.707106781186547));
#3789=DIRECTION('',(1.,0.,0.));
#3790=DIRECTION('',(0.707106781186547,0.,-0.707106781186547));
#3791=DIRECTION('',(0.707106781186547,0.,0.707106781186547));
#3792=DIRECTION('',(1.,0.,0.));
#3793=DIRECTION('',(0.707106781186547,0.,-0.707106781186547));
#3794=DIRECTION('',(0.,0.,-1.));
#3795=DIRECTION('',(-0.707106781186547,0.,-0.707106781186547));
#3796=DIRECTION('',(-1.,0.,0.));
#3797=DIRECTION('',(-0.707106781186547,0.,0.707106781186547));
#3798=DIRECTION('',(0.,0.,-1.));
#3799=DIRECTION('',(1.,0.,0.));
#3800=DIRECTION('',(0.,0.,-1.));
#3801=DIRECTION('',(1.,0.,0.));
#3802=DIRECTION('',(0.,0.,-1.));
#3803=DIRECTION('',(1.,0.,0.));
#3804=DIRECTION('',(0.,0.,-1.));
#3805=DIRECTION('',(1.,0.,0.));
#3806=DIRECTION('',(0.,0.,-1.));
#3807=DIRECTION('',(1.,0.,0.));
#3808=DIRECTION('',(0.,0.,-1.));
#3809=DIRECTION('',(1.,0.,0.));
#3810=DIRECTION('',(0.,0.,-1.));
#3811=DIRECTION('',(1.,0.,0.));
#3812=DIRECTION('',(0.,0.,-1.));
#3813=DIRECTION('',(1.,0.,0.));
#3814=DIRECTION('center_axis',(0.707106781186548,0.,-0.707106781186548));
#3815=DIRECTION('ref_axis',(-0.707106781186548,0.,-0.707106781186548));
#3816=DIRECTION('',(0.,1.,0.));
#3817=DIRECTION('',(0.,1.,0.));
#3818=DIRECTION('',(0.,1.,0.));
#3819=DIRECTION('center_axis',(1.,0.,0.));
#3820=DIRECTION('ref_axis',(0.,1.,0.));
#3821=DIRECTION('',(0.,1.,0.));
#3822=DIRECTION('',(0.,0.,-1.));
#3823=DIRECTION('center_axis',(0.,1.,0.));
#3824=DIRECTION('ref_axis',(-1.,0.,0.));
#3825=DIRECTION('',(1.,0.,0.));
#3826=DIRECTION('',(0.,0.,-1.));
#3827=DIRECTION('',(-1.,0.,0.));
#3828=DIRECTION('',(0.,0.,-1.));
#3829=DIRECTION('',(1.,0.,0.));
#3830=DIRECTION('',(0.,0.,-1.));
#3831=DIRECTION('',(1.,0.,0.));
#3832=DIRECTION('center_axis',(0.,0.,1.));
#3833=DIRECTION('ref_axis',(1.,0.,0.));
#3834=DIRECTION('',(0.,1.,0.));
#3835=DIRECTION('',(0.,1.,0.));
#3836=DIRECTION('center_axis',(-0.707106781186548,0.,0.707106781186548));
#3837=DIRECTION('ref_axis',(0.707106781186548,0.,0.707106781186548));
#3838=DIRECTION('',(0.,1.,0.));
#3839=DIRECTION('',(0.,1.,0.));
#3840=DIRECTION('center_axis',(-1.,0.,0.));
#3841=DIRECTION('ref_axis',(0.,-1.,0.));
#3842=DIRECTION('',(0.,1.,0.));
#3843=DIRECTION('center_axis',(-0.707106781186548,0.,-0.707106781186548));
#3844=DIRECTION('ref_axis',(-0.707106781186548,0.,0.707106781186548));
#3845=DIRECTION('',(0.,1.,0.));
#3846=DIRECTION('',(0.,1.,0.));
#3847=DIRECTION('center_axis',(0.,0.,-1.));
#3848=DIRECTION('ref_axis',(-1.,0.,0.));
#3849=DIRECTION('center_axis',(0.707106781186548,0.,-0.707106781186548));
#3850=DIRECTION('ref_axis',(-0.707106781186548,0.,-0.707106781186548));
#3851=DIRECTION('',(0.,1.,0.));
#3852=DIRECTION('',(0.,1.,0.));
#3853=DIRECTION('center_axis',(1.,0.,0.));
#3854=DIRECTION('ref_axis',(0.,1.,0.));
#3855=DIRECTION('',(0.,1.,0.));
#3856=DIRECTION('',(0.,0.,-1.));
#3857=DIRECTION('center_axis',(0.,1.,0.));
#3858=DIRECTION('ref_axis',(-1.,0.,0.));
#3859=DIRECTION('',(1.,0.,0.));
#3860=DIRECTION('',(0.,0.,-1.));
#3861=DIRECTION('',(-1.,0.,0.));
#3862=DIRECTION('',(0.,0.,-1.));
#3863=DIRECTION('',(1.,0.,0.));
#3864=DIRECTION('',(0.,0.,-1.));
#3865=DIRECTION('',(1.,0.,0.));
#3866=DIRECTION('center_axis',(0.,0.,1.));
#3867=DIRECTION('ref_axis',(1.,0.,0.));
#3868=DIRECTION('',(0.,1.,0.));
#3869=DIRECTION('',(0.,1.,0.));
#3870=DIRECTION('center_axis',(-0.707106781186548,0.,0.707106781186548));
#3871=DIRECTION('ref_axis',(0.707106781186548,0.,0.707106781186548));
#3872=DIRECTION('',(0.,1.,0.));
#3873=DIRECTION('',(0.,1.,0.));
#3874=DIRECTION('center_axis',(-1.,0.,0.));
#3875=DIRECTION('ref_axis',(0.,-1.,0.));
#3876=DIRECTION('',(0.,1.,0.));
#3877=DIRECTION('center_axis',(-0.707106781186548,0.,-0.707106781186548));
#3878=DIRECTION('ref_axis',(-0.707106781186548,0.,0.707106781186548));
#3879=DIRECTION('',(0.,1.,0.));
#3880=DIRECTION('',(0.,1.,0.));
#3881=DIRECTION('center_axis',(0.,0.,-1.));
#3882=DIRECTION('ref_axis',(-1.,0.,0.));
#3883=DIRECTION('center_axis',(0.707106781186548,0.,-0.707106781186548));
#3884=DIRECTION('ref_axis',(-0.707106781186548,0.,-0.707106781186548));
#3885=DIRECTION('',(0.,1.,0.));
#3886=DIRECTION('center_axis',(1.,0.,0.));
#3887=DIRECTION('ref_axis',(0.,1.,0.));
#3888=DIRECTION('',(0.,1.,0.));
#3889=DIRECTION('center_axis',(0.707106781186548,0.,0.707106781186548));
#3890=DIRECTION('ref_axis',(0.707106781186548,0.,-0.707106781186548));
#3891=DIRECTION('center_axis',(0.707106781186548,0.,0.707106781186548));
#3892=DIRECTION('ref_axis',(0.707106781186548,0.,-0.707106781186548));
#3893=DIRECTION('center_axis',(1.,0.,0.));
#3894=DIRECTION('ref_axis',(0.,0.,-1.));
#3895=DIRECTION('',(0.,0.,-1.));
#3896=DIRECTION('',(0.,1.,0.));
#3897=DIRECTION('',(0.,-1.,0.));
#3898=DIRECTION('center_axis',(1.,0.,0.));
#3899=DIRECTION('ref_axis',(0.,0.,-1.));
#3900=DIRECTION('',(0.,0.,1.));
#3901=DIRECTION('',(0.,-1.,0.));
#3902=DIRECTION('',(0.,1.,0.));
#3903=DIRECTION('center_axis',(-0.894427190999896,0.447213595499998,0.));
#3904=DIRECTION('ref_axis',(0.,0.,-1.));
#3905=DIRECTION('',(-0.408248290463896,-0.816496580927693,0.408248290463896));
#3906=DIRECTION('',(0.,0.,-1.));
#3907=DIRECTION('',(-0.408248290463896,-0.816496580927693,-0.408248290463896));
#3908=DIRECTION('center_axis',(0.,0.447213595499998,-0.894427190999896));
#3909=DIRECTION('ref_axis',(-1.,0.,0.));
#3910=DIRECTION('',(-1.,0.,0.));
#3911=DIRECTION('',(-1.,0.,0.));
#3912=DIRECTION('',(0.408248290463896,-0.816496580927693,-0.408248290463896));
#3913=DIRECTION('center_axis',(0.,0.,-1.));
#3914=DIRECTION('ref_axis',(0.,1.,0.));
#3915=DIRECTION('',(0.,1.,0.));
#3916=DIRECTION('center_axis',(0.,0.,-1.));
#3917=DIRECTION('ref_axis',(0.,1.,0.));
#3918=DIRECTION('',(-1.,0.,0.));
#3919=DIRECTION('',(0.,1.,0.));
#3920=DIRECTION('center_axis',(1.,0.,0.));
#3921=DIRECTION('ref_axis',(0.,0.,-1.));
#3922=DIRECTION('',(0.,0.,1.));
#3923=DIRECTION('',(0.,-1.,0.));
#3924=DIRECTION('center_axis',(1.,0.,0.));
#3925=DIRECTION('ref_axis',(0.,0.,-1.));
#3926=DIRECTION('',(0.,0.,-1.));
#3927=DIRECTION('',(0.,-1.,0.));
#3928=DIRECTION('center_axis',(0.894427190999896,0.447213595499998,0.));
#3929=DIRECTION('ref_axis',(0.,0.,-1.));
#3930=DIRECTION('',(0.,0.,1.));
#3931=DIRECTION('',(0.408248290463896,-0.816496580927693,0.408248290463896));
#3932=DIRECTION('center_axis',(0.,1.,0.));
#3933=DIRECTION('ref_axis',(0.,0.,1.));
#3934=DIRECTION('',(-1.,0.,0.));
#3935=DIRECTION('center_axis',(0.,0.447213595499998,0.894427190999896));
#3936=DIRECTION('ref_axis',(-1.,0.,0.));
#3937=DIRECTION('',(-1.,0.,0.));
#3938=DIRECTION('center_axis',(0.,0.,1.));
#3939=DIRECTION('ref_axis',(0.,-1.,0.));
#3940=DIRECTION('center_axis',(0.,0.,1.));
#3941=DIRECTION('ref_axis',(0.,-1.,0.));
#3942=DIRECTION('',(-1.,0.,0.));
#3943=DIRECTION('center_axis',(0.,-0.447213595499998,0.894427190999896));
#3944=DIRECTION('ref_axis',(-1.,0.,0.));
#3945=DIRECTION('',(-0.408248290463896,0.816496580927693,0.408248290463896));
#3946=DIRECTION('',(-1.,0.,0.));
#3947=DIRECTION('',(0.408248290463896,0.816496580927693,0.408248290463896));
#3948=DIRECTION('center_axis',(0.894427190999896,-0.447213595499998,0.));
#3949=DIRECTION('ref_axis',(0.,0.,-1.));
#3950=DIRECTION('',(0.,0.,-1.));
#3951=DIRECTION('',(-0.408248290463896,-0.816496580927693,0.408248290463896));
#3952=DIRECTION('center_axis',(0.,-1.,0.));
#3953=DIRECTION('ref_axis',(0.,0.,-1.));
#3954=DIRECTION('',(-1.,0.,0.));
#3955=DIRECTION('',(0.,0.,1.));
#3956=DIRECTION('center_axis',(0.,-0.447213595499998,-0.894427190999896));
#3957=DIRECTION('ref_axis',(-1.,0.,0.));
#3958=DIRECTION('',(-0.408248290463896,0.816496580927693,-0.408248290463896));
#3959=DIRECTION('center_axis',(-0.894427190999896,-0.447213595499998,0.));
#3960=DIRECTION('ref_axis',(0.,0.,-1.));
#3961=DIRECTION('center_axis',(0.707106781186548,0.,0.707106781186548));
#3962=DIRECTION('ref_axis',(0.707106781186548,0.,-0.707106781186548));
#3963=DIRECTION('',(0.,1.,0.));
#3964=DIRECTION('center_axis',(-0.707106781186548,0.,0.707106781186548));
#3965=DIRECTION('ref_axis',(0.707106781186548,0.,0.707106781186548));
#3966=DIRECTION('',(0.,1.,0.));
#3967=DIRECTION('',(0.,1.,0.));
#3968=DIRECTION('center_axis',(-1.,0.,0.));
#3969=DIRECTION('ref_axis',(0.,-1.,0.));
#3970=DIRECTION('',(0.,1.,0.));
#3971=DIRECTION('',(0.,0.,-1.));
#3972=DIRECTION('center_axis',(0.,1.,0.));
#3973=DIRECTION('ref_axis',(-1.,0.,0.));
#3974=DIRECTION('',(1.,0.,0.));
#3975=DIRECTION('',(-1.,0.,0.));
#3976=DIRECTION('',(0.,0.,-1.));
#3977=DIRECTION('',(0.,0.,-1.));
#3978=DIRECTION('',(1.,0.,0.));
#3979=DIRECTION('',(0.,0.,-1.));
#3980=DIRECTION('',(1.,0.,0.));
#3981=DIRECTION('center_axis',(0.,0.,1.));
#3982=DIRECTION('ref_axis',(1.,0.,0.));
#3983=DIRECTION('',(0.,1.,0.));
#3984=DIRECTION('center_axis',(0.707106781186548,0.,0.707106781186548));
#3985=DIRECTION('ref_axis',(0.707106781186548,0.,-0.707106781186548));
#3986=DIRECTION('',(0.,1.,0.));
#3987=DIRECTION('',(0.,1.,0.));
#3988=DIRECTION('center_axis',(1.,0.,0.));
#3989=DIRECTION('ref_axis',(0.,1.,0.));
#3990=DIRECTION('',(0.,1.,0.));
#3991=DIRECTION('center_axis',(0.707106781186548,0.,-0.707106781186548));
#3992=DIRECTION('ref_axis',(-0.707106781186548,0.,-0.707106781186548));
#3993=DIRECTION('',(0.,1.,0.));
#3994=DIRECTION('',(0.,1.,0.));
#3995=DIRECTION('center_axis',(1.,0.,0.));
#3996=DIRECTION('ref_axis',(0.,0.,-1.));
#3997=DIRECTION('center_axis',(0.,0.,-1.));
#3998=DIRECTION('ref_axis',(-1.,0.,0.));
#3999=DIRECTION('',(0.,1.,0.));
#4000=DIRECTION('center_axis',(-0.707106781186548,0.,-0.707106781186548));
#4001=DIRECTION('ref_axis',(-0.707106781186548,0.,0.707106781186548));
#4002=DIRECTION('center_axis',(1.,0.,0.));
#4003=DIRECTION('ref_axis',(0.,0.,-1.));
#4004=DIRECTION('',(0.,0.,-1.));
#4005=DIRECTION('',(0.,1.,0.));
#4006=DIRECTION('',(0.,-1.,0.));
#4007=DIRECTION('center_axis',(1.,0.,0.));
#4008=DIRECTION('ref_axis',(0.,0.,-1.));
#4009=DIRECTION('',(0.,0.,1.));
#4010=DIRECTION('',(0.,-1.,0.));
#4011=DIRECTION('',(0.,1.,0.));
#4012=DIRECTION('center_axis',(-0.894427190999896,0.447213595499998,0.));
#4013=DIRECTION('ref_axis',(0.,0.,-1.));
#4014=DIRECTION('',(-0.408248290463896,-0.816496580927693,0.408248290463896));
#4015=DIRECTION('',(0.,0.,-1.));
#4016=DIRECTION('',(-0.408248290463896,-0.816496580927693,-0.408248290463896));
#4017=DIRECTION('center_axis',(0.,0.447213595499998,-0.894427190999896));
#4018=DIRECTION('ref_axis',(-1.,0.,0.));
#4019=DIRECTION('',(-1.,0.,0.));
#4020=DIRECTION('',(-1.,0.,0.));
#4021=DIRECTION('',(0.408248290463896,-0.816496580927693,-0.408248290463896));
#4022=DIRECTION('center_axis',(0.,0.,-1.));
#4023=DIRECTION('ref_axis',(0.,1.,0.));
#4024=DIRECTION('',(0.,1.,0.));
#4025=DIRECTION('center_axis',(0.,0.,-1.));
#4026=DIRECTION('ref_axis',(0.,1.,0.));
#4027=DIRECTION('',(-1.,0.,0.));
#4028=DIRECTION('',(0.,1.,0.));
#4029=DIRECTION('center_axis',(1.,0.,0.));
#4030=DIRECTION('ref_axis',(0.,0.,-1.));
#4031=DIRECTION('',(0.,0.,1.));
#4032=DIRECTION('',(0.,-1.,0.));
#4033=DIRECTION('center_axis',(1.,0.,0.));
#4034=DIRECTION('ref_axis',(0.,0.,-1.));
#4035=DIRECTION('',(0.,0.,-1.));
#4036=DIRECTION('',(0.,-1.,0.));
#4037=DIRECTION('center_axis',(0.894427190999896,0.447213595499998,0.));
#4038=DIRECTION('ref_axis',(0.,0.,-1.));
#4039=DIRECTION('',(0.,0.,1.));
#4040=DIRECTION('',(0.408248290463896,-0.816496580927693,0.408248290463896));
#4041=DIRECTION('center_axis',(0.,1.,0.));
#4042=DIRECTION('ref_axis',(0.,0.,1.));
#4043=DIRECTION('',(-1.,0.,0.));
#4044=DIRECTION('center_axis',(0.,0.447213595499998,0.894427190999896));
#4045=DIRECTION('ref_axis',(-1.,0.,0.));
#4046=DIRECTION('',(-1.,0.,0.));
#4047=DIRECTION('center_axis',(0.,0.,1.));
#4048=DIRECTION('ref_axis',(0.,-1.,0.));
#4049=DIRECTION('center_axis',(0.,0.,1.));
#4050=DIRECTION('ref_axis',(0.,-1.,0.));
#4051=DIRECTION('',(-1.,0.,0.));
#4052=DIRECTION('center_axis',(0.,-0.447213595499998,0.894427190999896));
#4053=DIRECTION('ref_axis',(-1.,0.,0.));
#4054=DIRECTION('',(-0.408248290463896,0.816496580927693,0.408248290463896));
#4055=DIRECTION('',(-1.,0.,0.));
#4056=DIRECTION('',(0.408248290463896,0.816496580927693,0.408248290463896));
#4057=DIRECTION('center_axis',(0.894427190999896,-0.447213595499998,0.));
#4058=DIRECTION('ref_axis',(0.,0.,-1.));
#4059=DIRECTION('',(0.,0.,-1.));
#4060=DIRECTION('',(-0.408248290463896,-0.816496580927693,0.408248290463896));
#4061=DIRECTION('center_axis',(0.,-1.,0.));
#4062=DIRECTION('ref_axis',(0.,0.,-1.));
#4063=DIRECTION('',(-1.,0.,0.));
#4064=DIRECTION('',(0.,0.,1.));
#4065=DIRECTION('center_axis',(0.,-0.447213595499998,-0.894427190999896));
#4066=DIRECTION('ref_axis',(-1.,0.,0.));
#4067=DIRECTION('',(-0.408248290463896,0.816496580927693,-0.408248290463896));
#4068=DIRECTION('center_axis',(-0.894427190999896,-0.447213595499998,0.));
#4069=DIRECTION('ref_axis',(0.,0.,-1.));
#4070=DIRECTION('center_axis',(1.,0.,0.));
#4071=DIRECTION('ref_axis',(0.,0.,-1.));
#4072=DIRECTION('',(0.,0.,-1.));
#4073=DIRECTION('',(0.,1.,0.));
#4074=DIRECTION('',(0.,-1.,0.));
#4075=DIRECTION('center_axis',(1.,0.,0.));
#4076=DIRECTION('ref_axis',(0.,0.,-1.));
#4077=DIRECTION('',(0.,0.,1.));
#4078=DIRECTION('',(0.,-1.,0.));
#4079=DIRECTION('',(0.,1.,0.));
#4080=DIRECTION('center_axis',(-0.894427190999896,0.447213595499998,0.));
#4081=DIRECTION('ref_axis',(0.,0.,-1.));
#4082=DIRECTION('',(-0.408248290463896,-0.816496580927693,0.408248290463896));
#4083=DIRECTION('',(0.,0.,-1.));
#4084=DIRECTION('',(-0.408248290463896,-0.816496580927693,-0.408248290463896));
#4085=DIRECTION('center_axis',(0.,0.447213595499998,-0.894427190999896));
#4086=DIRECTION('ref_axis',(-1.,0.,0.));
#4087=DIRECTION('',(-1.,0.,0.));
#4088=DIRECTION('',(-1.,0.,0.));
#4089=DIRECTION('',(0.408248290463896,-0.816496580927693,-0.408248290463896));
#4090=DIRECTION('center_axis',(0.,0.,-1.));
#4091=DIRECTION('ref_axis',(0.,1.,0.));
#4092=DIRECTION('',(0.,1.,0.));
#4093=DIRECTION('center_axis',(0.,0.,-1.));
#4094=DIRECTION('ref_axis',(0.,1.,0.));
#4095=DIRECTION('',(-1.,0.,0.));
#4096=DIRECTION('',(0.,1.,0.));
#4097=DIRECTION('center_axis',(1.,0.,0.));
#4098=DIRECTION('ref_axis',(0.,0.,-1.));
#4099=DIRECTION('',(0.,0.,1.));
#4100=DIRECTION('',(0.,-1.,0.));
#4101=DIRECTION('center_axis',(1.,0.,0.));
#4102=DIRECTION('ref_axis',(0.,0.,-1.));
#4103=DIRECTION('',(0.,0.,-1.));
#4104=DIRECTION('',(0.,-1.,0.));
#4105=DIRECTION('center_axis',(0.894427190999896,0.447213595499998,0.));
#4106=DIRECTION('ref_axis',(0.,0.,-1.));
#4107=DIRECTION('',(0.,0.,1.));
#4108=DIRECTION('',(0.408248290463896,-0.816496580927693,0.408248290463896));
#4109=DIRECTION('center_axis',(0.,1.,0.));
#4110=DIRECTION('ref_axis',(0.,0.,1.));
#4111=DIRECTION('',(-1.,0.,0.));
#4112=DIRECTION('center_axis',(0.,0.447213595499998,0.894427190999896));
#4113=DIRECTION('ref_axis',(-1.,0.,0.));
#4114=DIRECTION('',(-1.,0.,0.));
#4115=DIRECTION('center_axis',(0.,0.,1.));
#4116=DIRECTION('ref_axis',(0.,-1.,0.));
#4117=DIRECTION('center_axis',(0.,0.,1.));
#4118=DIRECTION('ref_axis',(0.,-1.,0.));
#4119=DIRECTION('',(-1.,0.,0.));
#4120=DIRECTION('center_axis',(0.,-0.447213595499998,0.894427190999896));
#4121=DIRECTION('ref_axis',(-1.,0.,0.));
#4122=DIRECTION('',(-0.408248290463896,0.816496580927693,0.408248290463896));
#4123=DIRECTION('',(-1.,0.,0.));
#4124=DIRECTION('',(0.408248290463896,0.816496580927693,0.408248290463896));
#4125=DIRECTION('center_axis',(0.894427190999896,-0.447213595499998,0.));
#4126=DIRECTION('ref_axis',(0.,0.,-1.));
#4127=DIRECTION('',(0.,0.,-1.));
#4128=DIRECTION('',(-0.408248290463896,-0.816496580927693,0.408248290463896));
#4129=DIRECTION('center_axis',(0.,-1.,0.));
#4130=DIRECTION('ref_axis',(0.,0.,-1.));
#4131=DIRECTION('',(-1.,0.,0.));
#4132=DIRECTION('',(0.,0.,1.));
#4133=DIRECTION('center_axis',(0.,-0.447213595499998,-0.894427190999896));
#4134=DIRECTION('ref_axis',(-1.,0.,0.));
#4135=DIRECTION('',(-0.408248290463896,0.816496580927693,-0.408248290463896));
#4136=DIRECTION('center_axis',(-0.894427190999896,-0.447213595499998,0.));
#4137=DIRECTION('ref_axis',(0.,0.,-1.));
#4138=DIRECTION('center_axis',(1.,0.,0.));
#4139=DIRECTION('ref_axis',(0.,0.,-1.));
#4140=DIRECTION('',(0.,0.,-1.));
#4141=DIRECTION('',(0.,1.,0.));
#4142=DIRECTION('',(0.,-1.,0.));
#4143=DIRECTION('center_axis',(1.,0.,0.));
#4144=DIRECTION('ref_axis',(0.,0.,-1.));
#4145=DIRECTION('',(0.,0.,1.));
#4146=DIRECTION('',(0.,-1.,0.));
#4147=DIRECTION('',(0.,1.,0.));
#4148=DIRECTION('center_axis',(-0.894427190999896,0.447213595499998,0.));
#4149=DIRECTION('ref_axis',(0.,0.,-1.));
#4150=DIRECTION('',(-0.408248290463896,-0.816496580927693,0.408248290463896));
#4151=DIRECTION('',(0.,0.,-1.));
#4152=DIRECTION('',(-0.408248290463896,-0.816496580927693,-0.408248290463896));
#4153=DIRECTION('center_axis',(0.,0.447213595499998,-0.894427190999896));
#4154=DIRECTION('ref_axis',(-1.,0.,0.));
#4155=DIRECTION('',(-1.,0.,0.));
#4156=DIRECTION('',(-1.,0.,0.));
#4157=DIRECTION('',(0.408248290463896,-0.816496580927693,-0.408248290463896));
#4158=DIRECTION('center_axis',(0.,0.,-1.));
#4159=DIRECTION('ref_axis',(0.,1.,0.));
#4160=DIRECTION('',(0.,1.,0.));
#4161=DIRECTION('center_axis',(0.,0.,-1.));
#4162=DIRECTION('ref_axis',(0.,1.,0.));
#4163=DIRECTION('',(-1.,0.,0.));
#4164=DIRECTION('',(0.,1.,0.));
#4165=DIRECTION('center_axis',(1.,0.,0.));
#4166=DIRECTION('ref_axis',(0.,0.,-1.));
#4167=DIRECTION('',(0.,0.,1.));
#4168=DIRECTION('',(0.,-1.,0.));
#4169=DIRECTION('center_axis',(1.,0.,0.));
#4170=DIRECTION('ref_axis',(0.,0.,-1.));
#4171=DIRECTION('',(0.,0.,-1.));
#4172=DIRECTION('',(0.,-1.,0.));
#4173=DIRECTION('center_axis',(0.894427190999896,0.447213595499998,0.));
#4174=DIRECTION('ref_axis',(0.,0.,-1.));
#4175=DIRECTION('',(0.,0.,1.));
#4176=DIRECTION('',(0.408248290463896,-0.816496580927693,0.408248290463896));
#4177=DIRECTION('center_axis',(0.,1.,0.));
#4178=DIRECTION('ref_axis',(0.,0.,1.));
#4179=DIRECTION('',(-1.,0.,0.));
#4180=DIRECTION('center_axis',(0.,0.447213595499998,0.894427190999896));
#4181=DIRECTION('ref_axis',(-1.,0.,0.));
#4182=DIRECTION('',(-1.,0.,0.));
#4183=DIRECTION('center_axis',(0.,0.,1.));
#4184=DIRECTION('ref_axis',(0.,-1.,0.));
#4185=DIRECTION('center_axis',(0.,0.,1.));
#4186=DIRECTION('ref_axis',(0.,-1.,0.));
#4187=DIRECTION('',(-1.,0.,0.));
#4188=DIRECTION('center_axis',(0.,-0.447213595499998,0.894427190999896));
#4189=DIRECTION('ref_axis',(-1.,0.,0.));
#4190=DIRECTION('',(-0.408248290463896,0.816496580927693,0.408248290463896));
#4191=DIRECTION('',(-1.,0.,0.));
#4192=DIRECTION('',(0.408248290463896,0.816496580927693,0.408248290463896));
#4193=DIRECTION('center_axis',(0.894427190999896,-0.447213595499998,0.));
#4194=DIRECTION('ref_axis',(0.,0.,-1.));
#4195=DIRECTION('',(0.,0.,-1.));
#4196=DIRECTION('',(-0.408248290463896,-0.816496580927693,0.408248290463896));
#4197=DIRECTION('center_axis',(0.,-1.,0.));
#4198=DIRECTION('ref_axis',(0.,0.,-1.));
#4199=DIRECTION('',(-1.,0.,0.));
#4200=DIRECTION('',(0.,0.,1.));
#4201=DIRECTION('center_axis',(0.,-0.447213595499998,-0.894427190999896));
#4202=DIRECTION('ref_axis',(-1.,0.,0.));
#4203=DIRECTION('',(-0.408248290463896,0.816496580927693,-0.408248290463896));
#4204=DIRECTION('center_axis',(-0.894427190999896,-0.447213595499998,0.));
#4205=DIRECTION('ref_axis',(0.,0.,-1.));
#4206=DIRECTION('axis',(0.,0.,1.));
#4207=DIRECTION('refdir',(1.,0.,0.));
#4208=DIRECTION('center_axis',(-1.,0.,0.));
#4209=DIRECTION('ref_axis',(0.,-2.73691106313441E-48,-1.));
#4210=DIRECTION('',(0.,0.,1.));
#4211=DIRECTION('',(0.,-1.,0.));
#4212=DIRECTION('',(0.,0.,1.));
#4213=DIRECTION('',(0.,-1.,0.));
#4214=DIRECTION('center_axis',(-1.15243826629881E-79,0.,1.));
#4215=DIRECTION('ref_axis',(-1.,4.21072603279625E-32,-1.15243826629881E-79));
#4216=DIRECTION('',(1.,0.,1.15243826629881E-79));
#4217=DIRECTION('',(1.,0.,0.));
#4218=DIRECTION('',(0.,-1.,0.));
#4219=DIRECTION('center_axis',(1.,0.,0.));
#4220=DIRECTION('ref_axis',(0.,2.73691106313441E-48,1.));
#4221=DIRECTION('',(0.,0.,-1.));
#4222=DIRECTION('',(0.,0.,-1.));
#4223=DIRECTION('',(0.,-1.,0.));
#4224=DIRECTION('center_axis',(1.15243826629881E-79,0.,-1.));
#4225=DIRECTION('ref_axis',(1.,-4.21072603279625E-32,1.15243826629881E-79));
#4226=DIRECTION('',(-1.,0.,-1.15243826629881E-79));
#4227=DIRECTION('',(-1.,0.,0.));
#4228=DIRECTION('center_axis',(0.,1.,0.));
#4229=DIRECTION('ref_axis',(0.,0.,1.));
#4230=DIRECTION('center_axis',(0.,1.,0.));
#4231=DIRECTION('ref_axis',(1.,0.,0.));
#4232=DIRECTION('center_axis',(0.,1.,0.));
#4233=DIRECTION('ref_axis',(1.,0.,0.));
#4234=DIRECTION('center_axis',(0.,1.,0.));
#4235=DIRECTION('ref_axis',(1.,0.,0.));
#4236=DIRECTION('center_axis',(0.,1.,0.));
#4237=DIRECTION('ref_axis',(1.,0.,0.));
#4238=DIRECTION('',(-0.201600531659733,-0.958495931795762,0.201600531659732));
#4239=DIRECTION('',(0.201600531659733,-0.958495931795762,0.201600531659733));
#4240=DIRECTION('',(0.201600531659733,-0.958495931795762,-0.201600531659733));
#4241=DIRECTION('',(-0.201600531659733,-0.958495931795762,-0.201600531659733));
#4242=DIRECTION('center_axis',(-1.,0.,0.));
#4243=DIRECTION('ref_axis',(0.,-2.73691106313441E-48,-1.));
#4244=DIRECTION('',(0.,0.,1.));
#4245=DIRECTION('',(0.,-1.,0.));
#4246=DIRECTION('',(0.,0.,1.));
#4247=DIRECTION('',(0.,-1.,0.));
#4248=DIRECTION('center_axis',(-1.15243826629881E-79,0.,1.));
#4249=DIRECTION('ref_axis',(-1.,4.21072603279625E-32,-1.15243826629881E-79));
#4250=DIRECTION('',(1.,0.,1.15243826629881E-79));
#4251=DIRECTION('',(1.,0.,0.));
#4252=DIRECTION('',(0.,-1.,0.));
#4253=DIRECTION('center_axis',(1.,0.,0.));
#4254=DIRECTION('ref_axis',(0.,2.73691106313441E-48,1.));
#4255=DIRECTION('',(0.,0.,-1.));
#4256=DIRECTION('',(0.,0.,-1.));
#4257=DIRECTION('',(0.,-1.,0.));
#4258=DIRECTION('center_axis',(1.15243826629881E-79,0.,-1.));
#4259=DIRECTION('ref_axis',(1.,-4.21072603279625E-32,1.15243826629881E-79));
#4260=DIRECTION('',(-1.,0.,-1.15243826629881E-79));
#4261=DIRECTION('',(-1.,0.,0.));
#4262=DIRECTION('center_axis',(0.,1.,0.));
#4263=DIRECTION('ref_axis',(0.,0.,1.));
#4264=DIRECTION('center_axis',(0.,1.,0.));
#4265=DIRECTION('ref_axis',(1.,0.,0.));
#4266=DIRECTION('center_axis',(0.,1.,0.));
#4267=DIRECTION('ref_axis',(1.,0.,0.));
#4268=DIRECTION('center_axis',(0.,1.,0.));
#4269=DIRECTION('ref_axis',(1.,0.,0.));
#4270=DIRECTION('center_axis',(0.,1.,0.));
#4271=DIRECTION('ref_axis',(1.,0.,0.));
#4272=DIRECTION('',(-0.201600531659733,-0.958495931795762,0.201600531659732));
#4273=DIRECTION('',(0.201600531659733,-0.958495931795762,0.201600531659733));
#4274=DIRECTION('',(0.201600531659733,-0.958495931795762,-0.201600531659733));
#4275=DIRECTION('',(-0.201600531659733,-0.958495931795762,-0.201600531659733));
#4276=DIRECTION('center_axis',(-1.,0.,0.));
#4277=DIRECTION('ref_axis',(0.,-2.73691106313441E-48,-1.));
#4278=DIRECTION('',(0.,0.,1.));
#4279=DIRECTION('',(0.,-1.,0.));
#4280=DIRECTION('',(0.,0.,1.));
#4281=DIRECTION('',(0.,-1.,0.));
#4282=DIRECTION('center_axis',(-1.15243826629881E-79,0.,1.));
#4283=DIRECTION('ref_axis',(-1.,4.21072603279625E-32,-1.15243826629881E-79));
#4284=DIRECTION('',(1.,0.,1.15243826629881E-79));
#4285=DIRECTION('',(1.,0.,0.));
#4286=DIRECTION('',(0.,-1.,0.));
#4287=DIRECTION('center_axis',(1.,0.,0.));
#4288=DIRECTION('ref_axis',(0.,2.73691106313441E-48,1.));
#4289=DIRECTION('',(0.,0.,-1.));
#4290=DIRECTION('',(0.,0.,-1.));
#4291=DIRECTION('',(0.,-1.,0.));
#4292=DIRECTION('center_axis',(1.15243826629881E-79,0.,-1.));
#4293=DIRECTION('ref_axis',(1.,-4.21072603279625E-32,1.15243826629881E-79));
#4294=DIRECTION('',(-1.,0.,-1.15243826629881E-79));
#4295=DIRECTION('',(-1.,0.,0.));
#4296=DIRECTION('center_axis',(0.,1.,0.));
#4297=DIRECTION('ref_axis',(0.,0.,1.));
#4298=DIRECTION('center_axis',(0.,1.,0.));
#4299=DIRECTION('ref_axis',(1.,0.,0.));
#4300=DIRECTION('center_axis',(0.,1.,0.));
#4301=DIRECTION('ref_axis',(1.,0.,0.));
#4302=DIRECTION('center_axis',(0.,1.,0.));
#4303=DIRECTION('ref_axis',(1.,0.,0.));
#4304=DIRECTION('center_axis',(0.,1.,0.));
#4305=DIRECTION('ref_axis',(1.,0.,0.));
#4306=DIRECTION('',(-0.201600531659733,-0.958495931795762,0.201600531659732));
#4307=DIRECTION('',(0.201600531659733,-0.958495931795762,0.201600531659733));
#4308=DIRECTION('',(0.201600531659733,-0.958495931795762,-0.201600531659733));
#4309=DIRECTION('',(-0.201600531659733,-0.958495931795762,-0.201600531659733));
#4310=DIRECTION('center_axis',(-1.,0.,0.));
#4311=DIRECTION('ref_axis',(0.,-2.73691106313441E-48,-1.));
#4312=DIRECTION('',(0.,0.,1.));
#4313=DIRECTION('',(0.,-1.,0.));
#4314=DIRECTION('',(0.,0.,1.));
#4315=DIRECTION('',(0.,-1.,0.));
#4316=DIRECTION('center_axis',(-1.15243826629881E-79,0.,1.));
#4317=DIRECTION('ref_axis',(-1.,4.21072603279625E-32,-1.15243826629881E-79));
#4318=DIRECTION('',(1.,0.,1.15243826629881E-79));
#4319=DIRECTION('',(1.,0.,0.));
#4320=DIRECTION('',(0.,-1.,0.));
#4321=DIRECTION('center_axis',(1.,0.,0.));
#4322=DIRECTION('ref_axis',(0.,2.73691106313441E-48,1.));
#4323=DIRECTION('',(0.,0.,-1.));
#4324=DIRECTION('',(0.,0.,-1.));
#4325=DIRECTION('',(0.,-1.,0.));
#4326=DIRECTION('center_axis',(1.15243826629881E-79,0.,-1.));
#4327=DIRECTION('ref_axis',(1.,-4.21072603279625E-32,1.15243826629881E-79));
#4328=DIRECTION('',(-1.,0.,-1.15243826629881E-79));
#4329=DIRECTION('',(-1.,0.,0.));
#4330=DIRECTION('center_axis',(0.,1.,0.));
#4331=DIRECTION('ref_axis',(0.,0.,1.));
#4332=DIRECTION('center_axis',(0.,1.,0.));
#4333=DIRECTION('ref_axis',(1.,0.,0.));
#4334=DIRECTION('center_axis',(0.,1.,0.));
#4335=DIRECTION('ref_axis',(1.,0.,0.));
#4336=DIRECTION('center_axis',(0.,1.,0.));
#4337=DIRECTION('ref_axis',(1.,0.,0.));
#4338=DIRECTION('center_axis',(0.,1.,0.));
#4339=DIRECTION('ref_axis',(1.,0.,0.));
#4340=DIRECTION('',(-0.201600531659733,-0.958495931795762,0.201600531659732));
#4341=DIRECTION('',(0.201600531659733,-0.958495931795762,0.201600531659733));
#4342=DIRECTION('',(0.201600531659733,-0.958495931795762,-0.201600531659733));
#4343=DIRECTION('',(-0.201600531659733,-0.958495931795762,-0.201600531659733));
#4344=DIRECTION('center_axis',(-1.,0.,0.));
#4345=DIRECTION('ref_axis',(0.,1.,0.));
#4346=DIRECTION('',(0.,1.,0.));
#4347=DIRECTION('',(0.,0.,-1.));
#4348=DIRECTION('',(0.,-1.,0.));
#4349=DIRECTION('',(0.,0.,-1.));
#4350=DIRECTION('center_axis',(0.,-1.,0.));
#4351=DIRECTION('ref_axis',(-1.,0.,0.));
#4352=DIRECTION('',(-1.,0.,0.));
#4353=DIRECTION('',(0.,0.,-1.));
#4354=DIRECTION('',(1.,0.,0.));
#4355=DIRECTION('center_axis',(1.,0.,0.));
#4356=DIRECTION('ref_axis',(0.,-1.,0.));
#4357=DIRECTION('',(0.,-1.,0.));
#4358=DIRECTION('',(0.,0.,-1.));
#4359=DIRECTION('',(0.,1.,0.));
#4360=DIRECTION('center_axis',(0.,1.,0.));
#4361=DIRECTION('ref_axis',(1.,0.,0.));
#4362=DIRECTION('',(1.,0.,0.));
#4363=DIRECTION('',(-1.,0.,0.));
#4364=DIRECTION('center_axis',(-1.,0.,0.));
#4365=DIRECTION('ref_axis',(0.,1.,0.));
#4366=DIRECTION('',(0.,1.,0.));
#4367=DIRECTION('',(0.,0.,-1.));
#4368=DIRECTION('',(0.,-1.,0.));
#4369=DIRECTION('',(0.,0.,-1.));
#4370=DIRECTION('center_axis',(0.,-1.,0.));
#4371=DIRECTION('ref_axis',(-1.,0.,0.));
#4372=DIRECTION('',(-1.,0.,0.));
#4373=DIRECTION('',(0.,0.,-1.));
#4374=DIRECTION('',(1.,0.,0.));
#4375=DIRECTION('center_axis',(1.,0.,0.));
#4376=DIRECTION('ref_axis',(0.,-1.,0.));
#4377=DIRECTION('',(0.,-1.,0.));
#4378=DIRECTION('',(0.,0.,-1.));
#4379=DIRECTION('',(0.,1.,0.));
#4380=DIRECTION('center_axis',(0.,1.,0.));
#4381=DIRECTION('ref_axis',(1.,0.,0.));
#4382=DIRECTION('',(1.,0.,0.));
#4383=DIRECTION('',(-1.,0.,0.));
#4384=DIRECTION('center_axis',(-1.,0.,0.));
#4385=DIRECTION('ref_axis',(0.,1.,0.));
#4386=DIRECTION('',(0.,1.,0.));
#4387=DIRECTION('',(0.,0.,-1.));
#4388=DIRECTION('',(0.,-1.,0.));
#4389=DIRECTION('',(0.,0.,-1.));
#4390=DIRECTION('center_axis',(0.,-1.,0.));
#4391=DIRECTION('ref_axis',(-1.,0.,0.));
#4392=DIRECTION('',(-1.,0.,0.));
#4393=DIRECTION('',(0.,0.,-1.));
#4394=DIRECTION('',(1.,0.,0.));
#4395=DIRECTION('center_axis',(1.,0.,0.));
#4396=DIRECTION('ref_axis',(0.,-1.,0.));
#4397=DIRECTION('',(0.,-1.,0.));
#4398=DIRECTION('',(0.,0.,-1.));
#4399=DIRECTION('',(0.,1.,0.));
#4400=DIRECTION('center_axis',(0.,1.,0.));
#4401=DIRECTION('ref_axis',(1.,0.,0.));
#4402=DIRECTION('',(1.,0.,0.));
#4403=DIRECTION('',(-1.,0.,0.));
#4404=DIRECTION('center_axis',(-1.,0.,0.));
#4405=DIRECTION('ref_axis',(0.,1.,0.));
#4406=DIRECTION('',(0.,1.,0.));
#4407=DIRECTION('',(0.,0.,-1.));
#4408=DIRECTION('',(0.,-1.,0.));
#4409=DIRECTION('',(0.,0.,-1.));
#4410=DIRECTION('center_axis',(0.,-1.,0.));
#4411=DIRECTION('ref_axis',(-1.,0.,0.));
#4412=DIRECTION('',(-1.,0.,0.));
#4413=DIRECTION('',(0.,0.,-1.));
#4414=DIRECTION('',(1.,0.,0.));
#4415=DIRECTION('center_axis',(1.,0.,0.));
#4416=DIRECTION('ref_axis',(0.,-1.,0.));
#4417=DIRECTION('',(0.,-1.,0.));
#4418=DIRECTION('',(0.,0.,-1.));
#4419=DIRECTION('',(0.,1.,0.));
#4420=DIRECTION('center_axis',(0.,1.,0.));
#4421=DIRECTION('ref_axis',(1.,0.,0.));
#4422=DIRECTION('',(1.,0.,0.));
#4423=DIRECTION('',(-1.,0.,0.));
#4424=DIRECTION('center_axis',(0.,-1.,0.));
#4425=DIRECTION('ref_axis',(1.,0.,0.));
#4426=DIRECTION('',(-1.,0.,0.));
#4427=DIRECTION('',(0.,0.,1.));
#4428=DIRECTION('',(1.,0.,0.));
#4429=DIRECTION('',(0.,0.,1.));
#4430=DIRECTION('center_axis',(-1.,0.,0.));
#4431=DIRECTION('ref_axis',(0.,-1.,0.));
#4432=DIRECTION('',(0.,1.,0.));
#4433=DIRECTION('',(0.,-1.,0.));
#4434=DIRECTION('',(0.,0.,1.));
#4435=DIRECTION('center_axis',(0.,1.,0.));
#4436=DIRECTION('ref_axis',(-1.,0.,0.));
#4437=DIRECTION('',(1.,0.,0.));
#4438=DIRECTION('',(-1.,0.,0.));
#4439=DIRECTION('',(0.,0.,1.));
#4440=DIRECTION('center_axis',(1.,0.,0.));
#4441=DIRECTION('ref_axis',(0.,1.,0.));
#4442=DIRECTION('',(0.,-1.,0.));
#4443=DIRECTION('',(0.,1.,0.));
#4444=DIRECTION('center_axis',(0.,0.,1.));
#4445=DIRECTION('ref_axis',(1.,0.,0.));
#4446=DIRECTION('center_axis',(1.,0.,0.));
#4447=DIRECTION('ref_axis',(0.,1.,0.));
#4448=DIRECTION('',(0.,-1.,0.));
#4449=DIRECTION('',(0.,0.,1.));
#4450=DIRECTION('',(0.,1.,0.));
#4451=DIRECTION('',(0.,0.,1.));
#4452=DIRECTION('center_axis',(0.,-1.,0.));
#4453=DIRECTION('ref_axis',(1.,0.,0.));
#4454=DIRECTION('',(-1.,0.,0.));
#4455=DIRECTION('',(1.,0.,0.));
#4456=DIRECTION('',(0.,0.,1.));
#4457=DIRECTION('center_axis',(-1.,0.,0.));
#4458=DIRECTION('ref_axis',(0.,-1.,0.));
#4459=DIRECTION('',(0.,1.,0.));
#4460=DIRECTION('',(0.,-1.,0.));
#4461=DIRECTION('',(0.,0.,1.));
#4462=DIRECTION('center_axis',(0.,1.,0.));
#4463=DIRECTION('ref_axis',(-1.,0.,0.));
#4464=DIRECTION('',(1.,0.,0.));
#4465=DIRECTION('',(-1.,0.,0.));
#4466=DIRECTION('center_axis',(0.,0.,1.));
#4467=DIRECTION('ref_axis',(1.,0.,0.));
#4468=DIRECTION('center_axis',(0.,0.,-1.));
#4469=DIRECTION('ref_axis',(-1.,0.,0.));
#4470=DIRECTION('center_axis',(0.,0.,-1.));
#4471=DIRECTION('ref_axis',(-1.,0.,0.));
#4472=DIRECTION('',(0.,0.,1.));
#4473=DIRECTION('center_axis',(0.,0.,-1.));
#4474=DIRECTION('ref_axis',(-1.,0.,0.));
#4475=DIRECTION('center_axis',(1.,0.,0.));
#4476=DIRECTION('ref_axis',(0.,1.,0.));
#4477=DIRECTION('',(0.,1.,0.));
#4478=DIRECTION('',(0.,0.,1.));
#4479=DIRECTION('',(0.,1.,0.));
#4480=DIRECTION('',(0.,0.,1.));
#4481=DIRECTION('center_axis',(8.29631360659117E-33,-1.,0.));
#4482=DIRECTION('ref_axis',(1.,8.29631360659117E-33,0.));
#4483=DIRECTION('',(1.,8.29631360659117E-33,0.));
#4484=DIRECTION('',(1.,8.29631360659117E-33,0.));
#4485=DIRECTION('',(0.,0.,1.));
#4486=DIRECTION('center_axis',(0.,0.,1.));
#4487=DIRECTION('ref_axis',(1.,0.,0.));
#4488=DIRECTION('',(0.,-1.,0.));
#4489=DIRECTION('',(1.,0.,0.));
#4490=DIRECTION('',(0.,-1.,0.));
#4491=DIRECTION('',(1.,0.,0.));
#4492=DIRECTION('',(-2.97176133852036E-33,-1.,0.));
#4493=DIRECTION('',(-1.,0.,0.));
#4494=DIRECTION('center_axis',(0.,0.,-1.));
#4495=DIRECTION('ref_axis',(-1.,0.,0.));
#4496=DIRECTION('center_axis',(0.,0.,-1.));
#4497=DIRECTION('ref_axis',(-1.,0.,0.));
#4498=DIRECTION('center_axis',(0.,0.,-1.));
#4499=DIRECTION('ref_axis',(-1.,0.,0.));
#4500=DIRECTION('center_axis',(0.,0.,-1.));
#4501=DIRECTION('ref_axis',(-1.,0.,0.));
#4502=DIRECTION('',(0.,0.,1.));
#4503=DIRECTION('center_axis',(0.,0.,-1.));
#4504=DIRECTION('ref_axis',(-1.,0.,0.));
#4505=DIRECTION('center_axis',(-1.,2.97176133852036E-33,0.));
#4506=DIRECTION('ref_axis',(-2.97176133852036E-33,-1.,0.));
#4507=DIRECTION('',(0.,0.,1.));
#4508=DIRECTION('',(-2.97176133852036E-33,-1.,0.));
#4509=DIRECTION('',(0.,0.,1.));
#4510=DIRECTION('center_axis',(0.,-1.,0.));
#4511=DIRECTION('ref_axis',(1.,0.,0.));
#4512=DIRECTION('',(0.,0.,1.));
#4513=DIRECTION('',(1.,0.,0.));
#4514=DIRECTION('center_axis',(0.,0.,-1.));
#4515=DIRECTION('ref_axis',(-1.,0.,0.));
#4516=DIRECTION('',(0.,0.,1.));
#4517=DIRECTION('center_axis',(0.,0.,-1.));
#4518=DIRECTION('ref_axis',(-1.,0.,0.));
#4519=DIRECTION('center_axis',(0.,0.,-1.));
#4520=DIRECTION('ref_axis',(-1.,0.,0.));
#4521=DIRECTION('',(0.,0.,1.));
#4522=DIRECTION('center_axis',(0.,0.,-1.));
#4523=DIRECTION('ref_axis',(-1.,0.,0.));
#4524=DIRECTION('center_axis',(1.,0.,0.));
#4525=DIRECTION('ref_axis',(0.,1.,0.));
#4526=DIRECTION('',(0.,0.,1.));
#4527=DIRECTION('',(0.,1.,0.));
#4528=DIRECTION('center_axis',(0.,1.,0.));
#4529=DIRECTION('ref_axis',(-1.,0.,0.));
#4530=DIRECTION('',(-1.,0.,0.));
#4531=DIRECTION('center_axis',(-1.,0.,0.));
#4532=DIRECTION('ref_axis',(0.,-1.,0.));
#4533=DIRECTION('',(0.,-1.,0.));
#4534=DIRECTION('',(0.,0.,1.));
#4535=DIRECTION('center_axis',(0.,-1.,0.));
#4536=DIRECTION('ref_axis',(1.,0.,0.));
#4537=DIRECTION('',(1.,0.,0.));
#4538=DIRECTION('center_axis',(0.,0.,1.));
#4539=DIRECTION('ref_axis',(1.,0.,0.));
#4540=DIRECTION('',(4.93038065763133E-32,1.,3.94430452610506E-31));
#4541=DIRECTION('',(0.999999999999999,0.,-1.30003275498884E-47));
#4542=DIRECTION('',(2.69880267346701E-79,-1.,4.93038065763132E-32));
#4543=DIRECTION('',(0.999999999999999,5.39760534693402E-79,1.21543267145725E-63));
#4544=CARTESIAN_POINT('',(0.,0.,0.));
#4545=CARTESIAN_POINT('',(0.,0.,0.));
#4546=CARTESIAN_POINT('Origin',(0.,0.,0.));
#4547=CARTESIAN_POINT('',(-1.016,0.,1.27));
#4548=CARTESIAN_POINT('',(-1.016,0.,-1.27));
#4549=CARTESIAN_POINT('',(-1.016,0.,1.27));
#4550=CARTESIAN_POINT('',(-1.27,0.,1.016));
#4551=CARTESIAN_POINT('',(-1.27,0.,1.016));
#4552=CARTESIAN_POINT('',(-1.27,0.,-1.016));
#4553=CARTESIAN_POINT('',(-1.27,0.,-1.016));
#4554=CARTESIAN_POINT('',(-1.016,0.,-1.27));
#4555=CARTESIAN_POINT('Origin',(0.,0.,0.));
#4556=CARTESIAN_POINT('',(1.524,0.,1.27));
#4557=CARTESIAN_POINT('',(1.524,0.,-1.27));
#4558=CARTESIAN_POINT('',(1.524,0.,1.27));
#4559=CARTESIAN_POINT('',(1.27,0.,1.016));
#4560=CARTESIAN_POINT('',(1.27,0.,1.016));
#4561=CARTESIAN_POINT('',(1.016,0.,1.27));
#4562=CARTESIAN_POINT('',(1.016,0.,1.27));
#4563=CARTESIAN_POINT('',(1.016,0.,-1.27));
#4564=CARTESIAN_POINT('',(1.016,0.,1.27));
#4565=CARTESIAN_POINT('',(1.27,0.,-1.016));
#4566=CARTESIAN_POINT('',(1.27,0.,-1.016));
#4567=CARTESIAN_POINT('',(1.524,0.,-1.27));
#4568=CARTESIAN_POINT('Origin',(0.,0.,0.));
#4569=CARTESIAN_POINT('',(4.064,0.,1.27));
#4570=CARTESIAN_POINT('',(4.064,0.,-1.27));
#4571=CARTESIAN_POINT('',(4.064,0.,1.27));
#4572=CARTESIAN_POINT('',(3.81,0.,1.016));
#4573=CARTESIAN_POINT('',(3.81,0.,1.016));
#4574=CARTESIAN_POINT('',(3.556,0.,1.27));
#4575=CARTESIAN_POINT('',(3.556,0.,1.27));
#4576=CARTESIAN_POINT('',(3.556,0.,-1.27));
#4577=CARTESIAN_POINT('',(3.556,0.,1.27));
#4578=CARTESIAN_POINT('',(3.81,0.,-1.016));
#4579=CARTESIAN_POINT('',(3.81,0.,-1.016));
#4580=CARTESIAN_POINT('',(4.064,0.,-1.27));
#4581=CARTESIAN_POINT('Origin',(0.,0.,0.));
#4582=CARTESIAN_POINT('',(6.604,0.,1.27));
#4583=CARTESIAN_POINT('',(6.604,0.,-1.27));
#4584=CARTESIAN_POINT('',(6.604,0.,1.27));
#4585=CARTESIAN_POINT('',(6.35,0.,1.016));
#4586=CARTESIAN_POINT('',(6.35,0.,1.016));
#4587=CARTESIAN_POINT('',(6.096,0.,1.27));
#4588=CARTESIAN_POINT('',(6.096,0.,1.27));
#4589=CARTESIAN_POINT('',(6.096,0.,-1.27));
#4590=CARTESIAN_POINT('',(6.096,0.,1.27));
#4591=CARTESIAN_POINT('',(6.35,0.,-1.016));
#4592=CARTESIAN_POINT('',(6.35,0.,-1.016));
#4593=CARTESIAN_POINT('',(6.604,0.,-1.27));
#4594=CARTESIAN_POINT('Origin',(0.,0.,0.));
#4595=CARTESIAN_POINT('',(8.636,0.,1.27));
#4596=CARTESIAN_POINT('',(8.636,0.,-1.27));
#4597=CARTESIAN_POINT('',(8.636,0.,1.27));
#4598=CARTESIAN_POINT('',(8.89,0.,-1.016));
#4599=CARTESIAN_POINT('',(8.89,0.,-1.016));
#4600=CARTESIAN_POINT('',(8.89,0.,1.016));
#4601=CARTESIAN_POINT('',(8.89,0.,1.016));
#4602=CARTESIAN_POINT('',(8.636,0.,1.27));
#4603=CARTESIAN_POINT('Origin',(-1.016,0.254,1.27));
#4604=CARTESIAN_POINT('',(-1.016,0.254,-1.27));
#4605=CARTESIAN_POINT('',(-1.016,0.,-1.27));
#4606=CARTESIAN_POINT('',(-1.016,0.254,1.27));
#4607=CARTESIAN_POINT('',(-1.016,0.254,1.27));
#4608=CARTESIAN_POINT('',(-1.016,0.,1.27));
#4609=CARTESIAN_POINT('Origin',(-1.27,0.,1.016));
#4610=CARTESIAN_POINT('',(-1.016,2.54,1.27));
#4611=CARTESIAN_POINT('',(-1.016,0.254,1.27));
#4612=CARTESIAN_POINT('',(-1.27,2.54,1.016));
#4613=CARTESIAN_POINT('',(-1.27,2.54,1.016));
#4614=CARTESIAN_POINT('',(-1.27,0.,1.016));
#4615=CARTESIAN_POINT('Origin',(-1.27,0.,-1.016));
#4616=CARTESIAN_POINT('',(-1.27,2.54,-1.016));
#4617=CARTESIAN_POINT('',(-1.27,2.54,-1.016));
#4618=CARTESIAN_POINT('',(-1.27,0.,-1.016));
#4619=CARTESIAN_POINT('Origin',(-1.016,0.,-1.27));
#4620=CARTESIAN_POINT('',(-1.016,2.54,-1.27));
#4621=CARTESIAN_POINT('',(-1.016,2.54,-1.27));
#4622=CARTESIAN_POINT('',(-1.016,0.254,-1.27));
#4623=CARTESIAN_POINT('Origin',(1.016,0.,-1.27));
#4624=CARTESIAN_POINT('',(1.016,0.254,-1.27));
#4625=CARTESIAN_POINT('',(1.016,0.254,-1.27));
#4626=CARTESIAN_POINT('',(1.016,2.54,-1.27));
#4627=CARTESIAN_POINT('',(1.016,2.54,-1.27));
#4628=CARTESIAN_POINT('',(1.016,0.254,-1.27));
#4629=CARTESIAN_POINT('Origin',(1.016,0.254,1.27));
#4630=CARTESIAN_POINT('',(1.016,0.254,1.27));
#4631=CARTESIAN_POINT('',(-1.016,0.254,1.27));
#4632=CARTESIAN_POINT('',(1.016,0.254,1.27));
#4633=CARTESIAN_POINT('',(-0.325,0.254,0.325));
#4634=CARTESIAN_POINT('',(-0.325,0.254,-0.325));
#4635=CARTESIAN_POINT('',(-0.325,0.254,0.325));
#4636=CARTESIAN_POINT('',(0.325,0.254,0.325));
#4637=CARTESIAN_POINT('',(-0.325,0.254,0.325));
#4638=CARTESIAN_POINT('',(0.325,0.254,-0.325));
#4639=CARTESIAN_POINT('',(0.325,0.254,0.325));
#4640=CARTESIAN_POINT('',(-0.325,0.254,-0.325));
#4641=CARTESIAN_POINT('Origin',(-1.016,0.,1.27));
#4642=CARTESIAN_POINT('',(1.016,2.54,1.27));
#4643=CARTESIAN_POINT('',(1.016,0.254,1.27));
#4644=CARTESIAN_POINT('',(-1.016,2.54,1.27));
#4645=CARTESIAN_POINT('Origin',(0.,2.54,0.));
#4646=CARTESIAN_POINT('',(6.35,2.54,-1.016));
#4647=CARTESIAN_POINT('',(6.096,2.54,-1.27));
#4648=CARTESIAN_POINT('',(6.35,2.54,-1.016));
#4649=CARTESIAN_POINT('',(4.064,2.54,-1.27));
#4650=CARTESIAN_POINT('',(6.096,2.54,-1.27));
#4651=CARTESIAN_POINT('',(3.81,2.54,-1.016));
#4652=CARTESIAN_POINT('',(4.064,2.54,-1.27));
#4653=CARTESIAN_POINT('',(3.556,2.54,-1.27));
#4654=CARTESIAN_POINT('',(3.81,2.54,-1.016));
#4655=CARTESIAN_POINT('',(1.524,2.54,-1.27));
#4656=CARTESIAN_POINT('',(3.556,2.54,-1.27));
#4657=CARTESIAN_POINT('',(1.27,2.54,-1.016));
#4658=CARTESIAN_POINT('',(1.524,2.54,-1.27));
#4659=CARTESIAN_POINT('',(1.27,2.54,-1.016));
#4660=CARTESIAN_POINT('',(1.27,2.54,1.016));
#4661=CARTESIAN_POINT('',(1.016,2.54,1.27));
#4662=CARTESIAN_POINT('',(1.524,2.54,1.27));
#4663=CARTESIAN_POINT('',(1.27,2.54,1.016));
#4664=CARTESIAN_POINT('',(3.556,2.54,1.27));
#4665=CARTESIAN_POINT('',(1.524,2.54,1.27));
#4666=CARTESIAN_POINT('',(3.81,2.54,1.016));
#4667=CARTESIAN_POINT('',(3.556,2.54,1.27));
#4668=CARTESIAN_POINT('',(4.064,2.54,1.27));
#4669=CARTESIAN_POINT('',(3.81,2.54,1.016));
#4670=CARTESIAN_POINT('',(6.096,2.54,1.27));
#4671=CARTESIAN_POINT('',(4.064,2.54,1.27));
#4672=CARTESIAN_POINT('',(6.35,2.54,1.016));
#4673=CARTESIAN_POINT('',(6.096,2.54,1.27));
#4674=CARTESIAN_POINT('',(6.604,2.54,1.27));
#4675=CARTESIAN_POINT('',(6.35,2.54,1.016));
#4676=CARTESIAN_POINT('',(8.636,2.54,1.27));
#4677=CARTESIAN_POINT('',(6.604,2.54,1.27));
#4678=CARTESIAN_POINT('',(8.89,2.54,1.016));
#4679=CARTESIAN_POINT('',(8.636,2.54,1.27));
#4680=CARTESIAN_POINT('',(8.89,2.54,-1.016));
#4681=CARTESIAN_POINT('',(8.89,2.54,1.016));
#4682=CARTESIAN_POINT('',(8.636,2.54,-1.27));
#4683=CARTESIAN_POINT('',(8.89,2.54,-1.016));
#4684=CARTESIAN_POINT('',(6.604,2.54,-1.27));
#4685=CARTESIAN_POINT('',(8.636,2.54,-1.27));
#4686=CARTESIAN_POINT('',(6.604,2.54,-1.27));
#4687=CARTESIAN_POINT('',(-0.325,2.54,0.325));
#4688=CARTESIAN_POINT('',(-0.325,2.54,-0.325));
#4689=CARTESIAN_POINT('',(-0.325,2.54,0.325));
#4690=CARTESIAN_POINT('',(0.325,2.54,-0.325));
#4691=CARTESIAN_POINT('',(-0.325,2.54,-0.325));
#4692=CARTESIAN_POINT('',(0.325,2.54,0.325));
#4693=CARTESIAN_POINT('',(0.325,2.54,0.325));
#4694=CARTESIAN_POINT('',(-0.325,2.54,0.325));
#4695=CARTESIAN_POINT('',(2.215,2.54,0.325));
#4696=CARTESIAN_POINT('',(2.215,2.54,-0.325));
#4697=CARTESIAN_POINT('',(2.215,2.54,0.325));
#4698=CARTESIAN_POINT('',(2.865,2.54,-0.325));
#4699=CARTESIAN_POINT('',(2.215,2.54,-0.325));
#4700=CARTESIAN_POINT('',(2.865,2.54,0.325));
#4701=CARTESIAN_POINT('',(2.865,2.54,0.325));
#4702=CARTESIAN_POINT('',(2.215,2.54,0.325));
#4703=CARTESIAN_POINT('',(4.755,2.54,0.325));
#4704=CARTESIAN_POINT('',(4.755,2.54,-0.325));
#4705=CARTESIAN_POINT('',(4.755,2.54,0.325));
#4706=CARTESIAN_POINT('',(5.405,2.54,-0.325));
#4707=CARTESIAN_POINT('',(4.755,2.54,-0.325));
#4708=CARTESIAN_POINT('',(5.405,2.54,0.325));
#4709=CARTESIAN_POINT('',(5.405,2.54,0.325));
#4710=CARTESIAN_POINT('',(4.755,2.54,0.325));
#4711=CARTESIAN_POINT('',(7.295,2.54,0.325));
#4712=CARTESIAN_POINT('',(7.295,2.54,-0.325));
#4713=CARTESIAN_POINT('',(7.295,2.54,0.325));
#4714=CARTESIAN_POINT('',(7.945,2.54,-0.325));
#4715=CARTESIAN_POINT('',(7.295,2.54,-0.325));
#4716=CARTESIAN_POINT('',(7.945,2.54,0.325));
#4717=CARTESIAN_POINT('',(7.945,2.54,0.325));
#4718=CARTESIAN_POINT('',(7.295,2.54,0.325));
#4719=CARTESIAN_POINT('Origin',(6.35,0.,-1.016));
#4720=CARTESIAN_POINT('',(6.096,0.254,-1.27));
#4721=CARTESIAN_POINT('',(6.096,0.,-1.27));
#4722=CARTESIAN_POINT('',(6.096,0.254,-1.27));
#4723=CARTESIAN_POINT('',(6.35,0.,-1.016));
#4724=CARTESIAN_POINT('Origin',(6.096,0.,1.27));
#4725=CARTESIAN_POINT('',(6.096,0.254,1.27));
#4726=CARTESIAN_POINT('',(6.096,0.,1.27));
#4727=CARTESIAN_POINT('',(6.096,0.254,1.27));
#4728=CARTESIAN_POINT('Origin',(6.096,0.254,1.27));
#4729=CARTESIAN_POINT('',(4.064,0.254,1.27));
#4730=CARTESIAN_POINT('',(4.064,0.254,1.27));
#4731=CARTESIAN_POINT('',(4.064,0.254,-1.27));
#4732=CARTESIAN_POINT('',(4.064,0.254,1.27));
#4733=CARTESIAN_POINT('',(6.096,0.254,-1.27));
#4734=CARTESIAN_POINT('',(4.755,0.254,0.325));
#4735=CARTESIAN_POINT('',(4.755,0.254,-0.325));
#4736=CARTESIAN_POINT('',(4.755,0.254,0.325));
#4737=CARTESIAN_POINT('',(5.405,0.254,0.325));
#4738=CARTESIAN_POINT('',(4.755,0.254,0.325));
#4739=CARTESIAN_POINT('',(5.405,0.254,-0.325));
#4740=CARTESIAN_POINT('',(5.405,0.254,0.325));
#4741=CARTESIAN_POINT('',(4.755,0.254,-0.325));
#4742=CARTESIAN_POINT('Origin',(4.064,0.,1.27));
#4743=CARTESIAN_POINT('',(6.096,0.254,1.27));
#4744=CARTESIAN_POINT('',(4.064,0.254,1.27));
#4745=CARTESIAN_POINT('Origin',(3.81,0.,1.016));
#4746=CARTESIAN_POINT('',(4.064,0.,1.27));
#4747=CARTESIAN_POINT('',(3.81,0.,1.016));
#4748=CARTESIAN_POINT('Origin',(4.064,0.254,1.27));
#4749=CARTESIAN_POINT('',(4.064,0.,-1.27));
#4750=CARTESIAN_POINT('Origin',(4.064,0.,-1.27));
#4751=CARTESIAN_POINT('',(3.81,0.,-1.016));
#4752=CARTESIAN_POINT('',(4.064,0.254,-1.27));
#4753=CARTESIAN_POINT('Origin',(6.096,0.,-1.27));
#4754=CARTESIAN_POINT('Origin',(3.81,0.,-1.016));
#4755=CARTESIAN_POINT('',(3.556,0.254,-1.27));
#4756=CARTESIAN_POINT('',(3.556,0.,-1.27));
#4757=CARTESIAN_POINT('',(3.556,0.254,-1.27));
#4758=CARTESIAN_POINT('Origin',(3.556,0.,1.27));
#4759=CARTESIAN_POINT('',(3.556,0.254,1.27));
#4760=CARTESIAN_POINT('',(3.556,0.,1.27));
#4761=CARTESIAN_POINT('',(3.556,0.254,1.27));
#4762=CARTESIAN_POINT('Origin',(3.556,0.254,1.27));
#4763=CARTESIAN_POINT('',(1.524,0.254,1.27));
#4764=CARTESIAN_POINT('',(1.524,0.254,1.27));
#4765=CARTESIAN_POINT('',(1.524,0.254,-1.27));
#4766=CARTESIAN_POINT('',(1.524,0.254,1.27));
#4767=CARTESIAN_POINT('',(3.556,0.254,-1.27));
#4768=CARTESIAN_POINT('',(2.215,0.254,0.325));
#4769=CARTESIAN_POINT('',(2.215,0.254,-0.325));
#4770=CARTESIAN_POINT('',(2.215,0.254,0.325));
#4771=CARTESIAN_POINT('',(2.865,0.254,0.325));
#4772=CARTESIAN_POINT('',(2.215,0.254,0.325));
#4773=CARTESIAN_POINT('',(2.865,0.254,-0.325));
#4774=CARTESIAN_POINT('',(2.865,0.254,0.325));
#4775=CARTESIAN_POINT('',(2.215,0.254,-0.325));
#4776=CARTESIAN_POINT('Origin',(1.524,0.,1.27));
#4777=CARTESIAN_POINT('',(3.556,0.254,1.27));
#4778=CARTESIAN_POINT('',(1.524,0.254,1.27));
#4779=CARTESIAN_POINT('Origin',(1.27,0.,1.016));
#4780=CARTESIAN_POINT('',(1.524,0.,1.27));
#4781=CARTESIAN_POINT('',(1.27,0.,1.016));
#4782=CARTESIAN_POINT('Origin',(1.524,0.254,1.27));
#4783=CARTESIAN_POINT('',(1.524,0.,-1.27));
#4784=CARTESIAN_POINT('Origin',(1.524,0.,-1.27));
#4785=CARTESIAN_POINT('',(1.27,0.,-1.016));
#4786=CARTESIAN_POINT('',(1.524,0.254,-1.27));
#4787=CARTESIAN_POINT('Origin',(3.556,0.,-1.27));
#4788=CARTESIAN_POINT('Origin',(1.27,0.,-1.016));
#4789=CARTESIAN_POINT('',(1.016,0.,-1.27));
#4790=CARTESIAN_POINT('Origin',(1.016,0.,1.27));
#4791=CARTESIAN_POINT('',(1.016,0.,1.27));
#4792=CARTESIAN_POINT('Origin',(1.016,0.,1.27));
#4793=CARTESIAN_POINT('Origin',(3.556,0.,1.27));
#4794=CARTESIAN_POINT('Origin',(2.215,0.,0.));
#4795=CARTESIAN_POINT('',(2.215,8.49,0.325));
#4796=CARTESIAN_POINT('',(2.215,8.49,-0.325));
#4797=CARTESIAN_POINT('',(2.215,8.49,0.325));
#4798=CARTESIAN_POINT('',(2.215,2.54,-0.325));
#4799=CARTESIAN_POINT('',(2.215,8.49,0.325));
#4800=CARTESIAN_POINT('Origin',(2.215,0.,0.));
#4801=CARTESIAN_POINT('',(2.215,-2.648,-0.325));
#4802=CARTESIAN_POINT('',(2.215,-2.648,0.325));
#4803=CARTESIAN_POINT('',(2.215,-2.648,-0.325));
#4804=CARTESIAN_POINT('',(2.215,0.254,0.325));
#4805=CARTESIAN_POINT('',(2.215,-2.648,-0.325));
#4806=CARTESIAN_POINT('Origin',(2.315,8.69,0.));
#4807=CARTESIAN_POINT('',(2.415,8.89,0.125));
#4808=CARTESIAN_POINT('',(2.415,8.89,0.125));
#4809=CARTESIAN_POINT('',(2.415,8.89,-0.125));
#4810=CARTESIAN_POINT('',(2.415,8.89,0.125));
#4811=CARTESIAN_POINT('',(2.415,8.89,-0.125));
#4812=CARTESIAN_POINT('Origin',(2.54,8.69,-0.225));
#4813=CARTESIAN_POINT('',(2.865,8.49,-0.325));
#4814=CARTESIAN_POINT('',(2.865,8.49,-0.325));
#4815=CARTESIAN_POINT('',(2.665,8.89,-0.125));
#4816=CARTESIAN_POINT('',(2.665,8.89,-0.125));
#4817=CARTESIAN_POINT('',(2.665,8.89,-0.125));
#4818=CARTESIAN_POINT('Origin',(2.215,-3.048,-0.325));
#4819=CARTESIAN_POINT('',(2.865,2.54,-0.325));
#4820=CARTESIAN_POINT('Origin',(2.215,-3.048,-0.325));
#4821=CARTESIAN_POINT('',(2.865,-2.648,-0.325));
#4822=CARTESIAN_POINT('',(2.865,-2.648,-0.325));
#4823=CARTESIAN_POINT('',(2.865,-2.648,-0.325));
#4824=CARTESIAN_POINT('Origin',(2.865,0.,0.));
#4825=CARTESIAN_POINT('',(2.865,8.49,0.325));
#4826=CARTESIAN_POINT('',(2.865,8.49,-0.325));
#4827=CARTESIAN_POINT('',(2.865,8.49,0.325));
#4828=CARTESIAN_POINT('Origin',(2.865,0.,0.));
#4829=CARTESIAN_POINT('',(2.865,-2.648,0.325));
#4830=CARTESIAN_POINT('',(2.865,-2.648,0.325));
#4831=CARTESIAN_POINT('',(2.865,0.254,0.325));
#4832=CARTESIAN_POINT('Origin',(2.765,8.69,0.));
#4833=CARTESIAN_POINT('',(2.665,8.89,0.125));
#4834=CARTESIAN_POINT('',(2.665,8.89,-0.125));
#4835=CARTESIAN_POINT('',(2.665,8.89,0.125));
#4836=CARTESIAN_POINT('Origin',(2.215,8.89,-0.325));
#4837=CARTESIAN_POINT('',(2.665,8.89,0.125));
#4838=CARTESIAN_POINT('Origin',(2.54,8.69,0.225));
#4839=CARTESIAN_POINT('',(2.865,8.49,0.325));
#4840=CARTESIAN_POINT('Origin',(2.215,8.89,0.325));
#4841=CARTESIAN_POINT('Origin',(2.215,8.89,0.325));
#4842=CARTESIAN_POINT('',(2.865,-2.648,0.325));
#4843=CARTESIAN_POINT('Origin',(2.54,-2.848,0.225));
#4844=CARTESIAN_POINT('',(2.415,-3.048,0.125));
#4845=CARTESIAN_POINT('',(2.415,-3.048,0.125));
#4846=CARTESIAN_POINT('',(2.665,-3.048,0.125));
#4847=CARTESIAN_POINT('',(2.665,-3.048,0.125));
#4848=CARTESIAN_POINT('',(2.665,-3.048,0.125));
#4849=CARTESIAN_POINT('Origin',(2.765,-2.848,0.));
#4850=CARTESIAN_POINT('',(2.665,-3.048,-0.125));
#4851=CARTESIAN_POINT('',(2.665,-3.048,0.125));
#4852=CARTESIAN_POINT('',(2.865,-2.648,-0.325));
#4853=CARTESIAN_POINT('Origin',(2.215,-3.048,0.325));
#4854=CARTESIAN_POINT('',(2.415,-3.048,-0.125));
#4855=CARTESIAN_POINT('',(2.665,-3.048,-0.125));
#4856=CARTESIAN_POINT('',(2.415,-3.048,-0.125));
#4857=CARTESIAN_POINT('Origin',(2.54,-2.848,-0.225));
#4858=CARTESIAN_POINT('',(2.415,-3.048,-0.125));
#4859=CARTESIAN_POINT('Origin',(2.315,-2.848,0.));
#4860=CARTESIAN_POINT('Origin',(6.096,0.,1.27));
#4861=CARTESIAN_POINT('',(6.35,0.,1.016));
#4862=CARTESIAN_POINT('Origin',(6.35,0.,1.016));
#4863=CARTESIAN_POINT('',(6.604,0.254,1.27));
#4864=CARTESIAN_POINT('',(6.604,0.,1.27));
#4865=CARTESIAN_POINT('',(6.604,0.254,1.27));
#4866=CARTESIAN_POINT('Origin',(6.604,0.254,1.27));
#4867=CARTESIAN_POINT('',(6.604,0.254,-1.27));
#4868=CARTESIAN_POINT('',(6.604,0.,-1.27));
#4869=CARTESIAN_POINT('',(6.604,0.254,1.27));
#4870=CARTESIAN_POINT('Origin',(8.636,0.254,1.27));
#4871=CARTESIAN_POINT('',(8.636,0.254,1.27));
#4872=CARTESIAN_POINT('',(6.604,0.254,1.27));
#4873=CARTESIAN_POINT('',(8.636,0.254,-1.27));
#4874=CARTESIAN_POINT('',(8.636,0.254,-1.27));
#4875=CARTESIAN_POINT('',(8.636,0.254,1.27));
#4876=CARTESIAN_POINT('',(7.295,0.254,0.325));
#4877=CARTESIAN_POINT('',(7.295,0.254,-0.325));
#4878=CARTESIAN_POINT('',(7.295,0.254,0.325));
#4879=CARTESIAN_POINT('',(7.945,0.254,0.325));
#4880=CARTESIAN_POINT('',(7.295,0.254,0.325));
#4881=CARTESIAN_POINT('',(7.945,0.254,-0.325));
#4882=CARTESIAN_POINT('',(7.945,0.254,0.325));
#4883=CARTESIAN_POINT('',(7.295,0.254,-0.325));
#4884=CARTESIAN_POINT('Origin',(6.604,0.,1.27));
#4885=CARTESIAN_POINT('',(8.636,0.254,1.27));
#4886=CARTESIAN_POINT('Origin',(8.636,0.,1.27));
#4887=CARTESIAN_POINT('',(8.636,0.,1.27));
#4888=CARTESIAN_POINT('',(8.89,0.,1.016));
#4889=CARTESIAN_POINT('Origin',(8.636,0.,1.27));
#4890=CARTESIAN_POINT('',(8.636,0.,-1.27));
#4891=CARTESIAN_POINT('Origin',(8.89,0.,-1.016));
#4892=CARTESIAN_POINT('',(8.636,0.254,-1.27));
#4893=CARTESIAN_POINT('',(8.89,0.,-1.016));
#4894=CARTESIAN_POINT('Origin',(8.89,0.,1.016));
#4895=CARTESIAN_POINT('Origin',(8.636,0.,-1.27));
#4896=CARTESIAN_POINT('',(6.604,0.254,-1.27));
#4897=CARTESIAN_POINT('Origin',(6.604,0.,-1.27));
#4898=CARTESIAN_POINT('Origin',(7.295,0.,0.));
#4899=CARTESIAN_POINT('',(7.295,8.49,0.325));
#4900=CARTESIAN_POINT('',(7.295,8.49,-0.325));
#4901=CARTESIAN_POINT('',(7.295,8.49,0.325));
#4902=CARTESIAN_POINT('',(7.295,2.54,-0.325));
#4903=CARTESIAN_POINT('',(7.295,8.49,0.325));
#4904=CARTESIAN_POINT('Origin',(7.295,0.,0.));
#4905=CARTESIAN_POINT('',(7.295,-2.648,-0.325));
#4906=CARTESIAN_POINT('',(7.295,-2.648,0.325));
#4907=CARTESIAN_POINT('',(7.295,-2.648,-0.325));
#4908=CARTESIAN_POINT('',(7.295,0.254,0.325));
#4909=CARTESIAN_POINT('',(7.295,-2.648,-0.325));
#4910=CARTESIAN_POINT('Origin',(7.395,8.69,0.));
#4911=CARTESIAN_POINT('',(7.495,8.89,0.125));
#4912=CARTESIAN_POINT('',(7.495,8.89,0.125));
#4913=CARTESIAN_POINT('',(7.495,8.89,-0.125));
#4914=CARTESIAN_POINT('',(7.495,8.89,0.125));
#4915=CARTESIAN_POINT('',(7.495,8.89,-0.125));
#4916=CARTESIAN_POINT('Origin',(7.62,8.69,-0.225));
#4917=CARTESIAN_POINT('',(7.945,8.49,-0.325));
#4918=CARTESIAN_POINT('',(7.945,8.49,-0.325));
#4919=CARTESIAN_POINT('',(7.745,8.89,-0.125));
#4920=CARTESIAN_POINT('',(7.745,8.89,-0.125));
#4921=CARTESIAN_POINT('',(7.745,8.89,-0.125));
#4922=CARTESIAN_POINT('Origin',(7.295,-3.048,-0.325));
#4923=CARTESIAN_POINT('',(7.945,2.54,-0.325));
#4924=CARTESIAN_POINT('Origin',(7.295,-3.048,-0.325));
#4925=CARTESIAN_POINT('',(7.945,-2.648,-0.325));
#4926=CARTESIAN_POINT('',(7.945,-2.648,-0.325));
#4927=CARTESIAN_POINT('',(7.945,-2.648,-0.325));
#4928=CARTESIAN_POINT('Origin',(7.945,0.,0.));
#4929=CARTESIAN_POINT('',(7.945,8.49,0.325));
#4930=CARTESIAN_POINT('',(7.945,8.49,-0.325));
#4931=CARTESIAN_POINT('',(7.945,8.49,0.325));
#4932=CARTESIAN_POINT('Origin',(7.945,0.,0.));
#4933=CARTESIAN_POINT('',(7.945,-2.648,0.325));
#4934=CARTESIAN_POINT('',(7.945,-2.648,0.325));
#4935=CARTESIAN_POINT('',(7.945,0.254,0.325));
#4936=CARTESIAN_POINT('Origin',(7.845,8.69,0.));
#4937=CARTESIAN_POINT('',(7.745,8.89,0.125));
#4938=CARTESIAN_POINT('',(7.745,8.89,-0.125));
#4939=CARTESIAN_POINT('',(7.745,8.89,0.125));
#4940=CARTESIAN_POINT('Origin',(7.295,8.89,-0.325));
#4941=CARTESIAN_POINT('',(7.745,8.89,0.125));
#4942=CARTESIAN_POINT('Origin',(7.62,8.69,0.225));
#4943=CARTESIAN_POINT('',(7.945,8.49,0.325));
#4944=CARTESIAN_POINT('Origin',(7.295,8.89,0.325));
#4945=CARTESIAN_POINT('Origin',(7.295,8.89,0.325));
#4946=CARTESIAN_POINT('',(7.945,-2.648,0.325));
#4947=CARTESIAN_POINT('Origin',(7.62,-2.848,0.225));
#4948=CARTESIAN_POINT('',(7.495,-3.048,0.125));
#4949=CARTESIAN_POINT('',(7.495,-3.048,0.125));
#4950=CARTESIAN_POINT('',(7.745,-3.048,0.125));
#4951=CARTESIAN_POINT('',(7.745,-3.048,0.125));
#4952=CARTESIAN_POINT('',(7.745,-3.048,0.125));
#4953=CARTESIAN_POINT('Origin',(7.845,-2.848,0.));
#4954=CARTESIAN_POINT('',(7.745,-3.048,-0.125));
#4955=CARTESIAN_POINT('',(7.745,-3.048,0.125));
#4956=CARTESIAN_POINT('',(7.945,-2.648,-0.325));
#4957=CARTESIAN_POINT('Origin',(7.295,-3.048,0.325));
#4958=CARTESIAN_POINT('',(7.495,-3.048,-0.125));
#4959=CARTESIAN_POINT('',(7.745,-3.048,-0.125));
#4960=CARTESIAN_POINT('',(7.495,-3.048,-0.125));
#4961=CARTESIAN_POINT('Origin',(7.62,-2.848,-0.225));
#4962=CARTESIAN_POINT('',(7.495,-3.048,-0.125));
#4963=CARTESIAN_POINT('Origin',(7.395,-2.848,0.));
#4964=CARTESIAN_POINT('Origin',(4.755,0.,0.));
#4965=CARTESIAN_POINT('',(4.755,8.49,0.325));
#4966=CARTESIAN_POINT('',(4.755,8.49,-0.325));
#4967=CARTESIAN_POINT('',(4.755,8.49,0.325));
#4968=CARTESIAN_POINT('',(4.755,2.54,-0.325));
#4969=CARTESIAN_POINT('',(4.755,8.49,0.325));
#4970=CARTESIAN_POINT('Origin',(4.755,0.,0.));
#4971=CARTESIAN_POINT('',(4.755,-2.648,-0.325));
#4972=CARTESIAN_POINT('',(4.755,-2.648,0.325));
#4973=CARTESIAN_POINT('',(4.755,-2.648,-0.325));
#4974=CARTESIAN_POINT('',(4.755,0.254,0.325));
#4975=CARTESIAN_POINT('',(4.755,-2.648,-0.325));
#4976=CARTESIAN_POINT('Origin',(4.855,8.69,0.));
#4977=CARTESIAN_POINT('',(4.955,8.89,0.125));
#4978=CARTESIAN_POINT('',(4.955,8.89,0.125));
#4979=CARTESIAN_POINT('',(4.955,8.89,-0.125));
#4980=CARTESIAN_POINT('',(4.955,8.89,0.125));
#4981=CARTESIAN_POINT('',(4.955,8.89,-0.125));
#4982=CARTESIAN_POINT('Origin',(5.08,8.69,-0.225));
#4983=CARTESIAN_POINT('',(5.405,8.49,-0.325));
#4984=CARTESIAN_POINT('',(5.405,8.49,-0.325));
#4985=CARTESIAN_POINT('',(5.205,8.89,-0.125));
#4986=CARTESIAN_POINT('',(5.205,8.89,-0.125));
#4987=CARTESIAN_POINT('',(5.205,8.89,-0.125));
#4988=CARTESIAN_POINT('Origin',(4.755,-3.048,-0.325));
#4989=CARTESIAN_POINT('',(5.405,2.54,-0.325));
#4990=CARTESIAN_POINT('Origin',(4.755,-3.048,-0.325));
#4991=CARTESIAN_POINT('',(5.405,-2.648,-0.325));
#4992=CARTESIAN_POINT('',(5.405,-2.648,-0.325));
#4993=CARTESIAN_POINT('',(5.405,-2.648,-0.325));
#4994=CARTESIAN_POINT('Origin',(5.405,0.,0.));
#4995=CARTESIAN_POINT('',(5.405,8.49,0.325));
#4996=CARTESIAN_POINT('',(5.405,8.49,-0.325));
#4997=CARTESIAN_POINT('',(5.405,8.49,0.325));
#4998=CARTESIAN_POINT('Origin',(5.405,0.,0.));
#4999=CARTESIAN_POINT('',(5.405,-2.648,0.325));
#5000=CARTESIAN_POINT('',(5.405,-2.648,0.325));
#5001=CARTESIAN_POINT('',(5.405,0.254,0.325));
#5002=CARTESIAN_POINT('Origin',(5.305,8.69,0.));
#5003=CARTESIAN_POINT('',(5.205,8.89,0.125));
#5004=CARTESIAN_POINT('',(5.205,8.89,-0.125));
#5005=CARTESIAN_POINT('',(5.205,8.89,0.125));
#5006=CARTESIAN_POINT('Origin',(4.755,8.89,-0.325));
#5007=CARTESIAN_POINT('',(5.205,8.89,0.125));
#5008=CARTESIAN_POINT('Origin',(5.08,8.69,0.225));
#5009=CARTESIAN_POINT('',(5.405,8.49,0.325));
#5010=CARTESIAN_POINT('Origin',(4.755,8.89,0.325));
#5011=CARTESIAN_POINT('Origin',(4.755,8.89,0.325));
#5012=CARTESIAN_POINT('',(5.405,-2.648,0.325));
#5013=CARTESIAN_POINT('Origin',(5.08,-2.848,0.225));
#5014=CARTESIAN_POINT('',(4.955,-3.048,0.125));
#5015=CARTESIAN_POINT('',(4.955,-3.048,0.125));
#5016=CARTESIAN_POINT('',(5.205,-3.048,0.125));
#5017=CARTESIAN_POINT('',(5.205,-3.048,0.125));
#5018=CARTESIAN_POINT('',(5.205,-3.048,0.125));
#5019=CARTESIAN_POINT('Origin',(5.305,-2.848,0.));
#5020=CARTESIAN_POINT('',(5.205,-3.048,-0.125));
#5021=CARTESIAN_POINT('',(5.205,-3.048,0.125));
#5022=CARTESIAN_POINT('',(5.405,-2.648,-0.325));
#5023=CARTESIAN_POINT('Origin',(4.755,-3.048,0.325));
#5024=CARTESIAN_POINT('',(4.955,-3.048,-0.125));
#5025=CARTESIAN_POINT('',(5.205,-3.048,-0.125));
#5026=CARTESIAN_POINT('',(4.955,-3.048,-0.125));
#5027=CARTESIAN_POINT('Origin',(5.08,-2.848,-0.225));
#5028=CARTESIAN_POINT('',(4.955,-3.048,-0.125));
#5029=CARTESIAN_POINT('Origin',(4.855,-2.848,0.));
#5030=CARTESIAN_POINT('Origin',(-0.325,0.,0.));
#5031=CARTESIAN_POINT('',(-0.325,8.49,0.325));
#5032=CARTESIAN_POINT('',(-0.325,8.49,-0.325));
#5033=CARTESIAN_POINT('',(-0.325,8.49,0.325));
#5034=CARTESIAN_POINT('',(-0.325,2.54,-0.325));
#5035=CARTESIAN_POINT('',(-0.325,8.49,0.325));
#5036=CARTESIAN_POINT('Origin',(-0.325,0.,0.));
#5037=CARTESIAN_POINT('',(-0.325,-2.648,-0.325));
#5038=CARTESIAN_POINT('',(-0.325,-2.648,0.325));
#5039=CARTESIAN_POINT('',(-0.325,-2.648,-0.325));
#5040=CARTESIAN_POINT('',(-0.325,0.254,0.325));
#5041=CARTESIAN_POINT('',(-0.325,-2.648,-0.325));
#5042=CARTESIAN_POINT('Origin',(-0.225,8.69,0.));
#5043=CARTESIAN_POINT('',(-0.125,8.89,0.125));
#5044=CARTESIAN_POINT('',(-0.125,8.89,0.125));
#5045=CARTESIAN_POINT('',(-0.125,8.89,-0.125));
#5046=CARTESIAN_POINT('',(-0.125,8.89,0.125));
#5047=CARTESIAN_POINT('',(-0.125,8.89,-0.125));
#5048=CARTESIAN_POINT('Origin',(0.,8.69,-0.225));
#5049=CARTESIAN_POINT('',(0.325,8.49,-0.325));
#5050=CARTESIAN_POINT('',(0.325,8.49,-0.325));
#5051=CARTESIAN_POINT('',(0.125,8.89,-0.125));
#5052=CARTESIAN_POINT('',(0.125,8.89,-0.125));
#5053=CARTESIAN_POINT('',(0.125,8.89,-0.125));
#5054=CARTESIAN_POINT('Origin',(-0.325,-3.048,-0.325));
#5055=CARTESIAN_POINT('',(0.325,2.54,-0.325));
#5056=CARTESIAN_POINT('Origin',(-0.325,-3.048,-0.325));
#5057=CARTESIAN_POINT('',(0.325,-2.648,-0.325));
#5058=CARTESIAN_POINT('',(0.325,-2.648,-0.325));
#5059=CARTESIAN_POINT('',(0.325,-2.648,-0.325));
#5060=CARTESIAN_POINT('Origin',(0.325,0.,0.));
#5061=CARTESIAN_POINT('',(0.325,8.49,0.325));
#5062=CARTESIAN_POINT('',(0.325,8.49,-0.325));
#5063=CARTESIAN_POINT('',(0.325,8.49,0.325));
#5064=CARTESIAN_POINT('Origin',(0.325,0.,0.));
#5065=CARTESIAN_POINT('',(0.325,-2.648,0.325));
#5066=CARTESIAN_POINT('',(0.325,-2.648,0.325));
#5067=CARTESIAN_POINT('',(0.325,0.254,0.325));
#5068=CARTESIAN_POINT('Origin',(0.225,8.69,0.));
#5069=CARTESIAN_POINT('',(0.125,8.89,0.125));
#5070=CARTESIAN_POINT('',(0.125,8.89,-0.125));
#5071=CARTESIAN_POINT('',(0.125,8.89,0.125));
#5072=CARTESIAN_POINT('Origin',(-0.325,8.89,-0.325));
#5073=CARTESIAN_POINT('',(0.125,8.89,0.125));
#5074=CARTESIAN_POINT('Origin',(0.,8.69,0.225));
#5075=CARTESIAN_POINT('',(0.325,8.49,0.325));
#5076=CARTESIAN_POINT('Origin',(-0.325,8.89,0.325));
#5077=CARTESIAN_POINT('Origin',(-0.325,8.89,0.325));
#5078=CARTESIAN_POINT('',(0.325,-2.648,0.325));
#5079=CARTESIAN_POINT('Origin',(0.,-2.848,0.225));
#5080=CARTESIAN_POINT('',(-0.125,-3.048,0.125));
#5081=CARTESIAN_POINT('',(-0.125,-3.048,0.125));
#5082=CARTESIAN_POINT('',(0.125,-3.048,0.125));
#5083=CARTESIAN_POINT('',(0.125,-3.048,0.125));
#5084=CARTESIAN_POINT('',(0.125,-3.048,0.125));
#5085=CARTESIAN_POINT('Origin',(0.225,-2.848,0.));
#5086=CARTESIAN_POINT('',(0.125,-3.048,-0.125));
#5087=CARTESIAN_POINT('',(0.125,-3.048,0.125));
#5088=CARTESIAN_POINT('',(0.325,-2.648,-0.325));
#5089=CARTESIAN_POINT('Origin',(-0.325,-3.048,0.325));
#5090=CARTESIAN_POINT('',(-0.125,-3.048,-0.125));
#5091=CARTESIAN_POINT('',(0.125,-3.048,-0.125));
#5092=CARTESIAN_POINT('',(-0.125,-3.048,-0.125));
#5093=CARTESIAN_POINT('Origin',(0.,-2.848,-0.225));
#5094=CARTESIAN_POINT('',(-0.125,-3.048,-0.125));
#5095=CARTESIAN_POINT('Origin',(-0.225,-2.848,0.));
#5096=CARTESIAN_POINT('',(0.,0.,0.));
#5097=CARTESIAN_POINT('Origin',(-0.32,1.,0.32));
#5098=CARTESIAN_POINT('',(-0.32,0.,-0.32));
#5099=CARTESIAN_POINT('',(-0.32,0.,0.32));
#5100=CARTESIAN_POINT('',(-0.32,0.,0.16));
#5101=CARTESIAN_POINT('',(-0.32,1.,-0.32));
#5102=CARTESIAN_POINT('',(-0.32,1.,-0.32));
#5103=CARTESIAN_POINT('',(-0.32,1.,0.32));
#5104=CARTESIAN_POINT('',(-0.32,1.,-0.32));
#5105=CARTESIAN_POINT('',(-0.32,1.,0.32));
#5106=CARTESIAN_POINT('Origin',(0.32,1.,0.32));
#5107=CARTESIAN_POINT('',(0.32,0.,0.32));
#5108=CARTESIAN_POINT('',(0.16,0.,0.32));
#5109=CARTESIAN_POINT('',(0.32,1.,0.32));
#5110=CARTESIAN_POINT('',(-0.32,1.,0.32));
#5111=CARTESIAN_POINT('',(0.32,1.,0.32));
#5112=CARTESIAN_POINT('Origin',(0.32,1.,-0.32));
#5113=CARTESIAN_POINT('',(0.32,0.,-0.32));
#5114=CARTESIAN_POINT('',(0.32,0.,-0.16));
#5115=CARTESIAN_POINT('',(0.32,1.,-0.32));
#5116=CARTESIAN_POINT('',(0.32,1.,0.32));
#5117=CARTESIAN_POINT('',(0.32,1.,-0.32));
#5118=CARTESIAN_POINT('Origin',(-0.32,1.,-0.32));
#5119=CARTESIAN_POINT('',(-0.16,0.,-0.32));
#5120=CARTESIAN_POINT('',(0.32,1.,-0.32));
#5121=CARTESIAN_POINT('Origin',(6.93889390390723E-17,0.,1.10391493925797E-17));
#5122=CARTESIAN_POINT('',(-0.530330085889911,0.,0.53033008588991));
#5123=CARTESIAN_POINT('',(0.530330085889911,0.,0.530330085889911));
#5124=CARTESIAN_POINT('Origin',(0.,0.,0.));
#5125=CARTESIAN_POINT('',(-0.530330085889911,0.,-0.530330085889911));
#5126=CARTESIAN_POINT('Origin',(0.,0.,0.));
#5127=CARTESIAN_POINT('',(0.530330085889911,0.,-0.530330085889911));
#5128=CARTESIAN_POINT('Origin',(0.,0.,0.));
#5129=CARTESIAN_POINT('Origin',(0.,0.,0.));
#5130=CARTESIAN_POINT('Ctrl Pts',(-0.32,1.,0.32));
#5131=CARTESIAN_POINT('Ctrl Pts',(-0.39011002862997,0.666666666666667,0.39011002862997));
#5132=CARTESIAN_POINT('Ctrl Pts',(-0.46022005725994,0.333333333333333,0.460220057259941));
#5133=CARTESIAN_POINT('Ctrl Pts',(-0.530330085889911,0.,0.530330085889911));
#5134=CARTESIAN_POINT('Ctrl Pts',(-0.198095238095238,1.,0.32));
#5135=CARTESIAN_POINT('Ctrl Pts',(-0.256284507124248,0.666666666666667,
0.44379560997319));
#5136=CARTESIAN_POINT('Ctrl Pts',(-0.313466426212388,0.333333333333333,
0.565208866565234));
#5137=CARTESIAN_POINT('Ctrl Pts',(-0.371655695241398,0.,0.689004476538424));
#5138=CARTESIAN_POINT('Ctrl Pts',(0.0152380952380952,1.,0.32));
#5139=CARTESIAN_POINT('Ctrl Pts',(0.0223061735882409,0.666666666666666,
0.489918363652122));
#5140=CARTESIAN_POINT('Ctrl Pts',(0.0292325029618852,0.333333333333334,
0.661316106648958));
#5141=CARTESIAN_POINT('Ctrl Pts',(0.0363005813120309,0.,0.83123447030108));
#5142=CARTESIAN_POINT('Ctrl Pts',(0.228571428571429,1.,0.32));
#5143=CARTESIAN_POINT('Ctrl Pts',(0.289713869170686,0.666666666666667,0.429841155721889));
#5144=CARTESIAN_POINT('Ctrl Pts',(0.350181852304268,0.333333333333333,0.539494723154406));
#5145=CARTESIAN_POINT('Ctrl Pts',(0.411324292903526,0.,0.649335878876296));
#5146=CARTESIAN_POINT('Ctrl Pts',(0.32,1.,0.32));
#5147=CARTESIAN_POINT('Ctrl Pts',(0.39011002862997,0.666666666666667,0.39011002862997));
#5148=CARTESIAN_POINT('Ctrl Pts',(0.460220057259941,0.333333333333333,0.460220057259941));
#5149=CARTESIAN_POINT('Ctrl Pts',(0.530330085889911,0.,0.530330085889911));
#5150=CARTESIAN_POINT('',(-0.32,1.,0.32));
#5151=CARTESIAN_POINT('',(0.32,1.,0.32));
#5152=CARTESIAN_POINT('Ctrl Pts',(0.32,1.,0.32));
#5153=CARTESIAN_POINT('Ctrl Pts',(0.39011002862997,0.666666666666667,0.39011002862997));
#5154=CARTESIAN_POINT('Ctrl Pts',(0.460220057259941,0.333333333333333,0.460220057259941));
#5155=CARTESIAN_POINT('Ctrl Pts',(0.530330085889911,0.,0.530330085889911));
#5156=CARTESIAN_POINT('Ctrl Pts',(0.32,1.,0.198095238095238));
#5157=CARTESIAN_POINT('Ctrl Pts',(0.44379560997319,0.666666666666667,0.256284507124248));
#5158=CARTESIAN_POINT('Ctrl Pts',(0.565208866565234,0.333333333333333,0.313466426212388));
#5159=CARTESIAN_POINT('Ctrl Pts',(0.689004476538424,0.,0.371655695241398));
#5160=CARTESIAN_POINT('Ctrl Pts',(0.32,1.,-0.0152380952380952));
#5161=CARTESIAN_POINT('Ctrl Pts',(0.489918363652122,0.666666666666666,-0.0223061735882409));
#5162=CARTESIAN_POINT('Ctrl Pts',(0.661316106648958,0.333333333333334,-0.0292325029618852));
#5163=CARTESIAN_POINT('Ctrl Pts',(0.83123447030108,0.,-0.0363005813120308));
#5164=CARTESIAN_POINT('Ctrl Pts',(0.32,1.,-0.228571428571429));
#5165=CARTESIAN_POINT('Ctrl Pts',(0.429841155721889,0.666666666666667,-0.289713869170686));
#5166=CARTESIAN_POINT('Ctrl Pts',(0.539494723154406,0.333333333333333,-0.350181852304268));
#5167=CARTESIAN_POINT('Ctrl Pts',(0.649335878876296,0.,-0.411324292903526));
#5168=CARTESIAN_POINT('Ctrl Pts',(0.32,1.,-0.32));
#5169=CARTESIAN_POINT('Ctrl Pts',(0.39011002862997,0.666666666666667,-0.39011002862997));
#5170=CARTESIAN_POINT('Ctrl Pts',(0.460220057259941,0.333333333333333,-0.460220057259941));
#5171=CARTESIAN_POINT('Ctrl Pts',(0.530330085889911,0.,-0.530330085889911));
#5172=CARTESIAN_POINT('',(0.32,1.,-0.32));
#5173=CARTESIAN_POINT('Ctrl Pts',(0.32,1.,-0.32));
#5174=CARTESIAN_POINT('Ctrl Pts',(0.39011002862997,0.666666666666667,-0.39011002862997));
#5175=CARTESIAN_POINT('Ctrl Pts',(0.460220057259941,0.333333333333333,-0.460220057259941));
#5176=CARTESIAN_POINT('Ctrl Pts',(0.530330085889911,0.,-0.530330085889911));
#5177=CARTESIAN_POINT('Ctrl Pts',(0.198095238095238,1.,-0.32));
#5178=CARTESIAN_POINT('Ctrl Pts',(0.256284507124248,0.666666666666667,-0.44379560997319));
#5179=CARTESIAN_POINT('Ctrl Pts',(0.313466426212388,0.333333333333333,-0.565208866565234));
#5180=CARTESIAN_POINT('Ctrl Pts',(0.371655695241398,0.,-0.689004476538424));
#5181=CARTESIAN_POINT('Ctrl Pts',(-0.0152380952380952,1.,-0.32));
#5182=CARTESIAN_POINT('Ctrl Pts',(-0.0223061735882408,0.666666666666666,
-0.489918363652122));
#5183=CARTESIAN_POINT('Ctrl Pts',(-0.0292325029618852,0.333333333333334,
-0.661316106648958));
#5184=CARTESIAN_POINT('Ctrl Pts',(-0.0363005813120308,0.,-0.83123447030108));
#5185=CARTESIAN_POINT('Ctrl Pts',(-0.228571428571429,1.,-0.32));
#5186=CARTESIAN_POINT('Ctrl Pts',(-0.289713869170686,0.666666666666667,
-0.429841155721889));
#5187=CARTESIAN_POINT('Ctrl Pts',(-0.350181852304268,0.333333333333333,
-0.539494723154406));
#5188=CARTESIAN_POINT('Ctrl Pts',(-0.411324292903526,0.,-0.649335878876296));
#5189=CARTESIAN_POINT('Ctrl Pts',(-0.32,1.,-0.32));
#5190=CARTESIAN_POINT('Ctrl Pts',(-0.39011002862997,0.666666666666667,-0.39011002862997));
#5191=CARTESIAN_POINT('Ctrl Pts',(-0.46022005725994,0.333333333333333,-0.460220057259941));
#5192=CARTESIAN_POINT('Ctrl Pts',(-0.530330085889911,0.,-0.530330085889911));
#5193=CARTESIAN_POINT('',(-0.32,1.,-0.32));
#5194=CARTESIAN_POINT('Ctrl Pts',(-0.32,1.,-0.32));
#5195=CARTESIAN_POINT('Ctrl Pts',(-0.39011002862997,0.666666666666667,-0.39011002862997));
#5196=CARTESIAN_POINT('Ctrl Pts',(-0.460220057259941,0.333333333333333,
-0.46022005725994));
#5197=CARTESIAN_POINT('Ctrl Pts',(-0.530330085889911,0.,-0.530330085889911));
#5198=CARTESIAN_POINT('Ctrl Pts',(-0.32,1.,-0.198095238095238));
#5199=CARTESIAN_POINT('Ctrl Pts',(-0.44379560997319,0.666666666666667,-0.256284507124248));
#5200=CARTESIAN_POINT('Ctrl Pts',(-0.565208866565234,0.333333333333333,
-0.313466426212388));
#5201=CARTESIAN_POINT('Ctrl Pts',(-0.689004476538424,0.,-0.371655695241398));
#5202=CARTESIAN_POINT('Ctrl Pts',(-0.32,1.,0.0152380952380952));
#5203=CARTESIAN_POINT('Ctrl Pts',(-0.489918363652122,0.666666666666666,
0.0223061735882409));
#5204=CARTESIAN_POINT('Ctrl Pts',(-0.661316106648958,0.333333333333334,
0.029232502961885));
#5205=CARTESIAN_POINT('Ctrl Pts',(-0.83123447030108,0.,0.0363005813120307));
#5206=CARTESIAN_POINT('Ctrl Pts',(-0.32,1.,0.228571428571429));
#5207=CARTESIAN_POINT('Ctrl Pts',(-0.429841155721889,0.666666666666667,
0.289713869170686));
#5208=CARTESIAN_POINT('Ctrl Pts',(-0.539494723154406,0.333333333333333,
0.350181852304268));
#5209=CARTESIAN_POINT('Ctrl Pts',(-0.649335878876296,0.,0.411324292903526));
#5210=CARTESIAN_POINT('Ctrl Pts',(-0.32,1.,0.32));
#5211=CARTESIAN_POINT('Ctrl Pts',(-0.39011002862997,0.666666666666667,0.39011002862997));
#5212=CARTESIAN_POINT('Ctrl Pts',(-0.460220057259941,0.333333333333333,
0.46022005725994));
#5213=CARTESIAN_POINT('Ctrl Pts',(-0.530330085889911,0.,0.53033008588991));
#5214=CARTESIAN_POINT('Origin',(2.22,1.,0.32));
#5215=CARTESIAN_POINT('',(2.22,0.,-0.32));
#5216=CARTESIAN_POINT('',(2.22,0.,0.32));
#5217=CARTESIAN_POINT('',(2.22,0.,0.16));
#5218=CARTESIAN_POINT('',(2.22,1.,-0.32));
#5219=CARTESIAN_POINT('',(2.22,1.,-0.32));
#5220=CARTESIAN_POINT('',(2.22,1.,0.32));
#5221=CARTESIAN_POINT('',(2.22,1.,-0.32));
#5222=CARTESIAN_POINT('',(2.22,1.,0.32));
#5223=CARTESIAN_POINT('Origin',(2.86,1.,0.32));
#5224=CARTESIAN_POINT('',(2.86,0.,0.32));
#5225=CARTESIAN_POINT('',(2.7,0.,0.32));
#5226=CARTESIAN_POINT('',(2.86,1.,0.32));
#5227=CARTESIAN_POINT('',(2.22,1.,0.32));
#5228=CARTESIAN_POINT('',(2.86,1.,0.32));
#5229=CARTESIAN_POINT('Origin',(2.86,1.,-0.32));
#5230=CARTESIAN_POINT('',(2.86,0.,-0.32));
#5231=CARTESIAN_POINT('',(2.86,0.,-0.16));
#5232=CARTESIAN_POINT('',(2.86,1.,-0.32));
#5233=CARTESIAN_POINT('',(2.86,1.,0.32));
#5234=CARTESIAN_POINT('',(2.86,1.,-0.32));
#5235=CARTESIAN_POINT('Origin',(2.22,1.,-0.32));
#5236=CARTESIAN_POINT('',(2.38,0.,-0.32));
#5237=CARTESIAN_POINT('',(2.86,1.,-0.32));
#5238=CARTESIAN_POINT('Origin',(2.54,0.,1.10391493925797E-17));
#5239=CARTESIAN_POINT('',(2.00966991411009,0.,0.53033008588991));
#5240=CARTESIAN_POINT('',(3.07033008588991,0.,0.530330085889911));
#5241=CARTESIAN_POINT('Origin',(2.54,0.,0.));
#5242=CARTESIAN_POINT('',(2.00966991411009,0.,-0.530330085889911));
#5243=CARTESIAN_POINT('Origin',(2.54,0.,0.));
#5244=CARTESIAN_POINT('',(3.07033008588991,0.,-0.530330085889911));
#5245=CARTESIAN_POINT('Origin',(2.54,0.,0.));
#5246=CARTESIAN_POINT('Origin',(2.54,0.,0.));
#5247=CARTESIAN_POINT('Ctrl Pts',(2.22,1.,0.32));
#5248=CARTESIAN_POINT('Ctrl Pts',(2.14988997137003,0.666666666666667,0.39011002862997));
#5249=CARTESIAN_POINT('Ctrl Pts',(2.07977994274006,0.333333333333333,0.460220057259941));
#5250=CARTESIAN_POINT('Ctrl Pts',(2.00966991411009,0.,0.530330085889911));
#5251=CARTESIAN_POINT('Ctrl Pts',(2.34190476190476,1.,0.32));
#5252=CARTESIAN_POINT('Ctrl Pts',(2.28371549287575,0.666666666666667,0.44379560997319));
#5253=CARTESIAN_POINT('Ctrl Pts',(2.22653357378761,0.333333333333333,0.565208866565234));
#5254=CARTESIAN_POINT('Ctrl Pts',(2.1683443047586,0.,0.689004476538424));
#5255=CARTESIAN_POINT('Ctrl Pts',(2.55523809523809,1.,0.32));
#5256=CARTESIAN_POINT('Ctrl Pts',(2.56230617358824,0.666666666666666,0.489918363652122));
#5257=CARTESIAN_POINT('Ctrl Pts',(2.5692179577526,0.333333333333334,0.6611560067104));
#5258=CARTESIAN_POINT('Ctrl Pts',(2.57628603610274,0.,0.831074370362521));
#5259=CARTESIAN_POINT('Ctrl Pts',(2.76857142857143,1.,0.32));
#5260=CARTESIAN_POINT('Ctrl Pts',(2.82971386917069,0.666666666666667,0.429841155721889));
#5261=CARTESIAN_POINT('Ctrl Pts',(2.89018185230427,0.333333333333333,0.539494723154406));
#5262=CARTESIAN_POINT('Ctrl Pts',(2.95132429290353,0.,0.649335878876296));
#5263=CARTESIAN_POINT('Ctrl Pts',(2.86,1.,0.32));
#5264=CARTESIAN_POINT('Ctrl Pts',(2.93011002862997,0.666666666666667,0.39011002862997));
#5265=CARTESIAN_POINT('Ctrl Pts',(3.00022005725994,0.333333333333333,0.460220057259941));
#5266=CARTESIAN_POINT('Ctrl Pts',(3.07033008588991,0.,0.530330085889911));
#5267=CARTESIAN_POINT('',(2.22,1.,0.32));
#5268=CARTESIAN_POINT('',(2.86,1.,0.32));
#5269=CARTESIAN_POINT('Ctrl Pts',(2.86,1.,0.32));
#5270=CARTESIAN_POINT('Ctrl Pts',(2.93011002862997,0.666666666666667,0.39011002862997));
#5271=CARTESIAN_POINT('Ctrl Pts',(3.00022005725994,0.333333333333333,0.460220057259941));
#5272=CARTESIAN_POINT('Ctrl Pts',(3.07033008588991,0.,0.530330085889911));
#5273=CARTESIAN_POINT('Ctrl Pts',(2.86,1.,0.198095238095238));
#5274=CARTESIAN_POINT('Ctrl Pts',(2.98379560997319,0.666666666666667,0.256284507124248));
#5275=CARTESIAN_POINT('Ctrl Pts',(3.10520886656523,0.333333333333333,0.313466426212388));
#5276=CARTESIAN_POINT('Ctrl Pts',(3.22900447653842,0.,0.371655695241398));
#5277=CARTESIAN_POINT('Ctrl Pts',(2.86,1.,-0.0152380952380952));
#5278=CARTESIAN_POINT('Ctrl Pts',(3.02991836365212,0.666666666666666,-0.0223061735882409));
#5279=CARTESIAN_POINT('Ctrl Pts',(3.2011560067104,0.333333333333334,-0.0292179577525964));
#5280=CARTESIAN_POINT('Ctrl Pts',(3.37107437036252,0.,-0.0362860361027421));
#5281=CARTESIAN_POINT('Ctrl Pts',(2.86,1.,-0.228571428571429));
#5282=CARTESIAN_POINT('Ctrl Pts',(2.96984115572189,0.666666666666667,-0.289713869170686));
#5283=CARTESIAN_POINT('Ctrl Pts',(3.07949472315441,0.333333333333333,-0.350181852304268));
#5284=CARTESIAN_POINT('Ctrl Pts',(3.1893358788763,0.,-0.411324292903526));
#5285=CARTESIAN_POINT('Ctrl Pts',(2.86,1.,-0.32));
#5286=CARTESIAN_POINT('Ctrl Pts',(2.93011002862997,0.666666666666667,-0.39011002862997));
#5287=CARTESIAN_POINT('Ctrl Pts',(3.00022005725994,0.333333333333333,-0.460220057259941));
#5288=CARTESIAN_POINT('Ctrl Pts',(3.07033008588991,0.,-0.530330085889911));
#5289=CARTESIAN_POINT('',(2.86,1.,-0.32));
#5290=CARTESIAN_POINT('Ctrl Pts',(2.86,1.,-0.32));
#5291=CARTESIAN_POINT('Ctrl Pts',(2.93011002862997,0.666666666666667,-0.39011002862997));
#5292=CARTESIAN_POINT('Ctrl Pts',(3.00022005725994,0.333333333333333,-0.460220057259941));
#5293=CARTESIAN_POINT('Ctrl Pts',(3.07033008588991,0.,-0.530330085889911));
#5294=CARTESIAN_POINT('Ctrl Pts',(2.73809523809524,1.,-0.32));
#5295=CARTESIAN_POINT('Ctrl Pts',(2.79628450712425,0.666666666666667,-0.44379560997319));
#5296=CARTESIAN_POINT('Ctrl Pts',(2.85346642621239,0.333333333333333,-0.565208866565234));
#5297=CARTESIAN_POINT('Ctrl Pts',(2.9116556952414,0.,-0.689004476538424));
#5298=CARTESIAN_POINT('Ctrl Pts',(2.5247619047619,1.,-0.32));
#5299=CARTESIAN_POINT('Ctrl Pts',(2.51769382641176,0.666666666666666,-0.489918363652122));
#5300=CARTESIAN_POINT('Ctrl Pts',(2.5107820422474,0.333333333333334,-0.661156006710399));
#5301=CARTESIAN_POINT('Ctrl Pts',(2.50371396389726,0.,-0.831074370362521));
#5302=CARTESIAN_POINT('Ctrl Pts',(2.31142857142857,1.,-0.32));
#5303=CARTESIAN_POINT('Ctrl Pts',(2.25028613082931,0.666666666666667,-0.429841155721889));
#5304=CARTESIAN_POINT('Ctrl Pts',(2.18981814769573,0.333333333333333,-0.539494723154406));
#5305=CARTESIAN_POINT('Ctrl Pts',(2.12867570709647,0.,-0.649335878876296));
#5306=CARTESIAN_POINT('Ctrl Pts',(2.22,1.,-0.32));
#5307=CARTESIAN_POINT('Ctrl Pts',(2.14988997137003,0.666666666666667,-0.39011002862997));
#5308=CARTESIAN_POINT('Ctrl Pts',(2.07977994274006,0.333333333333333,-0.460220057259941));
#5309=CARTESIAN_POINT('Ctrl Pts',(2.00966991411009,0.,-0.530330085889911));
#5310=CARTESIAN_POINT('',(2.22,1.,-0.32));
#5311=CARTESIAN_POINT('Ctrl Pts',(2.22,1.,-0.32));
#5312=CARTESIAN_POINT('Ctrl Pts',(2.14988997137003,0.666666666666667,-0.39011002862997));
#5313=CARTESIAN_POINT('Ctrl Pts',(2.07977994274006,0.333333333333333,-0.46022005725994));
#5314=CARTESIAN_POINT('Ctrl Pts',(2.00966991411009,0.,-0.530330085889911));
#5315=CARTESIAN_POINT('Ctrl Pts',(2.22,1.,-0.198095238095238));
#5316=CARTESIAN_POINT('Ctrl Pts',(2.09620439002681,0.666666666666667,-0.256284507124248));
#5317=CARTESIAN_POINT('Ctrl Pts',(1.97479113343477,0.333333333333333,-0.313466426212388));
#5318=CARTESIAN_POINT('Ctrl Pts',(1.85099552346158,0.,-0.371655695241398));
#5319=CARTESIAN_POINT('Ctrl Pts',(2.22,1.,0.0152380952380953));
#5320=CARTESIAN_POINT('Ctrl Pts',(2.05008163634788,0.666666666666666,0.0223061735882409));
#5321=CARTESIAN_POINT('Ctrl Pts',(1.87880889265317,0.333333333333334,0.029221146673889));
#5322=CARTESIAN_POINT('Ctrl Pts',(1.70889052900105,0.,0.0362892250240347));
#5323=CARTESIAN_POINT('Ctrl Pts',(2.22,1.,0.228571428571429));
#5324=CARTESIAN_POINT('Ctrl Pts',(2.11015884427811,0.666666666666667,0.289713869170686));
#5325=CARTESIAN_POINT('Ctrl Pts',(2.00050527684559,0.333333333333333,0.350181852304268));
#5326=CARTESIAN_POINT('Ctrl Pts',(1.8906641211237,0.,0.411324292903526));
#5327=CARTESIAN_POINT('Ctrl Pts',(2.22,1.,0.32));
#5328=CARTESIAN_POINT('Ctrl Pts',(2.14988997137003,0.666666666666667,0.39011002862997));
#5329=CARTESIAN_POINT('Ctrl Pts',(2.07977994274006,0.333333333333333,0.46022005725994));
#5330=CARTESIAN_POINT('Ctrl Pts',(2.00966991411009,0.,0.53033008588991));
#5331=CARTESIAN_POINT('Origin',(4.76,1.,0.32));
#5332=CARTESIAN_POINT('',(4.76,0.,-0.32));
#5333=CARTESIAN_POINT('',(4.76,0.,0.32));
#5334=CARTESIAN_POINT('',(4.76,0.,0.16));
#5335=CARTESIAN_POINT('',(4.76,1.,-0.32));
#5336=CARTESIAN_POINT('',(4.76,1.,-0.32));
#5337=CARTESIAN_POINT('',(4.76,1.,0.32));
#5338=CARTESIAN_POINT('',(4.76,1.,-0.32));
#5339=CARTESIAN_POINT('',(4.76,1.,0.32));
#5340=CARTESIAN_POINT('Origin',(5.4,1.,0.32));
#5341=CARTESIAN_POINT('',(5.4,0.,0.32));
#5342=CARTESIAN_POINT('',(5.24,0.,0.32));
#5343=CARTESIAN_POINT('',(5.4,1.,0.32));
#5344=CARTESIAN_POINT('',(4.76,1.,0.32));
#5345=CARTESIAN_POINT('',(5.4,1.,0.32));
#5346=CARTESIAN_POINT('Origin',(5.4,1.,-0.32));
#5347=CARTESIAN_POINT('',(5.4,0.,-0.32));
#5348=CARTESIAN_POINT('',(5.4,0.,-0.16));
#5349=CARTESIAN_POINT('',(5.4,1.,-0.32));
#5350=CARTESIAN_POINT('',(5.4,1.,0.32));
#5351=CARTESIAN_POINT('',(5.4,1.,-0.32));
#5352=CARTESIAN_POINT('Origin',(4.76,1.,-0.32));
#5353=CARTESIAN_POINT('',(4.92,0.,-0.32));
#5354=CARTESIAN_POINT('',(5.4,1.,-0.32));
#5355=CARTESIAN_POINT('Origin',(5.08,0.,1.10391493925797E-17));
#5356=CARTESIAN_POINT('',(4.54966991411009,0.,0.53033008588991));
#5357=CARTESIAN_POINT('',(5.61033008588991,0.,0.530330085889911));
#5358=CARTESIAN_POINT('Origin',(5.08,0.,0.));
#5359=CARTESIAN_POINT('',(4.54966991411009,0.,-0.530330085889911));
#5360=CARTESIAN_POINT('Origin',(5.08,0.,0.));
#5361=CARTESIAN_POINT('',(5.61033008588991,0.,-0.530330085889911));
#5362=CARTESIAN_POINT('Origin',(5.08,0.,0.));
#5363=CARTESIAN_POINT('Origin',(5.08,0.,0.));
#5364=CARTESIAN_POINT('Ctrl Pts',(4.76,1.,0.32));
#5365=CARTESIAN_POINT('Ctrl Pts',(4.68988997137003,0.666666666666667,0.39011002862997));
#5366=CARTESIAN_POINT('Ctrl Pts',(4.61977994274006,0.333333333333333,0.460220057259941));
#5367=CARTESIAN_POINT('Ctrl Pts',(4.54966991411009,0.,0.530330085889911));
#5368=CARTESIAN_POINT('Ctrl Pts',(4.88190476190476,1.,0.32));
#5369=CARTESIAN_POINT('Ctrl Pts',(4.82371549287575,0.666666666666667,0.44379560997319));
#5370=CARTESIAN_POINT('Ctrl Pts',(4.76653357378761,0.333333333333333,0.565208866565234));
#5371=CARTESIAN_POINT('Ctrl Pts',(4.7083443047586,0.,0.689004476538424));
#5372=CARTESIAN_POINT('Ctrl Pts',(5.09523809523809,1.,0.32));
#5373=CARTESIAN_POINT('Ctrl Pts',(5.10230617358824,0.666666666666666,0.489918363652122));
#5374=CARTESIAN_POINT('Ctrl Pts',(5.10920756165943,0.333333333333334,0.661041576326884));
#5375=CARTESIAN_POINT('Ctrl Pts',(5.11627564000958,0.,0.830959939979006));
#5376=CARTESIAN_POINT('Ctrl Pts',(5.30857142857143,1.,0.32));
#5377=CARTESIAN_POINT('Ctrl Pts',(5.36971386917069,0.666666666666667,0.429841155721889));
#5378=CARTESIAN_POINT('Ctrl Pts',(5.43018185230427,0.333333333333333,0.539494723154406));
#5379=CARTESIAN_POINT('Ctrl Pts',(5.49132429290353,0.,0.649335878876296));
#5380=CARTESIAN_POINT('Ctrl Pts',(5.4,1.,0.32));
#5381=CARTESIAN_POINT('Ctrl Pts',(5.47011002862997,0.666666666666667,0.39011002862997));
#5382=CARTESIAN_POINT('Ctrl Pts',(5.54022005725994,0.333333333333333,0.460220057259941));
#5383=CARTESIAN_POINT('Ctrl Pts',(5.61033008588991,0.,0.530330085889911));
#5384=CARTESIAN_POINT('',(4.76,1.,0.32));
#5385=CARTESIAN_POINT('',(5.4,1.,0.32));
#5386=CARTESIAN_POINT('Ctrl Pts',(5.4,1.,0.32));
#5387=CARTESIAN_POINT('Ctrl Pts',(5.47011002862997,0.666666666666667,0.39011002862997));
#5388=CARTESIAN_POINT('Ctrl Pts',(5.54022005725994,0.333333333333333,0.460220057259941));
#5389=CARTESIAN_POINT('Ctrl Pts',(5.61033008588991,0.,0.530330085889911));
#5390=CARTESIAN_POINT('Ctrl Pts',(5.4,1.,0.198095238095238));
#5391=CARTESIAN_POINT('Ctrl Pts',(5.52379560997319,0.666666666666667,0.256284507124248));
#5392=CARTESIAN_POINT('Ctrl Pts',(5.64520886656523,0.333333333333333,0.313466426212388));
#5393=CARTESIAN_POINT('Ctrl Pts',(5.76900447653842,0.,0.371655695241398));
#5394=CARTESIAN_POINT('Ctrl Pts',(5.4,1.,-0.0152380952380953));
#5395=CARTESIAN_POINT('Ctrl Pts',(5.56991836365212,0.666666666666666,-0.0223061735882409));
#5396=CARTESIAN_POINT('Ctrl Pts',(5.74104157632688,0.333333333333334,-0.0292075616594299));
#5397=CARTESIAN_POINT('Ctrl Pts',(5.910959939979,0.,-0.0362756400095756));
#5398=CARTESIAN_POINT('Ctrl Pts',(5.4,1.,-0.228571428571429));
#5399=CARTESIAN_POINT('Ctrl Pts',(5.50984115572189,0.666666666666667,-0.289713869170686));
#5400=CARTESIAN_POINT('Ctrl Pts',(5.61949472315441,0.333333333333333,-0.350181852304268));
#5401=CARTESIAN_POINT('Ctrl Pts',(5.7293358788763,0.,-0.411324292903526));
#5402=CARTESIAN_POINT('Ctrl Pts',(5.4,1.,-0.32));
#5403=CARTESIAN_POINT('Ctrl Pts',(5.47011002862997,0.666666666666667,-0.39011002862997));
#5404=CARTESIAN_POINT('Ctrl Pts',(5.54022005725994,0.333333333333333,-0.460220057259941));
#5405=CARTESIAN_POINT('Ctrl Pts',(5.61033008588991,0.,-0.530330085889911));
#5406=CARTESIAN_POINT('',(5.4,1.,-0.32));
#5407=CARTESIAN_POINT('Ctrl Pts',(5.4,1.,-0.32));
#5408=CARTESIAN_POINT('Ctrl Pts',(5.47011002862997,0.666666666666667,-0.39011002862997));
#5409=CARTESIAN_POINT('Ctrl Pts',(5.54022005725994,0.333333333333333,-0.460220057259941));
#5410=CARTESIAN_POINT('Ctrl Pts',(5.61033008588991,0.,-0.530330085889911));
#5411=CARTESIAN_POINT('Ctrl Pts',(5.27809523809524,1.,-0.32));
#5412=CARTESIAN_POINT('Ctrl Pts',(5.33628450712425,0.666666666666667,-0.44379560997319));
#5413=CARTESIAN_POINT('Ctrl Pts',(5.39346642621239,0.333333333333333,-0.565208866565234));
#5414=CARTESIAN_POINT('Ctrl Pts',(5.4516556952414,0.,-0.689004476538424));
#5415=CARTESIAN_POINT('Ctrl Pts',(5.0647619047619,1.,-0.32));
#5416=CARTESIAN_POINT('Ctrl Pts',(5.05769382641176,0.666666666666666,-0.489918363652122));
#5417=CARTESIAN_POINT('Ctrl Pts',(5.05079243834057,0.333333333333334,-0.661041576326884));
#5418=CARTESIAN_POINT('Ctrl Pts',(5.04372435999042,0.,-0.830959939979006));
#5419=CARTESIAN_POINT('Ctrl Pts',(4.85142857142857,1.,-0.32));
#5420=CARTESIAN_POINT('Ctrl Pts',(4.79028613082931,0.666666666666667,-0.429841155721889));
#5421=CARTESIAN_POINT('Ctrl Pts',(4.72981814769573,0.333333333333333,-0.539494723154406));
#5422=CARTESIAN_POINT('Ctrl Pts',(4.66867570709647,0.,-0.649335878876296));
#5423=CARTESIAN_POINT('Ctrl Pts',(4.76,1.,-0.32));
#5424=CARTESIAN_POINT('Ctrl Pts',(4.68988997137003,0.666666666666667,-0.39011002862997));
#5425=CARTESIAN_POINT('Ctrl Pts',(4.61977994274006,0.333333333333333,-0.460220057259941));
#5426=CARTESIAN_POINT('Ctrl Pts',(4.54966991411009,0.,-0.530330085889911));
#5427=CARTESIAN_POINT('',(4.76,1.,-0.32));
#5428=CARTESIAN_POINT('Ctrl Pts',(4.76,1.,-0.32));
#5429=CARTESIAN_POINT('Ctrl Pts',(4.68988997137003,0.666666666666667,-0.39011002862997));
#5430=CARTESIAN_POINT('Ctrl Pts',(4.61977994274006,0.333333333333333,-0.46022005725994));
#5431=CARTESIAN_POINT('Ctrl Pts',(4.54966991411009,0.,-0.530330085889911));
#5432=CARTESIAN_POINT('Ctrl Pts',(4.76,1.,-0.198095238095238));
#5433=CARTESIAN_POINT('Ctrl Pts',(4.63620439002681,0.666666666666667,-0.256284507124248));
#5434=CARTESIAN_POINT('Ctrl Pts',(4.51479113343477,0.333333333333333,-0.313466426212388));
#5435=CARTESIAN_POINT('Ctrl Pts',(4.39099552346158,0.,-0.371655695241398));
#5436=CARTESIAN_POINT('Ctrl Pts',(4.76,1.,0.0152380952380952));
#5437=CARTESIAN_POINT('Ctrl Pts',(4.59008163634788,0.666666666666666,0.0223061735882409));
#5438=CARTESIAN_POINT('Ctrl Pts',(4.41893278168296,0.333333333333334,0.0292098912550358));
#5439=CARTESIAN_POINT('Ctrl Pts',(4.24901441803084,0.,0.0362779696051815));
#5440=CARTESIAN_POINT('Ctrl Pts',(4.76,1.,0.228571428571429));
#5441=CARTESIAN_POINT('Ctrl Pts',(4.65015884427811,0.666666666666667,0.289713869170686));
#5442=CARTESIAN_POINT('Ctrl Pts',(4.54050527684559,0.333333333333333,0.350181852304268));
#5443=CARTESIAN_POINT('Ctrl Pts',(4.4306641211237,0.,0.411324292903526));
#5444=CARTESIAN_POINT('Ctrl Pts',(4.76,1.,0.32));
#5445=CARTESIAN_POINT('Ctrl Pts',(4.68988997137003,0.666666666666667,0.39011002862997));
#5446=CARTESIAN_POINT('Ctrl Pts',(4.61977994274006,0.333333333333333,0.46022005725994));
#5447=CARTESIAN_POINT('Ctrl Pts',(4.54966991411009,0.,0.53033008588991));
#5448=CARTESIAN_POINT('Origin',(7.3,1.,0.32));
#5449=CARTESIAN_POINT('',(7.3,0.,-0.32));
#5450=CARTESIAN_POINT('',(7.3,0.,0.32));
#5451=CARTESIAN_POINT('',(7.3,0.,0.16));
#5452=CARTESIAN_POINT('',(7.3,1.,-0.32));
#5453=CARTESIAN_POINT('',(7.3,1.,-0.32));
#5454=CARTESIAN_POINT('',(7.3,1.,0.32));
#5455=CARTESIAN_POINT('',(7.3,1.,-0.32));
#5456=CARTESIAN_POINT('',(7.3,1.,0.32));
#5457=CARTESIAN_POINT('Origin',(7.94,1.,0.32));
#5458=CARTESIAN_POINT('',(7.94,0.,0.32));
#5459=CARTESIAN_POINT('',(7.78,0.,0.32));
#5460=CARTESIAN_POINT('',(7.94,1.,0.32));
#5461=CARTESIAN_POINT('',(7.3,1.,0.32));
#5462=CARTESIAN_POINT('',(7.94,1.,0.32));
#5463=CARTESIAN_POINT('Origin',(7.94,1.,-0.32));
#5464=CARTESIAN_POINT('',(7.94,0.,-0.32));
#5465=CARTESIAN_POINT('',(7.94,0.,-0.16));
#5466=CARTESIAN_POINT('',(7.94,1.,-0.32));
#5467=CARTESIAN_POINT('',(7.94,1.,0.32));
#5468=CARTESIAN_POINT('',(7.94,1.,-0.32));
#5469=CARTESIAN_POINT('Origin',(7.3,1.,-0.32));
#5470=CARTESIAN_POINT('',(7.46,0.,-0.32));
#5471=CARTESIAN_POINT('',(7.94,1.,-0.32));
#5472=CARTESIAN_POINT('Origin',(7.62,0.,1.10391493925797E-17));
#5473=CARTESIAN_POINT('',(7.08966991411009,0.,0.53033008588991));
#5474=CARTESIAN_POINT('',(8.15033008588991,0.,0.530330085889911));
#5475=CARTESIAN_POINT('Origin',(7.62,0.,0.));
#5476=CARTESIAN_POINT('',(7.08966991411009,0.,-0.530330085889911));
#5477=CARTESIAN_POINT('Origin',(7.62,0.,0.));
#5478=CARTESIAN_POINT('',(8.15033008588991,0.,-0.530330085889911));
#5479=CARTESIAN_POINT('Origin',(7.62,0.,0.));
#5480=CARTESIAN_POINT('Origin',(7.62,0.,0.));
#5481=CARTESIAN_POINT('Ctrl Pts',(7.3,1.,0.32));
#5482=CARTESIAN_POINT('Ctrl Pts',(7.22988997137003,0.666666666666667,0.39011002862997));
#5483=CARTESIAN_POINT('Ctrl Pts',(7.15977994274006,0.333333333333333,0.460220057259941));
#5484=CARTESIAN_POINT('Ctrl Pts',(7.08966991411009,0.,0.530330085889911));
#5485=CARTESIAN_POINT('Ctrl Pts',(7.42190476190476,1.,0.32));
#5486=CARTESIAN_POINT('Ctrl Pts',(7.36371549287575,0.666666666666667,0.44379560997319));
#5487=CARTESIAN_POINT('Ctrl Pts',(7.30653357378761,0.333333333333333,0.565208866565234));
#5488=CARTESIAN_POINT('Ctrl Pts',(7.2483443047586,0.,0.689004476538424));
#5489=CARTESIAN_POINT('Ctrl Pts',(7.6352380952381,1.,0.32));
#5490=CARTESIAN_POINT('Ctrl Pts',(7.64230617358824,0.666666666666666,0.489918363652122));
#5491=CARTESIAN_POINT('Ctrl Pts',(7.64919976094542,0.333333333333334,0.660955713428047));
#5492=CARTESIAN_POINT('Ctrl Pts',(7.65626783929556,0.,0.830874077080169));
#5493=CARTESIAN_POINT('Ctrl Pts',(7.84857142857143,1.,0.32));
#5494=CARTESIAN_POINT('Ctrl Pts',(7.90971386917069,0.666666666666667,0.429841155721889));
#5495=CARTESIAN_POINT('Ctrl Pts',(7.97018185230427,0.333333333333333,0.539494723154406));
#5496=CARTESIAN_POINT('Ctrl Pts',(8.03132429290353,0.,0.649335878876296));
#5497=CARTESIAN_POINT('Ctrl Pts',(7.94,1.,0.32));
#5498=CARTESIAN_POINT('Ctrl Pts',(8.01011002862997,0.666666666666667,0.39011002862997));
#5499=CARTESIAN_POINT('Ctrl Pts',(8.08022005725994,0.333333333333333,0.460220057259941));
#5500=CARTESIAN_POINT('Ctrl Pts',(8.15033008588991,0.,0.530330085889911));
#5501=CARTESIAN_POINT('',(7.3,1.,0.32));
#5502=CARTESIAN_POINT('',(7.94,1.,0.32));
#5503=CARTESIAN_POINT('Ctrl Pts',(7.94,1.,0.32));
#5504=CARTESIAN_POINT('Ctrl Pts',(8.01011002862997,0.666666666666667,0.39011002862997));
#5505=CARTESIAN_POINT('Ctrl Pts',(8.08022005725994,0.333333333333333,0.460220057259941));
#5506=CARTESIAN_POINT('Ctrl Pts',(8.15033008588991,0.,0.530330085889911));
#5507=CARTESIAN_POINT('Ctrl Pts',(7.94,1.,0.198095238095238));
#5508=CARTESIAN_POINT('Ctrl Pts',(8.06379560997319,0.666666666666667,0.256284507124248));
#5509=CARTESIAN_POINT('Ctrl Pts',(8.18520886656523,0.333333333333333,0.313466426212388));
#5510=CARTESIAN_POINT('Ctrl Pts',(8.30900447653842,0.,0.371655695241398));
#5511=CARTESIAN_POINT('Ctrl Pts',(7.94,1.,-0.0152380952380952));
#5512=CARTESIAN_POINT('Ctrl Pts',(8.10991836365212,0.666666666666666,-0.0223061735882409));
#5513=CARTESIAN_POINT('Ctrl Pts',(8.28095571342805,0.333333333333334,-0.0291997609454199));
#5514=CARTESIAN_POINT('Ctrl Pts',(8.45087407708017,0.,-0.0362678392955655));
#5515=CARTESIAN_POINT('Ctrl Pts',(7.94,1.,-0.228571428571429));
#5516=CARTESIAN_POINT('Ctrl Pts',(8.04984115572189,0.666666666666667,-0.289713869170686));
#5517=CARTESIAN_POINT('Ctrl Pts',(8.15949472315441,0.333333333333333,-0.350181852304268));
#5518=CARTESIAN_POINT('Ctrl Pts',(8.2693358788763,0.,-0.411324292903526));
#5519=CARTESIAN_POINT('Ctrl Pts',(7.94,1.,-0.32));
#5520=CARTESIAN_POINT('Ctrl Pts',(8.01011002862997,0.666666666666667,-0.39011002862997));
#5521=CARTESIAN_POINT('Ctrl Pts',(8.08022005725994,0.333333333333333,-0.460220057259941));
#5522=CARTESIAN_POINT('Ctrl Pts',(8.15033008588991,0.,-0.530330085889911));
#5523=CARTESIAN_POINT('',(7.94,1.,-0.32));
#5524=CARTESIAN_POINT('Ctrl Pts',(7.94,1.,-0.32));
#5525=CARTESIAN_POINT('Ctrl Pts',(8.01011002862997,0.666666666666667,-0.39011002862997));
#5526=CARTESIAN_POINT('Ctrl Pts',(8.08022005725994,0.333333333333333,-0.460220057259941));
#5527=CARTESIAN_POINT('Ctrl Pts',(8.15033008588991,0.,-0.530330085889911));
#5528=CARTESIAN_POINT('Ctrl Pts',(7.81809523809524,1.,-0.32));
#5529=CARTESIAN_POINT('Ctrl Pts',(7.87628450712425,0.666666666666667,-0.44379560997319));
#5530=CARTESIAN_POINT('Ctrl Pts',(7.93346642621239,0.333333333333333,-0.565208866565234));
#5531=CARTESIAN_POINT('Ctrl Pts',(7.9916556952414,0.,-0.689004476538424));
#5532=CARTESIAN_POINT('Ctrl Pts',(7.60476190476191,1.,-0.32));
#5533=CARTESIAN_POINT('Ctrl Pts',(7.59769382641176,0.666666666666666,-0.489918363652122));
#5534=CARTESIAN_POINT('Ctrl Pts',(7.59080023905458,0.333333333333334,-0.660955713428046));
#5535=CARTESIAN_POINT('Ctrl Pts',(7.58373216070443,0.,-0.830874077080168));
#5536=CARTESIAN_POINT('Ctrl Pts',(7.39142857142857,1.,-0.32));
#5537=CARTESIAN_POINT('Ctrl Pts',(7.33028613082931,0.666666666666667,-0.429841155721889));
#5538=CARTESIAN_POINT('Ctrl Pts',(7.26981814769573,0.333333333333333,-0.539494723154406));
#5539=CARTESIAN_POINT('Ctrl Pts',(7.20867570709648,0.,-0.649335878876296));
#5540=CARTESIAN_POINT('Ctrl Pts',(7.3,1.,-0.32));
#5541=CARTESIAN_POINT('Ctrl Pts',(7.22988997137003,0.666666666666667,-0.39011002862997));
#5542=CARTESIAN_POINT('Ctrl Pts',(7.15977994274006,0.333333333333333,-0.460220057259941));
#5543=CARTESIAN_POINT('Ctrl Pts',(7.08966991411009,0.,-0.530330085889911));
#5544=CARTESIAN_POINT('',(7.3,1.,-0.32));
#5545=CARTESIAN_POINT('Ctrl Pts',(7.3,1.,-0.32));
#5546=CARTESIAN_POINT('Ctrl Pts',(7.22988997137003,0.666666666666667,-0.39011002862997));
#5547=CARTESIAN_POINT('Ctrl Pts',(7.15977994274006,0.333333333333333,-0.46022005725994));
#5548=CARTESIAN_POINT('Ctrl Pts',(7.08966991411009,0.,-0.530330085889911));
#5549=CARTESIAN_POINT('Ctrl Pts',(7.3,1.,-0.198095238095238));
#5550=CARTESIAN_POINT('Ctrl Pts',(7.17620439002681,0.666666666666667,-0.256284507124248));
#5551=CARTESIAN_POINT('Ctrl Pts',(7.05479113343477,0.333333333333333,-0.313466426212388));
#5552=CARTESIAN_POINT('Ctrl Pts',(6.93099552346158,0.,-0.371655695241398));
#5553=CARTESIAN_POINT('Ctrl Pts',(7.3,1.,0.0152380952380953));
#5554=CARTESIAN_POINT('Ctrl Pts',(7.13008163634787,0.666666666666666,0.022306173588241));
#5555=CARTESIAN_POINT('Ctrl Pts',(6.95902473752247,0.333333333333334,0.0292015369924234));
#5556=CARTESIAN_POINT('Ctrl Pts',(6.78910637387035,0.,0.0362696153425691));
#5557=CARTESIAN_POINT('Ctrl Pts',(7.3,1.,0.228571428571429));
#5558=CARTESIAN_POINT('Ctrl Pts',(7.19015884427811,0.666666666666667,0.289713869170686));
#5559=CARTESIAN_POINT('Ctrl Pts',(7.08050527684559,0.333333333333333,0.350181852304268));
#5560=CARTESIAN_POINT('Ctrl Pts',(6.97066412112371,0.,0.411324292903526));
#5561=CARTESIAN_POINT('Ctrl Pts',(7.3,1.,0.32));
#5562=CARTESIAN_POINT('Ctrl Pts',(7.22988997137003,0.666666666666667,0.39011002862997));
#5563=CARTESIAN_POINT('Ctrl Pts',(7.15977994274006,0.333333333333333,0.46022005725994));
#5564=CARTESIAN_POINT('Ctrl Pts',(7.08966991411009,0.,0.53033008588991));
#5565=CARTESIAN_POINT('Origin',(15.155,32.075,1.15));
#5566=CARTESIAN_POINT('',(15.155,32.075,1.15));
#5567=CARTESIAN_POINT('',(15.155,32.725,1.15));
#5568=CARTESIAN_POINT('',(15.155,24.4625,1.15));
#5569=CARTESIAN_POINT('',(15.155,32.075,0.));
#5570=CARTESIAN_POINT('',(15.155,32.075,1.15));
#5571=CARTESIAN_POINT('',(15.155,32.725,0.));
#5572=CARTESIAN_POINT('',(15.155,24.4625,0.));
#5573=CARTESIAN_POINT('',(15.155,32.725,1.15));
#5574=CARTESIAN_POINT('Origin',(15.805,32.075,1.15));
#5575=CARTESIAN_POINT('',(15.805,32.075,1.15));
#5576=CARTESIAN_POINT('',(16.2775,32.075,1.15));
#5577=CARTESIAN_POINT('',(15.805,32.075,0.));
#5578=CARTESIAN_POINT('',(15.805,32.075,1.15));
#5579=CARTESIAN_POINT('',(16.2775,32.075,0.));
#5580=CARTESIAN_POINT('Origin',(15.805,32.725,1.15));
#5581=CARTESIAN_POINT('',(15.805,32.725,1.15));
#5582=CARTESIAN_POINT('',(15.805,24.7875,1.15));
#5583=CARTESIAN_POINT('',(15.805,32.725,0.));
#5584=CARTESIAN_POINT('',(15.805,32.725,1.15));
#5585=CARTESIAN_POINT('',(15.805,24.7875,0.));
#5586=CARTESIAN_POINT('Origin',(15.155,32.725,1.15));
#5587=CARTESIAN_POINT('',(15.9525,32.725,1.15));
#5588=CARTESIAN_POINT('',(15.9525,32.725,0.));
#5589=CARTESIAN_POINT('Origin',(17.695,32.075,1.15));
#5590=CARTESIAN_POINT('',(17.695,32.075,1.15));
#5591=CARTESIAN_POINT('',(17.695,32.725,1.15));
#5592=CARTESIAN_POINT('',(17.695,24.4625,1.15));
#5593=CARTESIAN_POINT('',(17.695,32.075,0.));
#5594=CARTESIAN_POINT('',(17.695,32.075,1.15));
#5595=CARTESIAN_POINT('',(17.695,32.725,0.));
#5596=CARTESIAN_POINT('',(17.695,24.4625,0.));
#5597=CARTESIAN_POINT('',(17.695,32.725,1.15));
#5598=CARTESIAN_POINT('Origin',(18.345,32.075,1.15));
#5599=CARTESIAN_POINT('',(18.345,32.075,1.15));
#5600=CARTESIAN_POINT('',(17.5475,32.075,1.15));
#5601=CARTESIAN_POINT('',(18.345,32.075,0.));
#5602=CARTESIAN_POINT('',(18.345,32.075,1.15));
#5603=CARTESIAN_POINT('',(17.5475,32.075,0.));
#5604=CARTESIAN_POINT('Origin',(18.345,32.725,1.15));
#5605=CARTESIAN_POINT('',(18.345,32.725,1.15));
#5606=CARTESIAN_POINT('',(18.345,24.7875,1.15));
#5607=CARTESIAN_POINT('',(18.345,32.725,0.));
#5608=CARTESIAN_POINT('',(18.345,32.725,1.15));
#5609=CARTESIAN_POINT('',(18.345,24.7875,0.));
#5610=CARTESIAN_POINT('Origin',(17.695,32.725,1.15));
#5611=CARTESIAN_POINT('',(17.2225,32.725,1.15));
#5612=CARTESIAN_POINT('',(17.2225,32.725,0.));
#5613=CARTESIAN_POINT('Origin',(12.615,32.075,1.15));
#5614=CARTESIAN_POINT('',(12.615,32.075,1.15));
#5615=CARTESIAN_POINT('',(12.615,32.725,1.15));
#5616=CARTESIAN_POINT('',(12.615,24.4625,1.15));
#5617=CARTESIAN_POINT('',(12.615,32.075,0.));
#5618=CARTESIAN_POINT('',(12.615,32.075,1.15));
#5619=CARTESIAN_POINT('',(12.615,32.725,0.));
#5620=CARTESIAN_POINT('',(12.615,24.4625,0.));
#5621=CARTESIAN_POINT('',(12.615,32.725,1.15));
#5622=CARTESIAN_POINT('Origin',(13.265,32.075,1.15));
#5623=CARTESIAN_POINT('',(13.265,32.075,1.15));
#5624=CARTESIAN_POINT('',(15.0075,32.075,1.15));
#5625=CARTESIAN_POINT('',(13.265,32.075,0.));
#5626=CARTESIAN_POINT('',(13.265,32.075,1.15));
#5627=CARTESIAN_POINT('',(15.0075,32.075,0.));
#5628=CARTESIAN_POINT('Origin',(13.265,32.725,1.15));
#5629=CARTESIAN_POINT('',(13.265,32.725,1.15));
#5630=CARTESIAN_POINT('',(13.265,24.7875,1.15));
#5631=CARTESIAN_POINT('',(13.265,32.725,0.));
#5632=CARTESIAN_POINT('',(13.265,32.725,1.15));
#5633=CARTESIAN_POINT('',(13.265,24.7875,0.));
#5634=CARTESIAN_POINT('Origin',(12.615,32.725,1.15));
#5635=CARTESIAN_POINT('',(14.6825,32.725,1.15));
#5636=CARTESIAN_POINT('',(14.6825,32.725,0.));
#5637=CARTESIAN_POINT('Origin',(20.235,32.075,1.15));
#5638=CARTESIAN_POINT('',(20.235,32.075,1.15));
#5639=CARTESIAN_POINT('',(20.235,32.725,1.15));
#5640=CARTESIAN_POINT('',(20.235,24.4625,1.15));
#5641=CARTESIAN_POINT('',(20.235,32.075,0.));
#5642=CARTESIAN_POINT('',(20.235,32.075,1.15));
#5643=CARTESIAN_POINT('',(20.235,32.725,0.));
#5644=CARTESIAN_POINT('',(20.235,24.4625,0.));
#5645=CARTESIAN_POINT('',(20.235,32.725,1.15));
#5646=CARTESIAN_POINT('Origin',(20.885,32.075,1.15));
#5647=CARTESIAN_POINT('',(20.885,32.075,1.15));
#5648=CARTESIAN_POINT('',(18.8175,32.075,1.15));
#5649=CARTESIAN_POINT('',(20.885,32.075,0.));
#5650=CARTESIAN_POINT('',(20.885,32.075,1.15));
#5651=CARTESIAN_POINT('',(18.8175,32.075,0.));
#5652=CARTESIAN_POINT('Origin',(20.885,32.725,1.15));
#5653=CARTESIAN_POINT('',(20.885,32.725,1.15));
#5654=CARTESIAN_POINT('',(20.885,24.7875,1.15));
#5655=CARTESIAN_POINT('',(20.885,32.725,0.));
#5656=CARTESIAN_POINT('',(20.885,32.725,1.15));
#5657=CARTESIAN_POINT('',(20.885,24.7875,0.));
#5658=CARTESIAN_POINT('Origin',(20.235,32.725,1.15));
#5659=CARTESIAN_POINT('',(18.4925,32.725,1.15));
#5660=CARTESIAN_POINT('',(18.4925,32.725,0.));
#5661=CARTESIAN_POINT('Origin',(0.500000000000003,9.7,2.15));
#5662=CARTESIAN_POINT('',(33.,9.7,2.15));
#5663=CARTESIAN_POINT('',(0.500000000000003,9.7,2.15));
#5664=CARTESIAN_POINT('',(8.625,9.7,2.15));
#5665=CARTESIAN_POINT('',(33.,9.7,2.65));
#5666=CARTESIAN_POINT('',(33.,9.7,2.15));
#5667=CARTESIAN_POINT('',(0.500000000000003,9.7,2.65));
#5668=CARTESIAN_POINT('',(33.,9.7,2.65));
#5669=CARTESIAN_POINT('',(0.500000000000003,9.7,2.15));
#5670=CARTESIAN_POINT('Origin',(0.500000000000003,28.6,2.15));
#5671=CARTESIAN_POINT('',(0.500000000000003,28.6,2.15));
#5672=CARTESIAN_POINT('',(0.500000000000003,22.725,2.15));
#5673=CARTESIAN_POINT('',(0.500000000000003,28.6,2.65));
#5674=CARTESIAN_POINT('',(0.500000000000003,9.7,2.65));
#5675=CARTESIAN_POINT('',(0.500000000000003,28.6,2.15));
#5676=CARTESIAN_POINT('Origin',(33.,28.6,2.15));
#5677=CARTESIAN_POINT('',(33.,28.6,2.15));
#5678=CARTESIAN_POINT('',(24.875,28.6,2.15));
#5679=CARTESIAN_POINT('',(33.,28.6,2.65));
#5680=CARTESIAN_POINT('',(0.500000000000003,28.6,2.65));
#5681=CARTESIAN_POINT('',(33.,28.6,2.15));
#5682=CARTESIAN_POINT('Origin',(33.,9.7,2.15));
#5683=CARTESIAN_POINT('',(33.,13.275,2.15));
#5684=CARTESIAN_POINT('',(33.,28.6,2.65));
#5685=CARTESIAN_POINT('Origin',(16.75,19.15,2.65));
#5686=CARTESIAN_POINT('Origin',(33.25,4.85,1.15));
#5687=CARTESIAN_POINT('',(33.25,28.85,1.15));
#5688=CARTESIAN_POINT('',(33.25,4.85,1.15));
#5689=CARTESIAN_POINT('',(33.25,10.85,1.15));
#5690=CARTESIAN_POINT('',(33.25,28.85,2.15));
#5691=CARTESIAN_POINT('',(33.25,28.85,1.15));
#5692=CARTESIAN_POINT('',(33.25,4.85,2.15));
#5693=CARTESIAN_POINT('',(33.25,28.85,2.15));
#5694=CARTESIAN_POINT('',(33.25,4.85,1.15));
#5695=CARTESIAN_POINT('Origin',(0.249999999999999,4.85,1.15));
#5696=CARTESIAN_POINT('',(0.249999999999999,4.85,1.15));
#5697=CARTESIAN_POINT('',(8.5,4.85,1.15));
#5698=CARTESIAN_POINT('',(0.249999999999999,4.85,2.15));
#5699=CARTESIAN_POINT('',(33.25,4.85,2.15));
#5700=CARTESIAN_POINT('',(0.249999999999999,4.85,1.15));
#5701=CARTESIAN_POINT('Origin',(0.249999999999999,28.85,1.15));
#5702=CARTESIAN_POINT('',(0.249999999999999,28.85,1.15));
#5703=CARTESIAN_POINT('',(0.249999999999999,22.85,1.15));
#5704=CARTESIAN_POINT('',(0.249999999999999,28.85,2.15));
#5705=CARTESIAN_POINT('',(0.249999999999999,4.85,2.15));
#5706=CARTESIAN_POINT('',(0.249999999999999,28.85,1.15));
#5707=CARTESIAN_POINT('Origin',(33.25,28.85,1.15));
#5708=CARTESIAN_POINT('',(25.,28.85,1.15));
#5709=CARTESIAN_POINT('',(0.249999999999999,28.85,2.15));
#5710=CARTESIAN_POINT('Origin',(16.75,16.85,2.15));
#5711=CARTESIAN_POINT('Origin',(31.5,2.,1.15));
#5712=CARTESIAN_POINT('',(33.,2.,-3.46944695195361E-16));
#5713=CARTESIAN_POINT('Origin',(31.5,2.,-2.77555756156289E-16));
#5714=CARTESIAN_POINT('',(33.,2.,1.15));
#5715=CARTESIAN_POINT('',(33.,2.,1.15));
#5716=CARTESIAN_POINT('Origin',(31.5,2.,1.15));
#5717=CARTESIAN_POINT('Origin',(33.5,8.08890576642639E-32,0.));
#5718=CARTESIAN_POINT('',(33.5,8.08890576642639E-32,0.));
#5719=CARTESIAN_POINT('',(33.5,33.7,0.));
#5720=CARTESIAN_POINT('',(33.5,8.08890576642639E-32,0.));
#5721=CARTESIAN_POINT('',(33.5,33.7,1.15));
#5722=CARTESIAN_POINT('',(33.5,33.7,0.));
#5723=CARTESIAN_POINT('',(33.5,0.,1.15));
#5724=CARTESIAN_POINT('',(33.5,8.08890576642639E-32,1.15));
#5725=CARTESIAN_POINT('',(33.5,8.08890576642639E-32,0.));
#5726=CARTESIAN_POINT('Origin',(23.75,0.,0.));
#5727=CARTESIAN_POINT('',(23.75,0.,0.));
#5728=CARTESIAN_POINT('',(23.75,0.,0.));
#5729=CARTESIAN_POINT('',(23.75,0.,1.15));
#5730=CARTESIAN_POINT('',(23.75,0.,1.15));
#5731=CARTESIAN_POINT('',(23.75,0.,0.));
#5732=CARTESIAN_POINT('Origin',(16.75,16.85,0.));
#5733=CARTESIAN_POINT('',(23.75,4.,0.));
#5734=CARTESIAN_POINT('',(23.75,4.,0.));
#5735=CARTESIAN_POINT('',(9.75,4.,0.));
#5736=CARTESIAN_POINT('',(16.75,4.,0.));
#5737=CARTESIAN_POINT('',(9.75,0.,0.));
#5738=CARTESIAN_POINT('',(9.75,4.,0.));
#5739=CARTESIAN_POINT('',(0.,0.,0.));
#5740=CARTESIAN_POINT('',(0.,0.,0.));
#5741=CARTESIAN_POINT('',(1.00148357108136E-31,33.7,0.));
#5742=CARTESIAN_POINT('',(1.00148357108136E-31,33.7,0.));
#5743=CARTESIAN_POINT('',(33.5,33.7,0.));
#5744=CARTESIAN_POINT('',(3.5,2.,-3.46944695195361E-16));
#5745=CARTESIAN_POINT('Origin',(2.,2.,-2.77555756156289E-16));
#5746=CARTESIAN_POINT('',(33.,30.7,-3.46944695195361E-16));
#5747=CARTESIAN_POINT('Origin',(31.5,30.7,-2.77555756156289E-16));
#5748=CARTESIAN_POINT('',(3.5,30.7,-3.46944695195361E-16));
#5749=CARTESIAN_POINT('Origin',(2.,30.7,-2.77555756156289E-16));
#5750=CARTESIAN_POINT('Origin',(2.,2.,1.15));
#5751=CARTESIAN_POINT('',(3.5,2.,1.15));
#5752=CARTESIAN_POINT('',(3.5,2.,1.15));
#5753=CARTESIAN_POINT('Origin',(2.,2.,1.15));
#5754=CARTESIAN_POINT('Origin',(1.00148357108136E-31,33.7,0.));
#5755=CARTESIAN_POINT('',(0.,0.,1.15));
#5756=CARTESIAN_POINT('',(0.,0.,0.));
#5757=CARTESIAN_POINT('',(0.,33.7,1.15));
#5758=CARTESIAN_POINT('',(1.00148357108136E-31,33.7,1.15));
#5759=CARTESIAN_POINT('',(1.00148357108136E-31,33.7,0.));
#5760=CARTESIAN_POINT('Origin',(0.,0.,0.));
#5761=CARTESIAN_POINT('',(9.75,0.,1.15));
#5762=CARTESIAN_POINT('',(9.75,0.,0.));
#5763=CARTESIAN_POINT('',(0.,0.,1.15));
#5764=CARTESIAN_POINT('Origin',(31.5,30.7,1.15));
#5765=CARTESIAN_POINT('',(33.,30.7,1.15));
#5766=CARTESIAN_POINT('',(33.,30.7,1.15));
#5767=CARTESIAN_POINT('Origin',(31.5,30.7,1.15));
#5768=CARTESIAN_POINT('Origin',(2.,30.7,1.15));
#5769=CARTESIAN_POINT('',(3.5,30.7,1.15));
#5770=CARTESIAN_POINT('',(3.5,30.7,1.15));
#5771=CARTESIAN_POINT('Origin',(2.,30.7,1.15));
#5772=CARTESIAN_POINT('Origin',(9.75,0.,0.));
#5773=CARTESIAN_POINT('',(9.75,4.,1.15));
#5774=CARTESIAN_POINT('',(9.75,4.,0.));
#5775=CARTESIAN_POINT('',(9.75,4.,1.15));
#5776=CARTESIAN_POINT('Origin',(33.5,33.7,0.));
#5777=CARTESIAN_POINT('',(33.5,33.7,1.15));
#5778=CARTESIAN_POINT('Origin',(23.75,4.,0.));
#5779=CARTESIAN_POINT('',(23.75,4.,1.15));
#5780=CARTESIAN_POINT('',(23.75,4.,1.15));
#5781=CARTESIAN_POINT('',(23.75,4.,0.));
#5782=CARTESIAN_POINT('Origin',(9.75,4.,0.));
#5783=CARTESIAN_POINT('',(16.75,4.,1.15));
#5784=CARTESIAN_POINT('Origin',(16.75,16.85,1.15));
#5785=CARTESIAN_POINT('',(12.94,32.4,0.00199999999999895));
#5786=CARTESIAN_POINT('',(12.94,32.395,1.048));
#5787=UNCERTAINTY_MEASURE_WITH_UNIT(LENGTH_MEASURE(0.01),#5795,
'DISTANCE_ACCURACY_VALUE',
'Maximum model space distance between geometric entities at asserted c
onnectivities');
#5788=UNCERTAINTY_MEASURE_WITH_UNIT(LENGTH_MEASURE(0.01),#5795,
'DISTANCE_ACCURACY_VALUE',
'Maximum model space distance between geometric entities at asserted c
onnectivities');
#5789=UNCERTAINTY_MEASURE_WITH_UNIT(LENGTH_MEASURE(0.01),#5795,
'DISTANCE_ACCURACY_VALUE',
'Maximum model space distance between geometric entities at asserted c
onnectivities');
#5790=UNCERTAINTY_MEASURE_WITH_UNIT(LENGTH_MEASURE(0.01),#5795,
'DISTANCE_ACCURACY_VALUE',
'Maximum model space distance between geometric entities at asserted c
onnectivities');
#5791=(
GEOMETRIC_REPRESENTATION_CONTEXT(3)
GLOBAL_UNCERTAINTY_ASSIGNED_CONTEXT((#5787))
GLOBAL_UNIT_ASSIGNED_CONTEXT((#5795,#5797,#5798))
REPRESENTATION_CONTEXT('','3D')
);
#5792=(
GEOMETRIC_REPRESENTATION_CONTEXT(3)
GLOBAL_UNCERTAINTY_ASSIGNED_CONTEXT((#5788))
GLOBAL_UNIT_ASSIGNED_CONTEXT((#5795,#5797,#5798))
REPRESENTATION_CONTEXT('','3D')
);
#5793=(
GEOMETRIC_REPRESENTATION_CONTEXT(3)
GLOBAL_UNCERTAINTY_ASSIGNED_CONTEXT((#5789))
GLOBAL_UNIT_ASSIGNED_CONTEXT((#5795,#5797,#5798))
REPRESENTATION_CONTEXT('','3D')
);
#5794=(
GEOMETRIC_REPRESENTATION_CONTEXT(3)
GLOBAL_UNCERTAINTY_ASSIGNED_CONTEXT((#5790))
GLOBAL_UNIT_ASSIGNED_CONTEXT((#5795,#5797,#5798))
REPRESENTATION_CONTEXT('','3D')
);
#5795=(
LENGTH_UNIT()
NAMED_UNIT(*)
SI_UNIT(.MILLI.,.METRE.)
);
#5796=(
LENGTH_UNIT()
NAMED_UNIT(*)
SI_UNIT($,.METRE.)
);
#5797=(
NAMED_UNIT(*)
PLANE_ANGLE_UNIT()
SI_UNIT($,.RADIAN.)
);
#5798=(
NAMED_UNIT(*)
SI_UNIT($,.STERADIAN.)
SOLID_ANGLE_UNIT()
);
#5799=SHAPE_DEFINITION_REPRESENTATION(#5802,#5807);
#5800=SHAPE_DEFINITION_REPRESENTATION(#5803,#5808);
#5801=SHAPE_DEFINITION_REPRESENTATION(#5804,#5809);
#5802=PRODUCT_DEFINITION_SHAPE('',$,#5811);
#5803=PRODUCT_DEFINITION_SHAPE('',$,#5812);
#5804=PRODUCT_DEFINITION_SHAPE('',$,#5813);
#5805=PRODUCT_DEFINITION_SHAPE($,$,#17);
#5806=PRODUCT_DEFINITION_SHAPE($,$,#18);
#5807=SHAPE_REPRESENTATION('',(#3495,#3698,#3699),#5791);
#5808=SHAPE_REPRESENTATION('',(#3496),#5792);
#5809=SHAPE_REPRESENTATION('',(#3613),#5793);
#5810=PRODUCT_DEFINITION_CONTEXT('part definition',#5821,'design');
#5811=PRODUCT_DEFINITION('OLED I2C 1.3 Inch Display',
'OLED I2C 1.3 Inch Display',#5814,#5810);
#5812=PRODUCT_DEFINITION('PIN HEADER MALE 2.54MM P4',
'PIN HEADER MALE 2.54MM P4',#5815,#5810);
#5813=PRODUCT_DEFINITION('4 l\X\FC Lehim v2','4 l\X\FC Lehim v2',#5816,
#5810);
#5814=PRODUCT_DEFINITION_FORMATION('',$,#5823);
#5815=PRODUCT_DEFINITION_FORMATION('',$,#5824);
#5816=PRODUCT_DEFINITION_FORMATION('',$,#5825);
#5817=PRODUCT_RELATED_PRODUCT_CATEGORY('OLED I2C 1.3 Inch Display',
'OLED I2C 1.3 Inch Display',(#5823));
#5818=PRODUCT_RELATED_PRODUCT_CATEGORY('PIN HEADER MALE 2.54MM P4',
'PIN HEADER MALE 2.54MM P4',(#5824));
#5819=PRODUCT_RELATED_PRODUCT_CATEGORY('4 l\X\FC Lehim v2',
'4 l\X\FC Lehim v2',(#5825));
#5820=APPLICATION_PROTOCOL_DEFINITION('international standard',
'automotive_design',2009,#5821);
#5821=APPLICATION_CONTEXT(
'Core Data for Automotive Mechanical Design Process');
#5822=PRODUCT_CONTEXT('part definition',#5821,'mechanical');
#5823=PRODUCT('OLED I2C 1.3 Inch Display','OLED I2C 1.3 Inch Display',$,
(#5822));
#5824=PRODUCT('PIN HEADER MALE 2.54MM P4','PIN HEADER MALE 2.54MM P4',$,
(#5822));
#5825=PRODUCT('4 l\X\FC Lehim v2','4 l\X\FC Lehim v2',$,(#5822));
#5826=PRESENTATION_STYLE_ASSIGNMENT((#5834));
#5827=PRESENTATION_STYLE_ASSIGNMENT((#5835));
#5828=PRESENTATION_STYLE_ASSIGNMENT((#5836));
#5829=PRESENTATION_STYLE_ASSIGNMENT((#5837));
#5830=PRESENTATION_STYLE_ASSIGNMENT((#5838));
#5831=PRESENTATION_STYLE_ASSIGNMENT((#5839));
#5832=PRESENTATION_STYLE_ASSIGNMENT((#5840));
#5833=PRESENTATION_STYLE_ASSIGNMENT((#5841));
#5834=SURFACE_STYLE_USAGE(.BOTH.,#5842);
#5835=SURFACE_STYLE_USAGE(.BOTH.,#5843);
#5836=SURFACE_STYLE_USAGE(.BOTH.,#5844);
#5837=SURFACE_STYLE_USAGE(.BOTH.,#5845);
#5838=SURFACE_STYLE_USAGE(.BOTH.,#5846);
#5839=SURFACE_STYLE_USAGE(.BOTH.,#5847);
#5840=SURFACE_STYLE_USAGE(.BOTH.,#5848);
#5841=SURFACE_STYLE_USAGE(.BOTH.,#5849);
#5842=SURFACE_SIDE_STYLE('',(#5850));
#5843=SURFACE_SIDE_STYLE('',(#5851));
#5844=SURFACE_SIDE_STYLE('',(#5852));
#5845=SURFACE_SIDE_STYLE('',(#5853));
#5846=SURFACE_SIDE_STYLE('',(#5854));
#5847=SURFACE_SIDE_STYLE('',(#5855));
#5848=SURFACE_SIDE_STYLE('',(#5856));
#5849=SURFACE_SIDE_STYLE('',(#5857));
#5850=SURFACE_STYLE_FILL_AREA(#5858);
#5851=SURFACE_STYLE_FILL_AREA(#5859);
#5852=SURFACE_STYLE_FILL_AREA(#5860);
#5853=SURFACE_STYLE_FILL_AREA(#5861);
#5854=SURFACE_STYLE_FILL_AREA(#5862);
#5855=SURFACE_STYLE_FILL_AREA(#5863);
#5856=SURFACE_STYLE_FILL_AREA(#5864);
#5857=SURFACE_STYLE_FILL_AREA(#5865);
#5858=FILL_AREA_STYLE('Steel - Satin',(#5866));
#5859=FILL_AREA_STYLE('Paint - Metal Flake (Blue)',(#5867));
#5860=FILL_AREA_STYLE('Display - 4x20 - LCD (Blue)',(#5868));
#5861=FILL_AREA_STYLE('Chrome - Black',(#5869));
#5862=FILL_AREA_STYLE('Leather - Matte (Blue)',(#5870));
#5863=FILL_AREA_STYLE('Opaque(250,160,0)',(#5871));
#5864=FILL_AREA_STYLE('Opaque(20,20,20)',(#5872));
#5865=FILL_AREA_STYLE('Default',(#5873));
#5866=FILL_AREA_STYLE_COLOUR('Steel - Satin',#5874);
#5867=FILL_AREA_STYLE_COLOUR('Paint - Metal Flake (Blue)',#5875);
#5868=FILL_AREA_STYLE_COLOUR('Display - 4x20 - LCD (Blue)',#5876);
#5869=FILL_AREA_STYLE_COLOUR('Chrome - Black',#5877);
#5870=FILL_AREA_STYLE_COLOUR('Leather - Matte (Blue)',#5878);
#5871=FILL_AREA_STYLE_COLOUR('Opaque(250,160,0)',#5879);
#5872=FILL_AREA_STYLE_COLOUR('Opaque(20,20,20)',#5880);
#5873=FILL_AREA_STYLE_COLOUR('Default',#5881);
#5874=COLOUR_RGB('Steel - Satin',0.627450980392157,0.627450980392157,0.627450980392157);
#5875=COLOUR_RGB('Paint - Metal Flake (Blue)',0.188235294117647,0.231372549019608,
0.588235294117647);
#5876=COLOUR_RGB('Display - 4x20 - LCD (Blue)',0.0588235294117647,0.0627450980392157,
0.313725490196078);
#5877=COLOUR_RGB('Chrome - Black',0.129411764705882,0.0901960784313725,
0.0627450980392157);
#5878=COLOUR_RGB('Leather - Matte (Blue)',0.,0.,0.);
#5879=COLOUR_RGB('Opaque(250,160,0)',0.980392156862745,0.627450980392157,
0.);
#5880=COLOUR_RGB('Opaque(20,20,20)',0.0784313725490196,0.0784313725490196,
0.0784313725490196);
#5881=COLOUR_RGB('Default',0.749019607843137,0.749019607843137,0.749019607843137);
ENDSEC;
END-ISO-10303-21;
