ISO-10303-21;
HEADER;
/* Generated by software containing ST-Developer
 * from STEP Tools, Inc. (www.steptools.com) 
 */

FILE_DESCRIPTION(
/* description */ (''),
/* implementation_level */ '2;1');

FILE_NAME(
/* name */ '100W_PowerHub_Plastics_Only_MFG_v2.step',
/* time_stamp */ '2026-08-26T21:58:13+05:30',
/* author */ (''),
/* organization */ (''),
/* preprocessor_version */ 'ST-DEVELOPER v20.1',
/* originating_system */ 'Autodesk Translation Framework v15.8.0.0',
/* authorisation */ '');

FILE_SCHEMA (('AUTOMOTIVE_DESIGN { 1 0 10303 214 3 1 1 }'));
ENDSEC;

DATA;
#10=MECHANICAL_DESIGN_GEOMETRIC_PRESENTATION_REPRESENTATION('',(#39,#40,
#41),#5286);
#11=ITEM_DEFINED_TRANSFORMATION($,$,#3202,#3474);
#12=ITEM_DEFINED_TRANSFORMATION($,$,#3302,#3475);
#13=ITEM_DEFINED_TRANSFORMATION($,$,#3456,#3476);
#14=(
REPRESENTATION_RELATIONSHIP($,$,#5303,#5302)
REPRESENTATION_RELATIONSHIP_WITH_TRANSFORMATION(#11)
SHAPE_REPRESENTATION_RELATIONSHIP()
);
#15=(
REPRESENTATION_RELATIONSHIP($,$,#5304,#5302)
REPRESENTATION_RELATIONSHIP_WITH_TRANSFORMATION(#12)
SHAPE_REPRESENTATION_RELATIONSHIP()
);
#16=(
REPRESENTATION_RELATIONSHIP($,$,#5305,#5302)
REPRESENTATION_RELATIONSHIP_WITH_TRANSFORMATION(#13)
SHAPE_REPRESENTATION_RELATIONSHIP()
);
#17=CONTEXT_DEPENDENT_SHAPE_REPRESENTATION(#14,#5299);
#18=CONTEXT_DEPENDENT_SHAPE_REPRESENTATION(#15,#5300);
#19=CONTEXT_DEPENDENT_SHAPE_REPRESENTATION(#16,#5301);
#20=NEXT_ASSEMBLY_USAGE_OCCURRENCE('Bottom_Shell:1','Bottom_Shell:1',
'Bottom_Shell:1',#5307,#5308,'Bottom_Shell:1');
#21=NEXT_ASSEMBLY_USAGE_OCCURRENCE('Top_Shell:1','Top_Shell:1',
'Top_Shell:1',#5307,#5309,'Top_Shell:1');
#22=NEXT_ASSEMBLY_USAGE_OCCURRENCE('Button_Plunger:1',
'Button_Plunger:1','Button_Plunger:1',#5307,#5310,'Button_Plunger:1');
#23=ELLIPSE('',#3375,0.707106781186556,0.5);
#24=ELLIPSE('',#3376,0.707106781186554,0.5);
#25=ELLIPSE('',#3378,0.707106781186541,0.5);
#26=ELLIPSE('',#3380,0.707106781186554,0.5);
#27=CONICAL_SURFACE('',#3324,2.99999999999999,0.0349065850398866);
#28=CONICAL_SURFACE('',#3332,1.75000000000001,0.0349065850398866);
#29=CONICAL_SURFACE('',#3340,1.75,0.0349065850398866);
#30=CONICAL_SURFACE('',#3348,3.,0.0349065850398866);
#31=CONICAL_SURFACE('',#3447,6.25,0.785398163397448);
#32=CONICAL_SURFACE('',#3449,6.25,0.785398163397448);
#33=SHAPE_REPRESENTATION_RELATIONSHIP('SRR','None',#5303,#36);
#34=SHAPE_REPRESENTATION_RELATIONSHIP('SRR','None',#5304,#37);
#35=SHAPE_REPRESENTATION_RELATIONSHIP('SRR','None',#5305,#38);
#36=ADVANCED_BREP_SHAPE_REPRESENTATION('',(#42),#5283);
#37=ADVANCED_BREP_SHAPE_REPRESENTATION('',(#43),#5284);
#38=ADVANCED_BREP_SHAPE_REPRESENTATION('',(#44),#5285);
#39=STYLED_ITEM('',(#5332),#42);
#40=STYLED_ITEM('',(#5332),#43);
#41=STYLED_ITEM('',(#5332),#44);
#42=MANIFOLD_SOLID_BREP('Bottom_Shell',#3164);
#43=MANIFOLD_SOLID_BREP('Top_Shell',#3165);
#44=MANIFOLD_SOLID_BREP('Body1',#3166);
#45=SPHERICAL_SURFACE('',#3266,0.500000000000007);
#46=SPHERICAL_SURFACE('',#3271,0.5);
#47=SPHERICAL_SURFACE('',#3276,0.500000000000007);
#48=SPHERICAL_SURFACE('',#3282,0.500000000000007);
#49=SPHERICAL_SURFACE('',#3386,0.500000000000007);
#50=SPHERICAL_SURFACE('',#3391,0.5);
#51=SPHERICAL_SURFACE('',#3397,0.500000000000007);
#52=SPHERICAL_SURFACE('',#3403,0.5);
#53=CYLINDRICAL_SURFACE('',#3239,1.75000000000001);
#54=CYLINDRICAL_SURFACE('',#3247,3.);
#55=CYLINDRICAL_SURFACE('',#3255,3.);
#56=CYLINDRICAL_SURFACE('',#3263,2.99999999999999);
#57=CYLINDRICAL_SURFACE('',#3270,0.5);
#58=CYLINDRICAL_SURFACE('',#3275,0.5);
#59=CYLINDRICAL_SURFACE('',#3280,0.5);
#60=CYLINDRICAL_SURFACE('',#3281,0.5);
#61=CYLINDRICAL_SURFACE('',#3286,0.5);
#62=CYLINDRICAL_SURFACE('',#3287,0.5);
#63=CYLINDRICAL_SURFACE('',#3288,0.5);
#64=CYLINDRICAL_SURFACE('',#3289,0.5);
#65=CYLINDRICAL_SURFACE('',#3374,0.5);
#66=CYLINDRICAL_SURFACE('',#3377,0.5);
#67=CYLINDRICAL_SURFACE('',#3379,0.5);
#68=CYLINDRICAL_SURFACE('',#3381,0.5);
#69=CYLINDRICAL_SURFACE('',#3390,0.5);
#70=CYLINDRICAL_SURFACE('',#3395,0.5);
#71=CYLINDRICAL_SURFACE('',#3401,0.5);
#72=CYLINDRICAL_SURFACE('',#3402,0.5);
#73=CYLINDRICAL_SURFACE('',#3407,0.5);
#74=CYLINDRICAL_SURFACE('',#3409,0.5);
#75=CYLINDRICAL_SURFACE('',#3410,0.5);
#76=CYLINDRICAL_SURFACE('',#3411,0.5);
#77=CYLINDRICAL_SURFACE('',#3416,2.64999999999999);
#78=CYLINDRICAL_SURFACE('',#3462,2.44999999999999);
#79=CYLINDRICAL_SURFACE('',#3465,1.99999999999999);
#80=CYLINDRICAL_SURFACE('',#3471,4.);
#81=TOROIDAL_SURFACE('',#3234,1.25000000000001,0.5);
#82=TOROIDAL_SURFACE('',#3242,2.5,0.5);
#83=TOROIDAL_SURFACE('',#3250,2.5,0.5);
#84=TOROIDAL_SURFACE('',#3258,2.49999999999999,0.5);
#85=TOROIDAL_SURFACE('',#3319,2.93236356185333,0.5);
#86=TOROIDAL_SURFACE('',#3327,1.68236356185335,0.5);
#87=TOROIDAL_SURFACE('',#3335,1.68236356185334,0.5);
#88=TOROIDAL_SURFACE('',#3343,2.93236356185335,0.5);
#89=TOROIDAL_SURFACE('',#3457,1.94999999999999,0.5);
#90=CIRCLE('',#3227,0.5);
#91=CIRCLE('',#3228,0.5);
#92=CIRCLE('',#3230,0.5);
#93=CIRCLE('',#3231,0.5);
#94=CIRCLE('',#3235,1.25000000000001);
#95=CIRCLE('',#3236,0.5);
#96=CIRCLE('',#3237,1.75000000000001);
#97=CIRCLE('',#3238,1.75000000000001);
#98=CIRCLE('',#3240,1.75000000000001);
#99=CIRCLE('',#3243,2.5);
#100=CIRCLE('',#3244,0.5);
#101=CIRCLE('',#3245,3.);
#102=CIRCLE('',#3246,3.);
#103=CIRCLE('',#3248,3.);
#104=CIRCLE('',#3251,2.5);
#105=CIRCLE('',#3252,0.5);
#106=CIRCLE('',#3253,3.);
#107=CIRCLE('',#3254,3.);
#108=CIRCLE('',#3256,3.);
#109=CIRCLE('',#3259,2.49999999999999);
#110=CIRCLE('',#3260,0.5);
#111=CIRCLE('',#3261,2.99999999999999);
#112=CIRCLE('',#3262,2.99999999999999);
#113=CIRCLE('',#3264,2.99999999999999);
#114=CIRCLE('',#3267,0.500000000000007);
#115=CIRCLE('',#3268,0.500000000000007);
#116=CIRCLE('',#3269,0.5);
#117=CIRCLE('',#3272,0.499999999999997);
#118=CIRCLE('',#3273,0.5);
#119=CIRCLE('',#3274,0.5);
#120=CIRCLE('',#3277,0.500000000000007);
#121=CIRCLE('',#3278,0.500000000000007);
#122=CIRCLE('',#3279,0.5);
#123=CIRCLE('',#3283,0.5);
#124=CIRCLE('',#3284,0.500000000000007);
#125=CIRCLE('',#3285,0.5);
#126=CIRCLE('',#3320,2.93236356185333);
#127=CIRCLE('',#3321,0.5);
#128=CIRCLE('',#3322,3.43205897536288);
#129=CIRCLE('',#3323,3.43205897536288);
#130=CIRCLE('',#3325,2.99999999999999);
#131=CIRCLE('',#3328,1.68236356185335);
#132=CIRCLE('',#3329,0.5);
#133=CIRCLE('',#3330,2.1820589753629);
#134=CIRCLE('',#3331,2.1820589753629);
#135=CIRCLE('',#3333,1.75000000000001);
#136=CIRCLE('',#3336,1.68236356185334);
#137=CIRCLE('',#3337,0.5);
#138=CIRCLE('',#3338,2.18205897536289);
#139=CIRCLE('',#3339,2.18205897536289);
#140=CIRCLE('',#3341,1.75);
#141=CIRCLE('',#3344,2.93236356185335);
#142=CIRCLE('',#3345,0.5);
#143=CIRCLE('',#3346,3.43205897536289);
#144=CIRCLE('',#3347,3.43205897536289);
#145=CIRCLE('',#3349,3.);
#146=CIRCLE('',#3367,0.5);
#147=CIRCLE('',#3368,0.5);
#148=CIRCLE('',#3385,2.64999999999999);
#149=CIRCLE('',#3387,0.500000000000007);
#150=CIRCLE('',#3388,0.500000000000007);
#151=CIRCLE('',#3389,0.5);
#152=CIRCLE('',#3392,0.500000000000007);
#153=CIRCLE('',#3393,0.5);
#154=CIRCLE('',#3394,0.5);
#155=CIRCLE('',#3396,0.5);
#156=CIRCLE('',#3398,0.500000000000002);
#157=CIRCLE('',#3399,0.500000000000007);
#158=CIRCLE('',#3400,0.5);
#159=CIRCLE('',#3404,0.5);
#160=CIRCLE('',#3405,0.5);
#161=CIRCLE('',#3406,0.5);
#162=CIRCLE('',#3408,0.5);
#163=CIRCLE('',#3413,6.25);
#164=CIRCLE('',#3414,6.25);
#165=CIRCLE('',#3417,2.64999999999999);
#166=CIRCLE('',#3448,3.75);
#167=CIRCLE('',#3450,3.75);
#168=CIRCLE('',#3458,1.94999999999999);
#169=CIRCLE('',#3459,0.5);
#170=CIRCLE('',#3460,2.44999999999999);
#171=CIRCLE('',#3461,2.44999999999999);
#172=CIRCLE('',#3463,2.44999999999999);
#173=CIRCLE('',#3466,1.99999999999999);
#174=CIRCLE('',#3467,1.99999999999999);
#175=CIRCLE('',#3470,4.);
#176=CIRCLE('',#3472,4.);
#177=FACE_BOUND('',#392,.T.);
#178=FACE_BOUND('',#436,.T.);
#179=FACE_BOUND('',#437,.T.);
#180=FACE_BOUND('',#438,.T.);
#181=FACE_BOUND('',#439,.T.);
#182=FACE_BOUND('',#499,.T.);
#183=FACE_BOUND('',#500,.T.);
#184=FACE_BOUND('',#514,.T.);
#185=FACE_BOUND('',#515,.T.);
#186=FACE_BOUND('',#525,.T.);
#187=FACE_BOUND('',#551,.T.);
#188=FACE_BOUND('',#552,.T.);
#189=FACE_BOUND('',#553,.T.);
#190=FACE_BOUND('',#554,.T.);
#191=FACE_BOUND('',#555,.T.);
#192=FACE_BOUND('',#556,.T.);
#193=FACE_BOUND('',#558,.T.);
#194=FACE_BOUND('',#559,.T.);
#195=FACE_BOUND('',#569,.T.);
#196=FACE_BOUND('',#572,.T.);
#197=FACE_OUTER_BOUND('',#375,.T.);
#198=FACE_OUTER_BOUND('',#376,.T.);
#199=FACE_OUTER_BOUND('',#377,.T.);
#200=FACE_OUTER_BOUND('',#378,.T.);
#201=FACE_OUTER_BOUND('',#379,.T.);
#202=FACE_OUTER_BOUND('',#380,.T.);
#203=FACE_OUTER_BOUND('',#381,.T.);
#204=FACE_OUTER_BOUND('',#382,.T.);
#205=FACE_OUTER_BOUND('',#383,.T.);
#206=FACE_OUTER_BOUND('',#384,.T.);
#207=FACE_OUTER_BOUND('',#385,.T.);
#208=FACE_OUTER_BOUND('',#386,.T.);
#209=FACE_OUTER_BOUND('',#387,.T.);
#210=FACE_OUTER_BOUND('',#388,.T.);
#211=FACE_OUTER_BOUND('',#389,.T.);
#212=FACE_OUTER_BOUND('',#390,.T.);
#213=FACE_OUTER_BOUND('',#391,.T.);
#214=FACE_OUTER_BOUND('',#393,.T.);
#215=FACE_OUTER_BOUND('',#394,.T.);
#216=FACE_OUTER_BOUND('',#395,.T.);
#217=FACE_OUTER_BOUND('',#396,.T.);
#218=FACE_OUTER_BOUND('',#397,.T.);
#219=FACE_OUTER_BOUND('',#398,.T.);
#220=FACE_OUTER_BOUND('',#399,.T.);
#221=FACE_OUTER_BOUND('',#400,.T.);
#222=FACE_OUTER_BOUND('',#401,.T.);
#223=FACE_OUTER_BOUND('',#402,.T.);
#224=FACE_OUTER_BOUND('',#403,.T.);
#225=FACE_OUTER_BOUND('',#404,.T.);
#226=FACE_OUTER_BOUND('',#405,.T.);
#227=FACE_OUTER_BOUND('',#406,.T.);
#228=FACE_OUTER_BOUND('',#407,.T.);
#229=FACE_OUTER_BOUND('',#408,.T.);
#230=FACE_OUTER_BOUND('',#409,.T.);
#231=FACE_OUTER_BOUND('',#410,.T.);
#232=FACE_OUTER_BOUND('',#411,.T.);
#233=FACE_OUTER_BOUND('',#412,.T.);
#234=FACE_OUTER_BOUND('',#413,.T.);
#235=FACE_OUTER_BOUND('',#414,.T.);
#236=FACE_OUTER_BOUND('',#415,.T.);
#237=FACE_OUTER_BOUND('',#416,.T.);
#238=FACE_OUTER_BOUND('',#417,.T.);
#239=FACE_OUTER_BOUND('',#418,.T.);
#240=FACE_OUTER_BOUND('',#419,.T.);
#241=FACE_OUTER_BOUND('',#420,.T.);
#242=FACE_OUTER_BOUND('',#421,.T.);
#243=FACE_OUTER_BOUND('',#422,.T.);
#244=FACE_OUTER_BOUND('',#423,.T.);
#245=FACE_OUTER_BOUND('',#424,.T.);
#246=FACE_OUTER_BOUND('',#425,.T.);
#247=FACE_OUTER_BOUND('',#426,.T.);
#248=FACE_OUTER_BOUND('',#427,.T.);
#249=FACE_OUTER_BOUND('',#428,.T.);
#250=FACE_OUTER_BOUND('',#429,.T.);
#251=FACE_OUTER_BOUND('',#430,.T.);
#252=FACE_OUTER_BOUND('',#431,.T.);
#253=FACE_OUTER_BOUND('',#432,.T.);
#254=FACE_OUTER_BOUND('',#433,.T.);
#255=FACE_OUTER_BOUND('',#434,.T.);
#256=FACE_OUTER_BOUND('',#435,.T.);
#257=FACE_OUTER_BOUND('',#440,.T.);
#258=FACE_OUTER_BOUND('',#441,.T.);
#259=FACE_OUTER_BOUND('',#442,.T.);
#260=FACE_OUTER_BOUND('',#443,.T.);
#261=FACE_OUTER_BOUND('',#444,.T.);
#262=FACE_OUTER_BOUND('',#445,.T.);
#263=FACE_OUTER_BOUND('',#446,.T.);
#264=FACE_OUTER_BOUND('',#447,.T.);
#265=FACE_OUTER_BOUND('',#448,.T.);
#266=FACE_OUTER_BOUND('',#449,.T.);
#267=FACE_OUTER_BOUND('',#450,.T.);
#268=FACE_OUTER_BOUND('',#451,.T.);
#269=FACE_OUTER_BOUND('',#452,.T.);
#270=FACE_OUTER_BOUND('',#453,.T.);
#271=FACE_OUTER_BOUND('',#454,.T.);
#272=FACE_OUTER_BOUND('',#455,.T.);
#273=FACE_OUTER_BOUND('',#456,.T.);
#274=FACE_OUTER_BOUND('',#457,.T.);
#275=FACE_OUTER_BOUND('',#458,.T.);
#276=FACE_OUTER_BOUND('',#459,.T.);
#277=FACE_OUTER_BOUND('',#460,.T.);
#278=FACE_OUTER_BOUND('',#461,.T.);
#279=FACE_OUTER_BOUND('',#462,.T.);
#280=FACE_OUTER_BOUND('',#463,.T.);
#281=FACE_OUTER_BOUND('',#464,.T.);
#282=FACE_OUTER_BOUND('',#465,.T.);
#283=FACE_OUTER_BOUND('',#466,.T.);
#284=FACE_OUTER_BOUND('',#467,.T.);
#285=FACE_OUTER_BOUND('',#468,.T.);
#286=FACE_OUTER_BOUND('',#469,.T.);
#287=FACE_OUTER_BOUND('',#470,.T.);
#288=FACE_OUTER_BOUND('',#471,.T.);
#289=FACE_OUTER_BOUND('',#472,.T.);
#290=FACE_OUTER_BOUND('',#473,.T.);
#291=FACE_OUTER_BOUND('',#474,.T.);
#292=FACE_OUTER_BOUND('',#475,.T.);
#293=FACE_OUTER_BOUND('',#476,.T.);
#294=FACE_OUTER_BOUND('',#477,.T.);
#295=FACE_OUTER_BOUND('',#478,.T.);
#296=FACE_OUTER_BOUND('',#479,.T.);
#297=FACE_OUTER_BOUND('',#480,.T.);
#298=FACE_OUTER_BOUND('',#481,.T.);
#299=FACE_OUTER_BOUND('',#482,.T.);
#300=FACE_OUTER_BOUND('',#483,.T.);
#301=FACE_OUTER_BOUND('',#484,.T.);
#302=FACE_OUTER_BOUND('',#485,.T.);
#303=FACE_OUTER_BOUND('',#486,.T.);
#304=FACE_OUTER_BOUND('',#487,.T.);
#305=FACE_OUTER_BOUND('',#488,.T.);
#306=FACE_OUTER_BOUND('',#489,.T.);
#307=FACE_OUTER_BOUND('',#490,.T.);
#308=FACE_OUTER_BOUND('',#491,.T.);
#309=FACE_OUTER_BOUND('',#492,.T.);
#310=FACE_OUTER_BOUND('',#493,.T.);
#311=FACE_OUTER_BOUND('',#494,.T.);
#312=FACE_OUTER_BOUND('',#495,.T.);
#313=FACE_OUTER_BOUND('',#496,.T.);
#314=FACE_OUTER_BOUND('',#497,.T.);
#315=FACE_OUTER_BOUND('',#498,.T.);
#316=FACE_OUTER_BOUND('',#501,.T.);
#317=FACE_OUTER_BOUND('',#502,.T.);
#318=FACE_OUTER_BOUND('',#503,.T.);
#319=FACE_OUTER_BOUND('',#504,.T.);
#320=FACE_OUTER_BOUND('',#505,.T.);
#321=FACE_OUTER_BOUND('',#506,.T.);
#322=FACE_OUTER_BOUND('',#507,.T.);
#323=FACE_OUTER_BOUND('',#508,.T.);
#324=FACE_OUTER_BOUND('',#509,.T.);
#325=FACE_OUTER_BOUND('',#510,.T.);
#326=FACE_OUTER_BOUND('',#511,.T.);
#327=FACE_OUTER_BOUND('',#512,.T.);
#328=FACE_OUTER_BOUND('',#513,.T.);
#329=FACE_OUTER_BOUND('',#516,.T.);
#330=FACE_OUTER_BOUND('',#517,.T.);
#331=FACE_OUTER_BOUND('',#518,.T.);
#332=FACE_OUTER_BOUND('',#519,.T.);
#333=FACE_OUTER_BOUND('',#520,.T.);
#334=FACE_OUTER_BOUND('',#521,.T.);
#335=FACE_OUTER_BOUND('',#522,.T.);
#336=FACE_OUTER_BOUND('',#523,.T.);
#337=FACE_OUTER_BOUND('',#524,.T.);
#338=FACE_OUTER_BOUND('',#526,.T.);
#339=FACE_OUTER_BOUND('',#527,.T.);
#340=FACE_OUTER_BOUND('',#528,.T.);
#341=FACE_OUTER_BOUND('',#529,.T.);
#342=FACE_OUTER_BOUND('',#530,.T.);
#343=FACE_OUTER_BOUND('',#531,.T.);
#344=FACE_OUTER_BOUND('',#532,.T.);
#345=FACE_OUTER_BOUND('',#533,.T.);
#346=FACE_OUTER_BOUND('',#534,.T.);
#347=FACE_OUTER_BOUND('',#535,.T.);
#348=FACE_OUTER_BOUND('',#536,.T.);
#349=FACE_OUTER_BOUND('',#537,.T.);
#350=FACE_OUTER_BOUND('',#538,.T.);
#351=FACE_OUTER_BOUND('',#539,.T.);
#352=FACE_OUTER_BOUND('',#540,.T.);
#353=FACE_OUTER_BOUND('',#541,.T.);
#354=FACE_OUTER_BOUND('',#542,.T.);
#355=FACE_OUTER_BOUND('',#543,.T.);
#356=FACE_OUTER_BOUND('',#544,.T.);
#357=FACE_OUTER_BOUND('',#545,.T.);
#358=FACE_OUTER_BOUND('',#546,.T.);
#359=FACE_OUTER_BOUND('',#547,.T.);
#360=FACE_OUTER_BOUND('',#548,.T.);
#361=FACE_OUTER_BOUND('',#549,.T.);
#362=FACE_OUTER_BOUND('',#550,.T.);
#363=FACE_OUTER_BOUND('',#557,.T.);
#364=FACE_OUTER_BOUND('',#560,.T.);
#365=FACE_OUTER_BOUND('',#561,.T.);
#366=FACE_OUTER_BOUND('',#562,.T.);
#367=FACE_OUTER_BOUND('',#563,.T.);
#368=FACE_OUTER_BOUND('',#564,.T.);
#369=FACE_OUTER_BOUND('',#565,.T.);
#370=FACE_OUTER_BOUND('',#566,.T.);
#371=FACE_OUTER_BOUND('',#567,.T.);
#372=FACE_OUTER_BOUND('',#568,.T.);
#373=FACE_OUTER_BOUND('',#570,.T.);
#374=FACE_OUTER_BOUND('',#571,.T.);
#375=EDGE_LOOP('',(#1983,#1984,#1985,#1986));
#376=EDGE_LOOP('',(#1987,#1988,#1989,#1990));
#377=EDGE_LOOP('',(#1991,#1992,#1993,#1994));
#378=EDGE_LOOP('',(#1995,#1996,#1997,#1998));
#379=EDGE_LOOP('',(#1999,#2000,#2001,#2002));
#380=EDGE_LOOP('',(#2003,#2004,#2005,#2006,#2007,#2008));
#381=EDGE_LOOP('',(#2009,#2010,#2011,#2012));
#382=EDGE_LOOP('',(#2013,#2014,#2015,#2016,#2017));
#383=EDGE_LOOP('',(#2018,#2019,#2020,#2021));
#384=EDGE_LOOP('',(#2022,#2023,#2024,#2025,#2026));
#385=EDGE_LOOP('',(#2027,#2028,#2029,#2030));
#386=EDGE_LOOP('',(#2031,#2032,#2033,#2034));
#387=EDGE_LOOP('',(#2035,#2036,#2037,#2038,#2039));
#388=EDGE_LOOP('',(#2040,#2041,#2042,#2043));
#389=EDGE_LOOP('',(#2044,#2045,#2046,#2047,#2048));
#390=EDGE_LOOP('',(#2049,#2050,#2051,#2052));
#391=EDGE_LOOP('',(#2053,#2054,#2055,#2056,#2057,#2058,#2059,#2060,#2061,
#2062,#2063,#2064,#2065,#2066,#2067,#2068));
#392=EDGE_LOOP('',(#2069,#2070,#2071,#2072));
#393=EDGE_LOOP('',(#2073,#2074,#2075,#2076));
#394=EDGE_LOOP('',(#2077,#2078,#2079,#2080));
#395=EDGE_LOOP('',(#2081,#2082,#2083,#2084));
#396=EDGE_LOOP('',(#2085,#2086,#2087,#2088));
#397=EDGE_LOOP('',(#2089,#2090,#2091,#2092));
#398=EDGE_LOOP('',(#2093,#2094,#2095,#2096));
#399=EDGE_LOOP('',(#2097,#2098,#2099,#2100,#2101,#2102,#2103,#2104,#2105,
#2106));
#400=EDGE_LOOP('',(#2107,#2108,#2109,#2110,#2111,#2112,#2113,#2114,#2115,
#2116));
#401=EDGE_LOOP('',(#2117,#2118,#2119,#2120));
#402=EDGE_LOOP('',(#2121,#2122,#2123,#2124));
#403=EDGE_LOOP('',(#2125,#2126,#2127,#2128,#2129));
#404=EDGE_LOOP('',(#2130,#2131,#2132,#2133,#2134));
#405=EDGE_LOOP('',(#2135));
#406=EDGE_LOOP('',(#2136,#2137,#2138,#2139,#2140));
#407=EDGE_LOOP('',(#2141,#2142,#2143,#2144,#2145));
#408=EDGE_LOOP('',(#2146));
#409=EDGE_LOOP('',(#2147,#2148,#2149,#2150,#2151));
#410=EDGE_LOOP('',(#2152,#2153,#2154,#2155,#2156));
#411=EDGE_LOOP('',(#2157));
#412=EDGE_LOOP('',(#2158,#2159,#2160,#2161,#2162));
#413=EDGE_LOOP('',(#2163,#2164,#2165,#2166,#2167));
#414=EDGE_LOOP('',(#2168));
#415=EDGE_LOOP('',(#2169,#2170,#2171));
#416=EDGE_LOOP('',(#2172,#2173,#2174,#2175));
#417=EDGE_LOOP('',(#2176,#2177,#2178));
#418=EDGE_LOOP('',(#2179,#2180,#2181,#2182));
#419=EDGE_LOOP('',(#2183,#2184,#2185));
#420=EDGE_LOOP('',(#2186,#2187,#2188,#2189));
#421=EDGE_LOOP('',(#2190,#2191,#2192,#2193));
#422=EDGE_LOOP('',(#2194,#2195,#2196));
#423=EDGE_LOOP('',(#2197,#2198,#2199,#2200));
#424=EDGE_LOOP('',(#2201,#2202,#2203,#2204));
#425=EDGE_LOOP('',(#2205,#2206,#2207,#2208));
#426=EDGE_LOOP('',(#2209,#2210,#2211,#2212));
#427=EDGE_LOOP('',(#2213,#2214,#2215,#2216));
#428=EDGE_LOOP('',(#2217,#2218,#2219,#2220,#2221,#2222,#2223,#2224));
#429=EDGE_LOOP('',(#2225,#2226,#2227,#2228));
#430=EDGE_LOOP('',(#2229,#2230,#2231,#2232));
#431=EDGE_LOOP('',(#2233,#2234,#2235,#2236,#2237,#2238));
#432=EDGE_LOOP('',(#2239,#2240,#2241,#2242,#2243,#2244));
#433=EDGE_LOOP('',(#2245,#2246,#2247,#2248,#2249,#2250));
#434=EDGE_LOOP('',(#2251,#2252,#2253,#2254,#2255,#2256,#2257,#2258,#2259,
#2260,#2261,#2262));
#435=EDGE_LOOP('',(#2263,#2264,#2265,#2266));
#436=EDGE_LOOP('',(#2267));
#437=EDGE_LOOP('',(#2268));
#438=EDGE_LOOP('',(#2269));
#439=EDGE_LOOP('',(#2270));
#440=EDGE_LOOP('',(#2271,#2272,#2273,#2274));
#441=EDGE_LOOP('',(#2275,#2276,#2277,#2278));
#442=EDGE_LOOP('',(#2279,#2280,#2281,#2282));
#443=EDGE_LOOP('',(#2283,#2284,#2285,#2286));
#444=EDGE_LOOP('',(#2287,#2288,#2289,#2290));
#445=EDGE_LOOP('',(#2291,#2292,#2293,#2294));
#446=EDGE_LOOP('',(#2295,#2296,#2297,#2298));
#447=EDGE_LOOP('',(#2299,#2300,#2301,#2302));
#448=EDGE_LOOP('',(#2303,#2304,#2305,#2306,#2307,#2308,#2309,#2310,#2311,
#2312,#2313,#2314));
#449=EDGE_LOOP('',(#2315,#2316,#2317,#2318));
#450=EDGE_LOOP('',(#2319,#2320,#2321,#2322));
#451=EDGE_LOOP('',(#2323,#2324,#2325,#2326));
#452=EDGE_LOOP('',(#2327,#2328,#2329,#2330,#2331,#2332,#2333,#2334));
#453=EDGE_LOOP('',(#2335,#2336,#2337,#2338));
#454=EDGE_LOOP('',(#2339,#2340,#2341,#2342));
#455=EDGE_LOOP('',(#2343,#2344,#2345,#2346));
#456=EDGE_LOOP('',(#2347,#2348,#2349,#2350));
#457=EDGE_LOOP('',(#2351,#2352,#2353,#2354));
#458=EDGE_LOOP('',(#2355,#2356,#2357,#2358,#2359,#2360,#2361,#2362,#2363,
#2364,#2365,#2366));
#459=EDGE_LOOP('',(#2367,#2368,#2369,#2370,#2371));
#460=EDGE_LOOP('',(#2372,#2373,#2374,#2375,#2376));
#461=EDGE_LOOP('',(#2377));
#462=EDGE_LOOP('',(#2378,#2379,#2380,#2381,#2382));
#463=EDGE_LOOP('',(#2383,#2384,#2385,#2386,#2387));
#464=EDGE_LOOP('',(#2388));
#465=EDGE_LOOP('',(#2389,#2390,#2391,#2392,#2393));
#466=EDGE_LOOP('',(#2394,#2395,#2396,#2397,#2398));
#467=EDGE_LOOP('',(#2399));
#468=EDGE_LOOP('',(#2400,#2401,#2402,#2403,#2404));
#469=EDGE_LOOP('',(#2405,#2406,#2407,#2408,#2409));
#470=EDGE_LOOP('',(#2410));
#471=EDGE_LOOP('',(#2411,#2412,#2413,#2414,#2415));
#472=EDGE_LOOP('',(#2416,#2417,#2418,#2419,#2420));
#473=EDGE_LOOP('',(#2421,#2422,#2423,#2424,#2425,#2426));
#474=EDGE_LOOP('',(#2427,#2428,#2429,#2430,#2431,#2432));
#475=EDGE_LOOP('',(#2433,#2434,#2435,#2436,#2437,#2438));
#476=EDGE_LOOP('',(#2439,#2440,#2441,#2442,#2443,#2444));
#477=EDGE_LOOP('',(#2445,#2446,#2447,#2448));
#478=EDGE_LOOP('',(#2449,#2450,#2451,#2452));
#479=EDGE_LOOP('',(#2453,#2454,#2455,#2456));
#480=EDGE_LOOP('',(#2457,#2458,#2459,#2460,#2461,#2462,#2463,#2464,#2465,
#2466,#2467,#2468,#2469,#2470,#2471,#2472,#2473,#2474,#2475,#2476));
#481=EDGE_LOOP('',(#2477,#2478,#2479,#2480));
#482=EDGE_LOOP('',(#2481,#2482,#2483));
#483=EDGE_LOOP('',(#2484,#2485,#2486));
#484=EDGE_LOOP('',(#2487,#2488,#2489,#2490,#2491,#2492,#2493,#2494,#2495,
#2496));
#485=EDGE_LOOP('',(#2497,#2498,#2499,#2500));
#486=EDGE_LOOP('',(#2501,#2502,#2503,#2504,#2505,#2506,#2507,#2508,#2509,
#2510));
#487=EDGE_LOOP('',(#2511,#2512,#2513,#2514,#2515,#2516,#2517,#2518,#2519,
#2520,#2521,#2522));
#488=EDGE_LOOP('',(#2523,#2524,#2525,#2526));
#489=EDGE_LOOP('',(#2527,#2528,#2529));
#490=EDGE_LOOP('',(#2530,#2531,#2532));
#491=EDGE_LOOP('',(#2533,#2534,#2535,#2536,#2537,#2538,#2539,#2540,#2541,
#2542));
#492=EDGE_LOOP('',(#2543,#2544,#2545,#2546));
#493=EDGE_LOOP('',(#2547,#2548,#2549,#2550));
#494=EDGE_LOOP('',(#2551,#2552,#2553,#2554));
#495=EDGE_LOOP('',(#2555,#2556,#2557,#2558));
#496=EDGE_LOOP('',(#2559,#2560,#2561,#2562));
#497=EDGE_LOOP('',(#2563,#2564,#2565,#2566));
#498=EDGE_LOOP('',(#2567,#2568,#2569,#2570));
#499=EDGE_LOOP('',(#2571));
#500=EDGE_LOOP('',(#2572,#2573,#2574,#2575));
#501=EDGE_LOOP('',(#2576,#2577,#2578));
#502=EDGE_LOOP('',(#2579,#2580,#2581,#2582));
#503=EDGE_LOOP('',(#2583,#2584,#2585));
#504=EDGE_LOOP('',(#2586,#2587,#2588,#2589));
#505=EDGE_LOOP('',(#2590,#2591,#2592));
#506=EDGE_LOOP('',(#2593,#2594,#2595,#2596));
#507=EDGE_LOOP('',(#2597,#2598,#2599,#2600));
#508=EDGE_LOOP('',(#2601,#2602,#2603));
#509=EDGE_LOOP('',(#2604,#2605,#2606,#2607));
#510=EDGE_LOOP('',(#2608,#2609,#2610,#2611));
#511=EDGE_LOOP('',(#2612,#2613,#2614,#2615));
#512=EDGE_LOOP('',(#2616,#2617,#2618,#2619));
#513=EDGE_LOOP('',(#2620,#2621,#2622,#2623));
#514=EDGE_LOOP('',(#2624));
#515=EDGE_LOOP('',(#2625));
#516=EDGE_LOOP('',(#2626,#2627,#2628,#2629,#2630,#2631,#2632,#2633,#2634,
#2635,#2636,#2637));
#517=EDGE_LOOP('',(#2638,#2639,#2640,#2641));
#518=EDGE_LOOP('',(#2642,#2643,#2644,#2645));
#519=EDGE_LOOP('',(#2646,#2647,#2648,#2649));
#520=EDGE_LOOP('',(#2650,#2651,#2652,#2653));
#521=EDGE_LOOP('',(#2654,#2655,#2656,#2657));
#522=EDGE_LOOP('',(#2658,#2659,#2660,#2661));
#523=EDGE_LOOP('',(#2662,#2663,#2664,#2665));
#524=EDGE_LOOP('',(#2666,#2667,#2668,#2669));
#525=EDGE_LOOP('',(#2670,#2671,#2672,#2673));
#526=EDGE_LOOP('',(#2674,#2675,#2676,#2677));
#527=EDGE_LOOP('',(#2678,#2679,#2680,#2681));
#528=EDGE_LOOP('',(#2682,#2683,#2684,#2685));
#529=EDGE_LOOP('',(#2686,#2687,#2688,#2689));
#530=EDGE_LOOP('',(#2690,#2691,#2692,#2693));
#531=EDGE_LOOP('',(#2694,#2695,#2696,#2697));
#532=EDGE_LOOP('',(#2698,#2699,#2700,#2701));
#533=EDGE_LOOP('',(#2702,#2703,#2704,#2705));
#534=EDGE_LOOP('',(#2706,#2707,#2708,#2709));
#535=EDGE_LOOP('',(#2710,#2711,#2712,#2713));
#536=EDGE_LOOP('',(#2714,#2715,#2716,#2717));
#537=EDGE_LOOP('',(#2718,#2719,#2720,#2721,#2722,#2723,#2724,#2725));
#538=EDGE_LOOP('',(#2726,#2727,#2728,#2729,#2730,#2731,#2732,#2733));
#539=EDGE_LOOP('',(#2734,#2735,#2736,#2737));
#540=EDGE_LOOP('',(#2738,#2739,#2740,#2741,#2742,#2743,#2744,#2745));
#541=EDGE_LOOP('',(#2746,#2747,#2748,#2749,#2750,#2751,#2752,#2753));
#542=EDGE_LOOP('',(#2754,#2755,#2756,#2757,#2758,#2759,#2760,#2761));
#543=EDGE_LOOP('',(#2762,#2763,#2764,#2765));
#544=EDGE_LOOP('',(#2766,#2767,#2768,#2769));
#545=EDGE_LOOP('',(#2770,#2771,#2772,#2773,#2774,#2775,#2776,#2777));
#546=EDGE_LOOP('',(#2778,#2779,#2780,#2781,#2782,#2783,#2784,#2785));
#547=EDGE_LOOP('',(#2786,#2787,#2788,#2789));
#548=EDGE_LOOP('',(#2790,#2791,#2792,#2793));
#549=EDGE_LOOP('',(#2794,#2795,#2796,#2797));
#550=EDGE_LOOP('',(#2798,#2799,#2800,#2801));
#551=EDGE_LOOP('',(#2802));
#552=EDGE_LOOP('',(#2803));
#553=EDGE_LOOP('',(#2804));
#554=EDGE_LOOP('',(#2805));
#555=EDGE_LOOP('',(#2806));
#556=EDGE_LOOP('',(#2807,#2808,#2809,#2810));
#557=EDGE_LOOP('',(#2811,#2812,#2813,#2814));
#558=EDGE_LOOP('',(#2815));
#559=EDGE_LOOP('',(#2816));
#560=EDGE_LOOP('',(#2817,#2818,#2819,#2820));
#561=EDGE_LOOP('',(#2821,#2822,#2823,#2824));
#562=EDGE_LOOP('',(#2825,#2826,#2827,#2828,#2829,#2830,#2831,#2832,#2833,
#2834));
#563=EDGE_LOOP('',(#2835,#2836,#2837,#2838,#2839));
#564=EDGE_LOOP('',(#2840,#2841,#2842,#2843,#2844));
#565=EDGE_LOOP('',(#2845));
#566=EDGE_LOOP('',(#2846,#2847,#2848,#2849));
#567=EDGE_LOOP('',(#2850));
#568=EDGE_LOOP('',(#2851));
#569=EDGE_LOOP('',(#2852));
#570=EDGE_LOOP('',(#2853,#2854,#2855,#2856));
#571=EDGE_LOOP('',(#2857));
#572=EDGE_LOOP('',(#2858));
#573=LINE('',#4381,#920);
#574=LINE('',#4383,#921);
#575=LINE('',#4385,#922);
#576=LINE('',#4386,#923);
#577=LINE('',#4390,#924);
#578=LINE('',#4392,#925);
#579=LINE('',#4394,#926);
#580=LINE('',#4395,#927);
#581=LINE('',#4399,#928);
#582=LINE('',#4401,#929);
#583=LINE('',#4403,#930);
#584=LINE('',#4404,#931);
#585=LINE('',#4408,#932);
#586=LINE('',#4410,#933);
#587=LINE('',#4412,#934);
#588=LINE('',#4413,#935);
#589=LINE('',#4416,#936);
#590=LINE('',#4418,#937);
#591=LINE('',#4419,#938);
#592=LINE('',#4423,#939);
#593=LINE('',#4424,#940);
#594=LINE('',#4425,#941);
#595=LINE('',#4426,#942);
#596=LINE('',#4428,#943);
#597=LINE('',#4429,#944);
#598=LINE('',#4433,#945);
#599=LINE('',#4435,#946);
#600=LINE('',#4436,#947);
#601=LINE('',#4437,#948);
#602=LINE('',#4440,#949);
#603=LINE('',#4442,#950);
#604=LINE('',#4443,#951);
#605=LINE('',#4446,#952);
#606=LINE('',#4448,#953);
#607=LINE('',#4450,#954);
#608=LINE('',#4451,#955);
#609=LINE('',#4454,#956);
#610=LINE('',#4456,#957);
#611=LINE('',#4457,#958);
#612=LINE('',#4459,#959);
#613=LINE('',#4460,#960);
#614=LINE('',#4464,#961);
#615=LINE('',#4466,#962);
#616=LINE('',#4467,#963);
#617=LINE('',#4468,#964);
#618=LINE('',#4471,#965);
#619=LINE('',#4473,#966);
#620=LINE('',#4474,#967);
#621=LINE('',#4477,#968);
#622=LINE('',#4479,#969);
#623=LINE('',#4481,#970);
#624=LINE('',#4482,#971);
#625=LINE('',#4484,#972);
#626=LINE('',#4485,#973);
#627=LINE('',#4489,#974);
#628=LINE('',#4491,#975);
#629=LINE('',#4493,#976);
#630=LINE('',#4494,#977);
#631=LINE('',#4497,#978);
#632=LINE('',#4499,#979);
#633=LINE('',#4500,#980);
#634=LINE('',#4503,#981);
#635=LINE('',#4504,#982);
#636=LINE('',#4507,#983);
#637=LINE('',#4509,#984);
#638=LINE('',#4510,#985);
#639=LINE('',#4513,#986);
#640=LINE('',#4515,#987);
#641=LINE('',#4516,#988);
#642=LINE('',#4519,#989);
#643=LINE('',#4521,#990);
#644=LINE('',#4522,#991);
#645=LINE('',#4525,#992);
#646=LINE('',#4526,#993);
#647=LINE('',#4529,#994);
#648=LINE('',#4531,#995);
#649=LINE('',#4535,#996);
#650=LINE('',#4539,#997);
#651=LINE('',#4540,#998);
#652=LINE('',#4543,#999);
#653=LINE('',#4547,#1000);
#654=LINE('',#4550,#1001);
#655=LINE('',#4553,#1002);
#656=LINE('',#4554,#1003);
#657=LINE('',#4557,#1004);
#658=LINE('',#4558,#1005);
#659=LINE('',#4569,#1006);
#660=LINE('',#4582,#1007);
#661=LINE('',#4595,#1008);
#662=LINE('',#4608,#1009);
#663=LINE('',#4619,#1010);
#664=LINE('',#4620,#1011);
#665=LINE('',#4629,#1012);
#666=LINE('',#4630,#1013);
#667=LINE('',#4639,#1014);
#668=LINE('',#4640,#1015);
#669=LINE('',#4642,#1016);
#670=LINE('',#4643,#1017);
#671=LINE('',#4652,#1018);
#672=LINE('',#4653,#1019);
#673=LINE('',#4655,#1020);
#674=LINE('',#4656,#1021);
#675=LINE('',#4658,#1022);
#676=LINE('',#4659,#1023);
#677=LINE('',#4661,#1024);
#678=LINE('',#4662,#1025);
#679=LINE('',#4666,#1026);
#680=LINE('',#4667,#1027);
#681=LINE('',#4670,#1028);
#682=LINE('',#4673,#1029);
#683=LINE('',#4675,#1030);
#684=LINE('',#4679,#1031);
#685=LINE('',#4680,#1032);
#686=LINE('',#4682,#1033);
#687=LINE('',#4689,#1034);
#688=LINE('',#4691,#1035);
#689=LINE('',#4693,#1036);
#690=LINE('',#4694,#1037);
#691=LINE('',#4697,#1038);
#692=LINE('',#4699,#1039);
#693=LINE('',#4700,#1040);
#694=LINE('',#4703,#1041);
#695=LINE('',#4705,#1042);
#696=LINE('',#4706,#1043);
#697=LINE('',#4710,#1044);
#698=LINE('',#4712,#1045);
#699=LINE('',#4714,#1046);
#700=LINE('',#4715,#1047);
#701=LINE('',#4719,#1048);
#702=LINE('',#4721,#1049);
#703=LINE('',#4723,#1050);
#704=LINE('',#4724,#1051);
#705=LINE('',#4726,#1052);
#706=LINE('',#4728,#1053);
#707=LINE('',#4730,#1054);
#708=LINE('',#4732,#1055);
#709=LINE('',#4734,#1056);
#710=LINE('',#4735,#1057);
#711=LINE('',#4736,#1058);
#712=LINE('',#4740,#1059);
#713=LINE('',#4742,#1060);
#714=LINE('',#4744,#1061);
#715=LINE('',#4745,#1062);
#716=LINE('',#4749,#1063);
#717=LINE('',#4751,#1064);
#718=LINE('',#4753,#1065);
#719=LINE('',#4754,#1066);
#720=LINE('',#4758,#1067);
#721=LINE('',#4760,#1068);
#722=LINE('',#4762,#1069);
#723=LINE('',#4763,#1070);
#724=LINE('',#4766,#1071);
#725=LINE('',#4768,#1072);
#726=LINE('',#4769,#1073);
#727=LINE('',#4770,#1074);
#728=LINE('',#4771,#1075);
#729=LINE('',#4775,#1076);
#730=LINE('',#4777,#1077);
#731=LINE('',#4779,#1078);
#732=LINE('',#4780,#1079);
#733=LINE('',#4783,#1080);
#734=LINE('',#4785,#1081);
#735=LINE('',#4786,#1082);
#736=LINE('',#4789,#1083);
#737=LINE('',#4791,#1084);
#738=LINE('',#4792,#1085);
#739=LINE('',#4796,#1086);
#740=LINE('',#4798,#1087);
#741=LINE('',#4800,#1088);
#742=LINE('',#4801,#1089);
#743=LINE('',#4805,#1090);
#744=LINE('',#4807,#1091);
#745=LINE('',#4809,#1092);
#746=LINE('',#4810,#1093);
#747=LINE('',#4812,#1094);
#748=LINE('',#4814,#1095);
#749=LINE('',#4816,#1096);
#750=LINE('',#4818,#1097);
#751=LINE('',#4820,#1098);
#752=LINE('',#4821,#1099);
#753=LINE('',#4822,#1100);
#754=LINE('',#4833,#1101);
#755=LINE('',#4846,#1102);
#756=LINE('',#4859,#1103);
#757=LINE('',#4872,#1104);
#758=LINE('',#4877,#1105);
#759=LINE('',#4879,#1106);
#760=LINE('',#4880,#1107);
#761=LINE('',#4883,#1108);
#762=LINE('',#4885,#1109);
#763=LINE('',#4886,#1110);
#764=LINE('',#4890,#1111);
#765=LINE('',#4891,#1112);
#766=LINE('',#4893,#1113);
#767=LINE('',#4894,#1114);
#768=LINE('',#4898,#1115);
#769=LINE('',#4900,#1116);
#770=LINE('',#4901,#1117);
#771=LINE('',#4902,#1118);
#772=LINE('',#4906,#1119);
#773=LINE('',#4907,#1120);
#774=LINE('',#4909,#1121);
#775=LINE('',#4910,#1122);
#776=LINE('',#4914,#1123);
#777=LINE('',#4916,#1124);
#778=LINE('',#4917,#1125);
#779=LINE('',#4918,#1126);
#780=LINE('',#4921,#1127);
#781=LINE('',#4922,#1128);
#782=LINE('',#4925,#1129);
#783=LINE('',#4926,#1130);
#784=LINE('',#4929,#1131);
#785=LINE('',#4931,#1132);
#786=LINE('',#4932,#1133);
#787=LINE('',#4935,#1134);
#788=LINE('',#4937,#1135);
#789=LINE('',#4938,#1136);
#790=LINE('',#4940,#1137);
#791=LINE('',#4942,#1138);
#792=LINE('',#4944,#1139);
#793=LINE('',#4946,#1140);
#794=LINE('',#4947,#1141);
#795=LINE('',#4949,#1142);
#796=LINE('',#4951,#1143);
#797=LINE('',#4952,#1144);
#798=LINE('',#4955,#1145);
#799=LINE('',#4956,#1146);
#800=LINE('',#4958,#1147);
#801=LINE('',#4960,#1148);
#802=LINE('',#4963,#1149);
#803=LINE('',#4965,#1150);
#804=LINE('',#4966,#1151);
#805=LINE('',#4968,#1152);
#806=LINE('',#4970,#1153);
#807=LINE('',#4972,#1154);
#808=LINE('',#4973,#1155);
#809=LINE('',#4976,#1156);
#810=LINE('',#4978,#1157);
#811=LINE('',#4979,#1158);
#812=LINE('',#4982,#1159);
#813=LINE('',#4984,#1160);
#814=LINE('',#4988,#1161);
#815=LINE('',#4992,#1162);
#816=LINE('',#4993,#1163);
#817=LINE('',#4996,#1164);
#818=LINE('',#4998,#1165);
#819=LINE('',#5000,#1166);
#820=LINE('',#5002,#1167);
#821=LINE('',#5003,#1168);
#822=LINE('',#5005,#1169);
#823=LINE('',#5007,#1170);
#824=LINE('',#5008,#1171);
#825=LINE('',#5011,#1172);
#826=LINE('',#5012,#1173);
#827=LINE('',#5014,#1174);
#828=LINE('',#5016,#1175);
#829=LINE('',#5019,#1176);
#830=LINE('',#5021,#1177);
#831=LINE('',#5022,#1178);
#832=LINE('',#5024,#1179);
#833=LINE('',#5026,#1180);
#834=LINE('',#5028,#1181);
#835=LINE('',#5029,#1182);
#836=LINE('',#5033,#1183);
#837=LINE('',#5037,#1184);
#838=LINE('',#5041,#1185);
#839=LINE('',#5044,#1186);
#840=LINE('',#5047,#1187);
#841=LINE('',#5049,#1188);
#842=LINE('',#5052,#1189);
#843=LINE('',#5053,#1190);
#844=LINE('',#5056,#1191);
#845=LINE('',#5058,#1192);
#846=LINE('',#5059,#1193);
#847=LINE('',#5062,#1194);
#848=LINE('',#5063,#1195);
#849=LINE('',#5067,#1196);
#850=LINE('',#5069,#1197);
#851=LINE('',#5071,#1198);
#852=LINE('',#5072,#1199);
#853=LINE('',#5082,#1200);
#854=LINE('',#5083,#1201);
#855=LINE('',#5094,#1202);
#856=LINE('',#5095,#1203);
#857=LINE('',#5103,#1204);
#858=LINE('',#5104,#1205);
#859=LINE('',#5106,#1206);
#860=LINE('',#5117,#1207);
#861=LINE('',#5118,#1208);
#862=LINE('',#5120,#1209);
#863=LINE('',#5122,#1210);
#864=LINE('',#5124,#1211);
#865=LINE('',#5132,#1212);
#866=LINE('',#5134,#1213);
#867=LINE('',#5136,#1214);
#868=LINE('',#5137,#1215);
#869=LINE('',#5139,#1216);
#870=LINE('',#5141,#1217);
#871=LINE('',#5142,#1218);
#872=LINE('',#5146,#1219);
#873=LINE('',#5149,#1220);
#874=LINE('',#5150,#1221);
#875=LINE('',#5152,#1222);
#876=LINE('',#5156,#1223);
#877=LINE('',#5158,#1224);
#878=LINE('',#5160,#1225);
#879=LINE('',#5161,#1226);
#880=LINE('',#5164,#1227);
#881=LINE('',#5166,#1228);
#882=LINE('',#5167,#1229);
#883=LINE('',#5170,#1230);
#884=LINE('',#5172,#1231);
#885=LINE('',#5173,#1232);
#886=LINE('',#5175,#1233);
#887=LINE('',#5176,#1234);
#888=LINE('',#5179,#1235);
#889=LINE('',#5180,#1236);
#890=LINE('',#5182,#1237);
#891=LINE('',#5186,#1238);
#892=LINE('',#5187,#1239);
#893=LINE('',#5189,#1240);
#894=LINE('',#5194,#1241);
#895=LINE('',#5195,#1242);
#896=LINE('',#5198,#1243);
#897=LINE('',#5199,#1244);
#898=LINE('',#5201,#1245);
#899=LINE('',#5204,#1246);
#900=LINE('',#5205,#1247);
#901=LINE('',#5208,#1248);
#902=LINE('',#5210,#1249);
#903=LINE('',#5211,#1250);
#904=LINE('',#5213,#1251);
#905=LINE('',#5215,#1252);
#906=LINE('',#5217,#1253);
#907=LINE('',#5218,#1254);
#908=LINE('',#5219,#1255);
#909=LINE('',#5221,#1256);
#910=LINE('',#5225,#1257);
#911=LINE('',#5227,#1258);
#912=LINE('',#5231,#1259);
#913=LINE('',#5235,#1260);
#914=LINE('',#5238,#1261);
#915=LINE('',#5239,#1262);
#916=LINE('',#5243,#1263);
#917=LINE('',#5256,#1264);
#918=LINE('',#5263,#1265);
#919=LINE('',#5272,#1266);
#920=VECTOR('',#3483,10.);
#921=VECTOR('',#3484,10.);
#922=VECTOR('',#3485,10.);
#923=VECTOR('',#3486,10.);
#924=VECTOR('',#3489,10.);
#925=VECTOR('',#3490,10.);
#926=VECTOR('',#3491,10.);
#927=VECTOR('',#3492,10.);
#928=VECTOR('',#3495,10.);
#929=VECTOR('',#3496,10.);
#930=VECTOR('',#3497,10.);
#931=VECTOR('',#3498,10.);
#932=VECTOR('',#3501,10.);
#933=VECTOR('',#3502,10.);
#934=VECTOR('',#3503,10.);
#935=VECTOR('',#3504,10.);
#936=VECTOR('',#3507,10.);
#937=VECTOR('',#3508,10.);
#938=VECTOR('',#3509,10.);
#939=VECTOR('',#3512,10.);
#940=VECTOR('',#3513,10.);
#941=VECTOR('',#3514,10.);
#942=VECTOR('',#3515,10.);
#943=VECTOR('',#3518,10.);
#944=VECTOR('',#3519,10.);
#945=VECTOR('',#3522,10.);
#946=VECTOR('',#3523,10.);
#947=VECTOR('',#3524,10.);
#948=VECTOR('',#3525,10.);
#949=VECTOR('',#3528,10.);
#950=VECTOR('',#3529,10.);
#951=VECTOR('',#3530,10.);
#952=VECTOR('',#3533,10.);
#953=VECTOR('',#3534,10.);
#954=VECTOR('',#3535,10.);
#955=VECTOR('',#3536,10.);
#956=VECTOR('',#3539,10.);
#957=VECTOR('',#3540,10.);
#958=VECTOR('',#3541,10.);
#959=VECTOR('',#3544,10.);
#960=VECTOR('',#3545,10.);
#961=VECTOR('',#3548,10.);
#962=VECTOR('',#3549,10.);
#963=VECTOR('',#3550,10.);
#964=VECTOR('',#3551,10.);
#965=VECTOR('',#3554,10.);
#966=VECTOR('',#3555,10.);
#967=VECTOR('',#3556,10.);
#968=VECTOR('',#3559,10.);
#969=VECTOR('',#3560,10.);
#970=VECTOR('',#3561,10.);
#971=VECTOR('',#3562,10.);
#972=VECTOR('',#3565,10.);
#973=VECTOR('',#3566,10.);
#974=VECTOR('',#3569,10.);
#975=VECTOR('',#3570,10.);
#976=VECTOR('',#3571,10.);
#977=VECTOR('',#3572,10.);
#978=VECTOR('',#3575,10.);
#979=VECTOR('',#3576,10.);
#980=VECTOR('',#3577,10.);
#981=VECTOR('',#3580,10.);
#982=VECTOR('',#3581,10.);
#983=VECTOR('',#3584,10.);
#984=VECTOR('',#3585,10.);
#985=VECTOR('',#3586,10.);
#986=VECTOR('',#3589,10.);
#987=VECTOR('',#3590,10.);
#988=VECTOR('',#3591,10.);
#989=VECTOR('',#3594,10.);
#990=VECTOR('',#3595,10.);
#991=VECTOR('',#3596,10.);
#992=VECTOR('',#3599,10.);
#993=VECTOR('',#3600,10.);
#994=VECTOR('',#3603,10.);
#995=VECTOR('',#3604,10.);
#996=VECTOR('',#3607,10.);
#997=VECTOR('',#3610,10.);
#998=VECTOR('',#3611,10.);
#999=VECTOR('',#3614,10.);
#1000=VECTOR('',#3617,10.);
#1001=VECTOR('',#3620,10.);
#1002=VECTOR('',#3623,10.);
#1003=VECTOR('',#3624,10.);
#1004=VECTOR('',#3627,10.);
#1005=VECTOR('',#3628,10.);
#1006=VECTOR('',#3641,1.75000000000001);
#1007=VECTOR('',#3658,3.);
#1008=VECTOR('',#3675,3.);
#1009=VECTOR('',#3692,2.99999999999999);
#1010=VECTOR('',#3707,10.);
#1011=VECTOR('',#3708,10.);
#1012=VECTOR('',#3719,10.);
#1013=VECTOR('',#3720,10.);
#1014=VECTOR('',#3731,10.);
#1015=VECTOR('',#3732,10.);
#1016=VECTOR('',#3735,10.);
#1017=VECTOR('',#3736,10.);
#1018=VECTOR('',#3747,10.);
#1019=VECTOR('',#3748,10.);
#1020=VECTOR('',#3751,10.);
#1021=VECTOR('',#3752,10.);
#1022=VECTOR('',#3755,10.);
#1023=VECTOR('',#3756,10.);
#1024=VECTOR('',#3759,10.);
#1025=VECTOR('',#3760,10.);
#1026=VECTOR('',#3765,10.);
#1027=VECTOR('',#3766,10.);
#1028=VECTOR('',#3771,10.);
#1029=VECTOR('',#3776,10.);
#1030=VECTOR('',#3779,10.);
#1031=VECTOR('',#3784,10.);
#1032=VECTOR('',#3785,10.);
#1033=VECTOR('',#3788,10.);
#1034=VECTOR('',#3797,10.);
#1035=VECTOR('',#3798,10.);
#1036=VECTOR('',#3799,10.);
#1037=VECTOR('',#3800,10.);
#1038=VECTOR('',#3803,10.);
#1039=VECTOR('',#3804,10.);
#1040=VECTOR('',#3805,10.);
#1041=VECTOR('',#3808,10.);
#1042=VECTOR('',#3809,10.);
#1043=VECTOR('',#3810,10.);
#1044=VECTOR('',#3813,10.);
#1045=VECTOR('',#3814,10.);
#1046=VECTOR('',#3815,10.);
#1047=VECTOR('',#3816,10.);
#1048=VECTOR('',#3819,10.);
#1049=VECTOR('',#3820,10.);
#1050=VECTOR('',#3821,10.);
#1051=VECTOR('',#3822,10.);
#1052=VECTOR('',#3825,10.);
#1053=VECTOR('',#3826,10.);
#1054=VECTOR('',#3827,10.);
#1055=VECTOR('',#3828,10.);
#1056=VECTOR('',#3829,10.);
#1057=VECTOR('',#3830,10.);
#1058=VECTOR('',#3831,10.);
#1059=VECTOR('',#3834,10.);
#1060=VECTOR('',#3835,10.);
#1061=VECTOR('',#3836,10.);
#1062=VECTOR('',#3837,10.);
#1063=VECTOR('',#3840,10.);
#1064=VECTOR('',#3841,10.);
#1065=VECTOR('',#3842,10.);
#1066=VECTOR('',#3843,10.);
#1067=VECTOR('',#3846,10.);
#1068=VECTOR('',#3847,10.);
#1069=VECTOR('',#3848,10.);
#1070=VECTOR('',#3849,10.);
#1071=VECTOR('',#3852,10.);
#1072=VECTOR('',#3853,10.);
#1073=VECTOR('',#3854,10.);
#1074=VECTOR('',#3855,10.);
#1075=VECTOR('',#3856,10.);
#1076=VECTOR('',#3859,10.);
#1077=VECTOR('',#3860,10.);
#1078=VECTOR('',#3861,10.);
#1079=VECTOR('',#3862,10.);
#1080=VECTOR('',#3865,10.);
#1081=VECTOR('',#3866,10.);
#1082=VECTOR('',#3867,10.);
#1083=VECTOR('',#3870,10.);
#1084=VECTOR('',#3871,10.);
#1085=VECTOR('',#3872,10.);
#1086=VECTOR('',#3875,10.);
#1087=VECTOR('',#3876,10.);
#1088=VECTOR('',#3877,10.);
#1089=VECTOR('',#3878,10.);
#1090=VECTOR('',#3881,10.);
#1091=VECTOR('',#3882,10.);
#1092=VECTOR('',#3883,10.);
#1093=VECTOR('',#3884,10.);
#1094=VECTOR('',#3887,10.);
#1095=VECTOR('',#3888,10.);
#1096=VECTOR('',#3889,10.);
#1097=VECTOR('',#3890,10.);
#1098=VECTOR('',#3891,10.);
#1099=VECTOR('',#3892,10.);
#1100=VECTOR('',#3893,10.);
#1101=VECTOR('',#3906,2.99999999999999);
#1102=VECTOR('',#3923,1.75000000000001);
#1103=VECTOR('',#3940,1.75);
#1104=VECTOR('',#3957,3.);
#1105=VECTOR('',#3964,10.);
#1106=VECTOR('',#3965,10.);
#1107=VECTOR('',#3966,10.);
#1108=VECTOR('',#3969,10.);
#1109=VECTOR('',#3970,10.);
#1110=VECTOR('',#3971,10.);
#1111=VECTOR('',#3974,10.);
#1112=VECTOR('',#3975,10.);
#1113=VECTOR('',#3976,10.);
#1114=VECTOR('',#3977,10.);
#1115=VECTOR('',#3980,10.);
#1116=VECTOR('',#3981,10.);
#1117=VECTOR('',#3982,10.);
#1118=VECTOR('',#3983,10.);
#1119=VECTOR('',#3986,10.);
#1120=VECTOR('',#3987,10.);
#1121=VECTOR('',#3988,10.);
#1122=VECTOR('',#3989,10.);
#1123=VECTOR('',#3992,10.);
#1124=VECTOR('',#3993,10.);
#1125=VECTOR('',#3994,10.);
#1126=VECTOR('',#3995,10.);
#1127=VECTOR('',#3998,10.);
#1128=VECTOR('',#3999,10.);
#1129=VECTOR('',#4002,10.);
#1130=VECTOR('',#4003,10.);
#1131=VECTOR('',#4006,10.);
#1132=VECTOR('',#4007,10.);
#1133=VECTOR('',#4008,10.);
#1134=VECTOR('',#4011,10.);
#1135=VECTOR('',#4012,10.);
#1136=VECTOR('',#4013,10.);
#1137=VECTOR('',#4014,10.);
#1138=VECTOR('',#4015,10.);
#1139=VECTOR('',#4016,10.);
#1140=VECTOR('',#4017,10.);
#1141=VECTOR('',#4018,10.);
#1142=VECTOR('',#4019,10.);
#1143=VECTOR('',#4020,10.);
#1144=VECTOR('',#4021,10.);
#1145=VECTOR('',#4024,10.);
#1146=VECTOR('',#4025,10.);
#1147=VECTOR('',#4028,10.);
#1148=VECTOR('',#4031,10.);
#1149=VECTOR('',#4034,10.);
#1150=VECTOR('',#4035,10.);
#1151=VECTOR('',#4036,10.);
#1152=VECTOR('',#4037,10.);
#1153=VECTOR('',#4038,10.);
#1154=VECTOR('',#4039,10.);
#1155=VECTOR('',#4040,10.);
#1156=VECTOR('',#4043,10.);
#1157=VECTOR('',#4044,10.);
#1158=VECTOR('',#4045,10.);
#1159=VECTOR('',#4048,10.);
#1160=VECTOR('',#4049,10.);
#1161=VECTOR('',#4052,10.);
#1162=VECTOR('',#4055,10.);
#1163=VECTOR('',#4056,10.);
#1164=VECTOR('',#4059,10.);
#1165=VECTOR('',#4060,10.);
#1166=VECTOR('',#4061,10.);
#1167=VECTOR('',#4062,10.);
#1168=VECTOR('',#4063,10.);
#1169=VECTOR('',#4064,10.);
#1170=VECTOR('',#4065,10.);
#1171=VECTOR('',#4066,10.);
#1172=VECTOR('',#4069,10.);
#1173=VECTOR('',#4070,10.);
#1174=VECTOR('',#4073,10.);
#1175=VECTOR('',#4076,10.);
#1176=VECTOR('',#4079,10.);
#1177=VECTOR('',#4080,10.);
#1178=VECTOR('',#4081,10.);
#1179=VECTOR('',#4082,10.);
#1180=VECTOR('',#4083,10.);
#1181=VECTOR('',#4084,10.);
#1182=VECTOR('',#4085,10.);
#1183=VECTOR('',#4088,10.);
#1184=VECTOR('',#4091,10.);
#1185=VECTOR('',#4096,10.);
#1186=VECTOR('',#4099,10.);
#1187=VECTOR('',#4102,10.);
#1188=VECTOR('',#4103,10.);
#1189=VECTOR('',#4108,10.);
#1190=VECTOR('',#4109,10.);
#1191=VECTOR('',#4112,10.);
#1192=VECTOR('',#4113,10.);
#1193=VECTOR('',#4114,10.);
#1194=VECTOR('',#4117,10.);
#1195=VECTOR('',#4118,10.);
#1196=VECTOR('',#4121,10.);
#1197=VECTOR('',#4122,10.);
#1198=VECTOR('',#4123,10.);
#1199=VECTOR('',#4124,10.);
#1200=VECTOR('',#4137,10.);
#1201=VECTOR('',#4138,10.);
#1202=VECTOR('',#4151,10.);
#1203=VECTOR('',#4152,10.);
#1204=VECTOR('',#4163,10.);
#1205=VECTOR('',#4164,10.);
#1206=VECTOR('',#4167,10.);
#1207=VECTOR('',#4180,10.);
#1208=VECTOR('',#4181,10.);
#1209=VECTOR('',#4184,10.);
#1210=VECTOR('',#4187,10.);
#1211=VECTOR('',#4190,10.);
#1212=VECTOR('',#4199,10.);
#1213=VECTOR('',#4200,10.);
#1214=VECTOR('',#4201,10.);
#1215=VECTOR('',#4202,10.);
#1216=VECTOR('',#4203,10.);
#1217=VECTOR('',#4204,10.);
#1218=VECTOR('',#4205,10.);
#1219=VECTOR('',#4210,2.64999999999999);
#1220=VECTOR('',#4213,10.);
#1221=VECTOR('',#4214,10.);
#1222=VECTOR('',#4217,10.);
#1223=VECTOR('',#4220,10.);
#1224=VECTOR('',#4221,10.);
#1225=VECTOR('',#4222,10.);
#1226=VECTOR('',#4223,10.);
#1227=VECTOR('',#4226,10.);
#1228=VECTOR('',#4227,10.);
#1229=VECTOR('',#4228,10.);
#1230=VECTOR('',#4231,10.);
#1231=VECTOR('',#4232,10.);
#1232=VECTOR('',#4233,10.);
#1233=VECTOR('',#4236,10.);
#1234=VECTOR('',#4237,10.);
#1235=VECTOR('',#4242,10.);
#1236=VECTOR('',#4243,10.);
#1237=VECTOR('',#4246,10.);
#1238=VECTOR('',#4253,10.);
#1239=VECTOR('',#4254,10.);
#1240=VECTOR('',#4257,10.);
#1241=VECTOR('',#4264,10.);
#1242=VECTOR('',#4265,10.);
#1243=VECTOR('',#4268,10.);
#1244=VECTOR('',#4269,10.);
#1245=VECTOR('',#4272,10.);
#1246=VECTOR('',#4275,10.);
#1247=VECTOR('',#4276,10.);
#1248=VECTOR('',#4279,10.);
#1249=VECTOR('',#4280,10.);
#1250=VECTOR('',#4281,10.);
#1251=VECTOR('',#4284,10.);
#1252=VECTOR('',#4287,10.);
#1253=VECTOR('',#4290,10.);
#1254=VECTOR('',#4291,10.);
#1255=VECTOR('',#4292,10.);
#1256=VECTOR('',#4295,10.);
#1257=VECTOR('',#4302,10.);
#1258=VECTOR('',#4305,10.);
#1259=VECTOR('',#4310,6.25);
#1260=VECTOR('',#4315,6.25);
#1261=VECTOR('',#4320,10.);
#1262=VECTOR('',#4321,10.);
#1263=VECTOR('',#4328,10.);
#1264=VECTOR('',#4345,2.44999999999999);
#1265=VECTOR('',#4354,1.99999999999999);
#1266=VECTOR('',#4367,4.);
#1267=VERTEX_POINT('',#4379);
#1268=VERTEX_POINT('',#4380);
#1269=VERTEX_POINT('',#4382);
#1270=VERTEX_POINT('',#4384);
#1271=VERTEX_POINT('',#4388);
#1272=VERTEX_POINT('',#4389);
#1273=VERTEX_POINT('',#4391);
#1274=VERTEX_POINT('',#4393);
#1275=VERTEX_POINT('',#4397);
#1276=VERTEX_POINT('',#4398);
#1277=VERTEX_POINT('',#4400);
#1278=VERTEX_POINT('',#4402);
#1279=VERTEX_POINT('',#4406);
#1280=VERTEX_POINT('',#4407);
#1281=VERTEX_POINT('',#4409);
#1282=VERTEX_POINT('',#4411);
#1283=VERTEX_POINT('',#4415);
#1284=VERTEX_POINT('',#4417);
#1285=VERTEX_POINT('',#4421);
#1286=VERTEX_POINT('',#4422);
#1287=VERTEX_POINT('',#4431);
#1288=VERTEX_POINT('',#4432);
#1289=VERTEX_POINT('',#4434);
#1290=VERTEX_POINT('',#4439);
#1291=VERTEX_POINT('',#4441);
#1292=VERTEX_POINT('',#4445);
#1293=VERTEX_POINT('',#4447);
#1294=VERTEX_POINT('',#4449);
#1295=VERTEX_POINT('',#4453);
#1296=VERTEX_POINT('',#4455);
#1297=VERTEX_POINT('',#4462);
#1298=VERTEX_POINT('',#4463);
#1299=VERTEX_POINT('',#4465);
#1300=VERTEX_POINT('',#4470);
#1301=VERTEX_POINT('',#4472);
#1302=VERTEX_POINT('',#4476);
#1303=VERTEX_POINT('',#4478);
#1304=VERTEX_POINT('',#4480);
#1305=VERTEX_POINT('',#4487);
#1306=VERTEX_POINT('',#4488);
#1307=VERTEX_POINT('',#4490);
#1308=VERTEX_POINT('',#4492);
#1309=VERTEX_POINT('',#4496);
#1310=VERTEX_POINT('',#4498);
#1311=VERTEX_POINT('',#4502);
#1312=VERTEX_POINT('',#4506);
#1313=VERTEX_POINT('',#4508);
#1314=VERTEX_POINT('',#4512);
#1315=VERTEX_POINT('',#4514);
#1316=VERTEX_POINT('',#4518);
#1317=VERTEX_POINT('',#4520);
#1318=VERTEX_POINT('',#4524);
#1319=VERTEX_POINT('',#4528);
#1320=VERTEX_POINT('',#4530);
#1321=VERTEX_POINT('',#4532);
#1322=VERTEX_POINT('',#4534);
#1323=VERTEX_POINT('',#4536);
#1324=VERTEX_POINT('',#4538);
#1325=VERTEX_POINT('',#4542);
#1326=VERTEX_POINT('',#4544);
#1327=VERTEX_POINT('',#4546);
#1328=VERTEX_POINT('',#4548);
#1329=VERTEX_POINT('',#4552);
#1330=VERTEX_POINT('',#4556);
#1331=VERTEX_POINT('',#4560);
#1332=VERTEX_POINT('',#4562);
#1333=VERTEX_POINT('',#4564);
#1334=VERTEX_POINT('',#4568);
#1335=VERTEX_POINT('',#4573);
#1336=VERTEX_POINT('',#4575);
#1337=VERTEX_POINT('',#4577);
#1338=VERTEX_POINT('',#4581);
#1339=VERTEX_POINT('',#4586);
#1340=VERTEX_POINT('',#4588);
#1341=VERTEX_POINT('',#4590);
#1342=VERTEX_POINT('',#4594);
#1343=VERTEX_POINT('',#4599);
#1344=VERTEX_POINT('',#4601);
#1345=VERTEX_POINT('',#4603);
#1346=VERTEX_POINT('',#4607);
#1347=VERTEX_POINT('',#4612);
#1348=VERTEX_POINT('',#4613);
#1349=VERTEX_POINT('',#4615);
#1350=VERTEX_POINT('',#4622);
#1351=VERTEX_POINT('',#4623);
#1352=VERTEX_POINT('',#4625);
#1353=VERTEX_POINT('',#4632);
#1354=VERTEX_POINT('',#4633);
#1355=VERTEX_POINT('',#4635);
#1356=VERTEX_POINT('',#4645);
#1357=VERTEX_POINT('',#4646);
#1358=VERTEX_POINT('',#4648);
#1359=VERTEX_POINT('',#4665);
#1360=VERTEX_POINT('',#4678);
#1361=VERTEX_POINT('',#4687);
#1362=VERTEX_POINT('',#4688);
#1363=VERTEX_POINT('',#4690);
#1364=VERTEX_POINT('',#4692);
#1365=VERTEX_POINT('',#4696);
#1366=VERTEX_POINT('',#4698);
#1367=VERTEX_POINT('',#4702);
#1368=VERTEX_POINT('',#4704);
#1369=VERTEX_POINT('',#4708);
#1370=VERTEX_POINT('',#4709);
#1371=VERTEX_POINT('',#4711);
#1372=VERTEX_POINT('',#4713);
#1373=VERTEX_POINT('',#4717);
#1374=VERTEX_POINT('',#4718);
#1375=VERTEX_POINT('',#4720);
#1376=VERTEX_POINT('',#4722);
#1377=VERTEX_POINT('',#4727);
#1378=VERTEX_POINT('',#4729);
#1379=VERTEX_POINT('',#4731);
#1380=VERTEX_POINT('',#4733);
#1381=VERTEX_POINT('',#4738);
#1382=VERTEX_POINT('',#4739);
#1383=VERTEX_POINT('',#4741);
#1384=VERTEX_POINT('',#4743);
#1385=VERTEX_POINT('',#4747);
#1386=VERTEX_POINT('',#4748);
#1387=VERTEX_POINT('',#4750);
#1388=VERTEX_POINT('',#4752);
#1389=VERTEX_POINT('',#4756);
#1390=VERTEX_POINT('',#4757);
#1391=VERTEX_POINT('',#4759);
#1392=VERTEX_POINT('',#4761);
#1393=VERTEX_POINT('',#4765);
#1394=VERTEX_POINT('',#4767);
#1395=VERTEX_POINT('',#4773);
#1396=VERTEX_POINT('',#4774);
#1397=VERTEX_POINT('',#4776);
#1398=VERTEX_POINT('',#4778);
#1399=VERTEX_POINT('',#4782);
#1400=VERTEX_POINT('',#4784);
#1401=VERTEX_POINT('',#4788);
#1402=VERTEX_POINT('',#4790);
#1403=VERTEX_POINT('',#4794);
#1404=VERTEX_POINT('',#4795);
#1405=VERTEX_POINT('',#4797);
#1406=VERTEX_POINT('',#4799);
#1407=VERTEX_POINT('',#4803);
#1408=VERTEX_POINT('',#4804);
#1409=VERTEX_POINT('',#4806);
#1410=VERTEX_POINT('',#4808);
#1411=VERTEX_POINT('',#4813);
#1412=VERTEX_POINT('',#4815);
#1413=VERTEX_POINT('',#4817);
#1414=VERTEX_POINT('',#4819);
#1415=VERTEX_POINT('',#4824);
#1416=VERTEX_POINT('',#4826);
#1417=VERTEX_POINT('',#4828);
#1418=VERTEX_POINT('',#4832);
#1419=VERTEX_POINT('',#4837);
#1420=VERTEX_POINT('',#4839);
#1421=VERTEX_POINT('',#4841);
#1422=VERTEX_POINT('',#4845);
#1423=VERTEX_POINT('',#4850);
#1424=VERTEX_POINT('',#4852);
#1425=VERTEX_POINT('',#4854);
#1426=VERTEX_POINT('',#4858);
#1427=VERTEX_POINT('',#4863);
#1428=VERTEX_POINT('',#4865);
#1429=VERTEX_POINT('',#4867);
#1430=VERTEX_POINT('',#4871);
#1431=VERTEX_POINT('',#4876);
#1432=VERTEX_POINT('',#4878);
#1433=VERTEX_POINT('',#4882);
#1434=VERTEX_POINT('',#4884);
#1435=VERTEX_POINT('',#4888);
#1436=VERTEX_POINT('',#4889);
#1437=VERTEX_POINT('',#4892);
#1438=VERTEX_POINT('',#4896);
#1439=VERTEX_POINT('',#4897);
#1440=VERTEX_POINT('',#4899);
#1441=VERTEX_POINT('',#4904);
#1442=VERTEX_POINT('',#4905);
#1443=VERTEX_POINT('',#4908);
#1444=VERTEX_POINT('',#4912);
#1445=VERTEX_POINT('',#4913);
#1446=VERTEX_POINT('',#4915);
#1447=VERTEX_POINT('',#4920);
#1448=VERTEX_POINT('',#4924);
#1449=VERTEX_POINT('',#4928);
#1450=VERTEX_POINT('',#4930);
#1451=VERTEX_POINT('',#4934);
#1452=VERTEX_POINT('',#4936);
#1453=VERTEX_POINT('',#4939);
#1454=VERTEX_POINT('',#4941);
#1455=VERTEX_POINT('',#4943);
#1456=VERTEX_POINT('',#4945);
#1457=VERTEX_POINT('',#4948);
#1458=VERTEX_POINT('',#4950);
#1459=VERTEX_POINT('',#4954);
#1460=VERTEX_POINT('',#4962);
#1461=VERTEX_POINT('',#4964);
#1462=VERTEX_POINT('',#4967);
#1463=VERTEX_POINT('',#4969);
#1464=VERTEX_POINT('',#4971);
#1465=VERTEX_POINT('',#4975);
#1466=VERTEX_POINT('',#4977);
#1467=VERTEX_POINT('',#4981);
#1468=VERTEX_POINT('',#4983);
#1469=VERTEX_POINT('',#4985);
#1470=VERTEX_POINT('',#4987);
#1471=VERTEX_POINT('',#4989);
#1472=VERTEX_POINT('',#4991);
#1473=VERTEX_POINT('',#4995);
#1474=VERTEX_POINT('',#4997);
#1475=VERTEX_POINT('',#4999);
#1476=VERTEX_POINT('',#5001);
#1477=VERTEX_POINT('',#5004);
#1478=VERTEX_POINT('',#5006);
#1479=VERTEX_POINT('',#5010);
#1480=VERTEX_POINT('',#5018);
#1481=VERTEX_POINT('',#5020);
#1482=VERTEX_POINT('',#5023);
#1483=VERTEX_POINT('',#5025);
#1484=VERTEX_POINT('',#5027);
#1485=VERTEX_POINT('',#5031);
#1486=VERTEX_POINT('',#5032);
#1487=VERTEX_POINT('',#5034);
#1488=VERTEX_POINT('',#5036);
#1489=VERTEX_POINT('',#5040);
#1490=VERTEX_POINT('',#5042);
#1491=VERTEX_POINT('',#5046);
#1492=VERTEX_POINT('',#5048);
#1493=VERTEX_POINT('',#5055);
#1494=VERTEX_POINT('',#5057);
#1495=VERTEX_POINT('',#5061);
#1496=VERTEX_POINT('',#5065);
#1497=VERTEX_POINT('',#5066);
#1498=VERTEX_POINT('',#5068);
#1499=VERTEX_POINT('',#5070);
#1500=VERTEX_POINT('',#5073);
#1501=VERTEX_POINT('',#5076);
#1502=VERTEX_POINT('',#5078);
#1503=VERTEX_POINT('',#5085);
#1504=VERTEX_POINT('',#5087);
#1505=VERTEX_POINT('',#5091);
#1506=VERTEX_POINT('',#5092);
#1507=VERTEX_POINT('',#5097);
#1508=VERTEX_POINT('',#5099);
#1509=VERTEX_POINT('',#5108);
#1510=VERTEX_POINT('',#5110);
#1511=VERTEX_POINT('',#5114);
#1512=VERTEX_POINT('',#5115);
#1513=VERTEX_POINT('',#5126);
#1514=VERTEX_POINT('',#5128);
#1515=VERTEX_POINT('',#5131);
#1516=VERTEX_POINT('',#5133);
#1517=VERTEX_POINT('',#5135);
#1518=VERTEX_POINT('',#5138);
#1519=VERTEX_POINT('',#5140);
#1520=VERTEX_POINT('',#5144);
#1521=VERTEX_POINT('',#5148);
#1522=VERTEX_POINT('',#5154);
#1523=VERTEX_POINT('',#5155);
#1524=VERTEX_POINT('',#5157);
#1525=VERTEX_POINT('',#5159);
#1526=VERTEX_POINT('',#5163);
#1527=VERTEX_POINT('',#5165);
#1528=VERTEX_POINT('',#5169);
#1529=VERTEX_POINT('',#5171);
#1530=VERTEX_POINT('',#5193);
#1531=VERTEX_POINT('',#5197);
#1532=VERTEX_POINT('',#5203);
#1533=VERTEX_POINT('',#5207);
#1534=VERTEX_POINT('',#5209);
#1535=VERTEX_POINT('',#5230);
#1536=VERTEX_POINT('',#5234);
#1537=VERTEX_POINT('',#5247);
#1538=VERTEX_POINT('',#5249);
#1539=VERTEX_POINT('',#5251);
#1540=VERTEX_POINT('',#5255);
#1541=VERTEX_POINT('',#5260);
#1542=VERTEX_POINT('',#5262);
#1543=VERTEX_POINT('',#5267);
#1544=VERTEX_POINT('',#5270);
#1545=EDGE_CURVE('',#1267,#1268,#573,.T.);
#1546=EDGE_CURVE('',#1267,#1269,#574,.T.);
#1547=EDGE_CURVE('',#1269,#1270,#575,.T.);
#1548=EDGE_CURVE('',#1268,#1270,#576,.T.);
#1549=EDGE_CURVE('',#1271,#1272,#577,.T.);
#1550=EDGE_CURVE('',#1271,#1273,#578,.T.);
#1551=EDGE_CURVE('',#1273,#1274,#579,.T.);
#1552=EDGE_CURVE('',#1272,#1274,#580,.T.);
#1553=EDGE_CURVE('',#1275,#1276,#581,.T.);
#1554=EDGE_CURVE('',#1276,#1277,#582,.T.);
#1555=EDGE_CURVE('',#1277,#1278,#583,.T.);
#1556=EDGE_CURVE('',#1275,#1278,#584,.F.);
#1557=EDGE_CURVE('',#1279,#1280,#585,.T.);
#1558=EDGE_CURVE('',#1279,#1281,#586,.T.);
#1559=EDGE_CURVE('',#1281,#1282,#587,.T.);
#1560=EDGE_CURVE('',#1280,#1282,#588,.T.);
#1561=EDGE_CURVE('',#1283,#1280,#589,.T.);
#1562=EDGE_CURVE('',#1282,#1284,#590,.T.);
#1563=EDGE_CURVE('',#1283,#1284,#591,.T.);
#1564=EDGE_CURVE('',#1285,#1286,#592,.T.);
#1565=EDGE_CURVE('',#1275,#1285,#593,.F.);
#1566=EDGE_CURVE('',#1278,#1281,#594,.F.);
#1567=EDGE_CURVE('',#1286,#1279,#595,.F.);
#1568=EDGE_CURVE('',#1276,#1268,#596,.T.);
#1569=EDGE_CURVE('',#1270,#1277,#597,.T.);
#1570=EDGE_CURVE('',#1287,#1288,#598,.T.);
#1571=EDGE_CURVE('',#1287,#1289,#599,.F.);
#1572=EDGE_CURVE('',#1289,#1269,#600,.F.);
#1573=EDGE_CURVE('',#1288,#1267,#601,.F.);
#1574=EDGE_CURVE('',#1290,#1287,#602,.T.);
#1575=EDGE_CURVE('',#1290,#1291,#603,.T.);
#1576=EDGE_CURVE('',#1291,#1289,#604,.F.);
#1577=EDGE_CURVE('',#1292,#1290,#605,.T.);
#1578=EDGE_CURVE('',#1293,#1292,#606,.F.);
#1579=EDGE_CURVE('',#1293,#1294,#607,.F.);
#1580=EDGE_CURVE('',#1294,#1291,#608,.F.);
#1581=EDGE_CURVE('',#1293,#1295,#609,.T.);
#1582=EDGE_CURVE('',#1295,#1296,#610,.T.);
#1583=EDGE_CURVE('',#1296,#1294,#611,.T.);
#1584=EDGE_CURVE('',#1295,#1272,#612,.T.);
#1585=EDGE_CURVE('',#1274,#1296,#613,.T.);
#1586=EDGE_CURVE('',#1297,#1298,#614,.T.);
#1587=EDGE_CURVE('',#1297,#1299,#615,.F.);
#1588=EDGE_CURVE('',#1299,#1273,#616,.F.);
#1589=EDGE_CURVE('',#1298,#1271,#617,.F.);
#1590=EDGE_CURVE('',#1300,#1297,#618,.T.);
#1591=EDGE_CURVE('',#1300,#1301,#619,.F.);
#1592=EDGE_CURVE('',#1301,#1299,#620,.F.);
#1593=EDGE_CURVE('',#1302,#1300,#621,.T.);
#1594=EDGE_CURVE('',#1303,#1302,#622,.F.);
#1595=EDGE_CURVE('',#1303,#1304,#623,.F.);
#1596=EDGE_CURVE('',#1304,#1301,#624,.F.);
#1597=EDGE_CURVE('',#1303,#1283,#625,.T.);
#1598=EDGE_CURVE('',#1284,#1304,#626,.T.);
#1599=EDGE_CURVE('',#1305,#1306,#627,.T.);
#1600=EDGE_CURVE('',#1307,#1305,#628,.T.);
#1601=EDGE_CURVE('',#1308,#1307,#629,.T.);
#1602=EDGE_CURVE('',#1306,#1308,#630,.T.);
#1603=EDGE_CURVE('',#1308,#1309,#631,.T.);
#1604=EDGE_CURVE('',#1309,#1310,#632,.T.);
#1605=EDGE_CURVE('',#1306,#1310,#633,.T.);
#1606=EDGE_CURVE('',#1311,#1307,#634,.T.);
#1607=EDGE_CURVE('',#1311,#1309,#635,.T.);
#1608=EDGE_CURVE('',#1312,#1292,#636,.T.);
#1609=EDGE_CURVE('',#1313,#1312,#637,.T.);
#1610=EDGE_CURVE('',#1313,#1293,#638,.T.);
#1611=EDGE_CURVE('',#1314,#1267,#639,.T.);
#1612=EDGE_CURVE('',#1315,#1314,#640,.T.);
#1613=EDGE_CURVE('',#1288,#1315,#641,.T.);
#1614=EDGE_CURVE('',#1316,#1285,#642,.T.);
#1615=EDGE_CURVE('',#1317,#1316,#643,.T.);
#1616=EDGE_CURVE('',#1317,#1275,#644,.T.);
#1617=EDGE_CURVE('',#1286,#1318,#645,.T.);
#1618=EDGE_CURVE('',#1318,#1316,#646,.T.);
#1619=EDGE_CURVE('',#1298,#1319,#647,.T.);
#1620=EDGE_CURVE('',#1319,#1320,#648,.T.);
#1621=EDGE_CURVE('',#1321,#1320,#90,.T.);
#1622=EDGE_CURVE('',#1321,#1322,#649,.T.);
#1623=EDGE_CURVE('',#1323,#1322,#91,.T.);
#1624=EDGE_CURVE('',#1323,#1324,#650,.T.);
#1625=EDGE_CURVE('',#1324,#1302,#651,.T.);
#1626=EDGE_CURVE('',#1315,#1325,#652,.T.);
#1627=EDGE_CURVE('',#1326,#1325,#92,.T.);
#1628=EDGE_CURVE('',#1326,#1327,#653,.T.);
#1629=EDGE_CURVE('',#1328,#1327,#93,.T.);
#1630=EDGE_CURVE('',#1328,#1312,#654,.T.);
#1631=EDGE_CURVE('',#1329,#1324,#655,.T.);
#1632=EDGE_CURVE('',#1329,#1303,#656,.T.);
#1633=EDGE_CURVE('',#1330,#1279,#657,.T.);
#1634=EDGE_CURVE('',#1318,#1330,#658,.T.);
#1635=EDGE_CURVE('',#1331,#1331,#94,.T.);
#1636=EDGE_CURVE('',#1331,#1332,#95,.T.);
#1637=EDGE_CURVE('',#1332,#1333,#96,.T.);
#1638=EDGE_CURVE('',#1333,#1332,#97,.T.);
#1639=EDGE_CURVE('',#1333,#1334,#659,.T.);
#1640=EDGE_CURVE('',#1334,#1334,#98,.T.);
#1641=EDGE_CURVE('',#1335,#1335,#99,.T.);
#1642=EDGE_CURVE('',#1335,#1336,#100,.T.);
#1643=EDGE_CURVE('',#1336,#1337,#101,.T.);
#1644=EDGE_CURVE('',#1337,#1336,#102,.T.);
#1645=EDGE_CURVE('',#1337,#1338,#660,.T.);
#1646=EDGE_CURVE('',#1338,#1338,#103,.T.);
#1647=EDGE_CURVE('',#1339,#1339,#104,.T.);
#1648=EDGE_CURVE('',#1339,#1340,#105,.T.);
#1649=EDGE_CURVE('',#1340,#1341,#106,.T.);
#1650=EDGE_CURVE('',#1341,#1340,#107,.T.);
#1651=EDGE_CURVE('',#1341,#1342,#661,.T.);
#1652=EDGE_CURVE('',#1342,#1342,#108,.T.);
#1653=EDGE_CURVE('',#1343,#1343,#109,.T.);
#1654=EDGE_CURVE('',#1343,#1344,#110,.T.);
#1655=EDGE_CURVE('',#1344,#1345,#111,.T.);
#1656=EDGE_CURVE('',#1345,#1344,#112,.T.);
#1657=EDGE_CURVE('',#1345,#1346,#662,.T.);
#1658=EDGE_CURVE('',#1346,#1346,#113,.T.);
#1659=EDGE_CURVE('',#1347,#1348,#114,.F.);
#1660=EDGE_CURVE('',#1349,#1347,#115,.F.);
#1661=EDGE_CURVE('',#1348,#1349,#116,.F.);
#1662=EDGE_CURVE('',#1325,#1349,#663,.T.);
#1663=EDGE_CURVE('',#1347,#1326,#664,.T.);
#1664=EDGE_CURVE('',#1350,#1351,#117,.F.);
#1665=EDGE_CURVE('',#1352,#1350,#118,.F.);
#1666=EDGE_CURVE('',#1351,#1352,#119,.F.);
#1667=EDGE_CURVE('',#1322,#1352,#665,.T.);
#1668=EDGE_CURVE('',#1350,#1323,#666,.T.);
#1669=EDGE_CURVE('',#1353,#1354,#120,.F.);
#1670=EDGE_CURVE('',#1355,#1353,#121,.F.);
#1671=EDGE_CURVE('',#1354,#1355,#122,.F.);
#1672=EDGE_CURVE('',#1327,#1355,#667,.T.);
#1673=EDGE_CURVE('',#1353,#1328,#668,.T.);
#1674=EDGE_CURVE('',#1348,#1354,#669,.T.);
#1675=EDGE_CURVE('',#1355,#1347,#670,.T.);
#1676=EDGE_CURVE('',#1356,#1357,#123,.F.);
#1677=EDGE_CURVE('',#1358,#1356,#124,.F.);
#1678=EDGE_CURVE('',#1357,#1358,#125,.F.);
#1679=EDGE_CURVE('',#1320,#1358,#671,.T.);
#1680=EDGE_CURVE('',#1356,#1321,#672,.T.);
#1681=EDGE_CURVE('',#1354,#1357,#673,.T.);
#1682=EDGE_CURVE('',#1358,#1353,#674,.T.);
#1683=EDGE_CURVE('',#1357,#1351,#675,.T.);
#1684=EDGE_CURVE('',#1352,#1356,#676,.T.);
#1685=EDGE_CURVE('',#1351,#1348,#677,.T.);
#1686=EDGE_CURVE('',#1349,#1350,#678,.T.);
#1687=EDGE_CURVE('',#1319,#1359,#679,.T.);
#1688=EDGE_CURVE('',#1359,#1313,#680,.T.);
#1689=EDGE_CURVE('',#1359,#1271,#681,.T.);
#1690=EDGE_CURVE('',#1330,#1329,#682,.T.);
#1691=EDGE_CURVE('',#1314,#1317,#683,.T.);
#1692=EDGE_CURVE('',#1360,#1311,#684,.T.);
#1693=EDGE_CURVE('',#1310,#1360,#685,.T.);
#1694=EDGE_CURVE('',#1305,#1360,#686,.T.);
#1695=EDGE_CURVE('',#1361,#1362,#687,.T.);
#1696=EDGE_CURVE('',#1361,#1363,#688,.T.);
#1697=EDGE_CURVE('',#1364,#1363,#689,.T.);
#1698=EDGE_CURVE('',#1362,#1364,#690,.T.);
#1699=EDGE_CURVE('',#1362,#1365,#691,.T.);
#1700=EDGE_CURVE('',#1366,#1364,#692,.T.);
#1701=EDGE_CURVE('',#1365,#1366,#693,.T.);
#1702=EDGE_CURVE('',#1365,#1367,#694,.T.);
#1703=EDGE_CURVE('',#1368,#1366,#695,.T.);
#1704=EDGE_CURVE('',#1367,#1368,#696,.T.);
#1705=EDGE_CURVE('',#1369,#1370,#697,.T.);
#1706=EDGE_CURVE('',#1370,#1371,#698,.T.);
#1707=EDGE_CURVE('',#1372,#1371,#699,.T.);
#1708=EDGE_CURVE('',#1369,#1372,#700,.T.);
#1709=EDGE_CURVE('',#1373,#1374,#701,.T.);
#1710=EDGE_CURVE('',#1374,#1375,#702,.T.);
#1711=EDGE_CURVE('',#1376,#1375,#703,.T.);
#1712=EDGE_CURVE('',#1373,#1376,#704,.T.);
#1713=EDGE_CURVE('',#1363,#1376,#705,.T.);
#1714=EDGE_CURVE('',#1375,#1377,#706,.T.);
#1715=EDGE_CURVE('',#1377,#1378,#707,.T.);
#1716=EDGE_CURVE('',#1378,#1379,#708,.T.);
#1717=EDGE_CURVE('',#1379,#1380,#709,.T.);
#1718=EDGE_CURVE('',#1380,#1372,#710,.T.);
#1719=EDGE_CURVE('',#1371,#1368,#711,.T.);
#1720=EDGE_CURVE('',#1381,#1382,#712,.T.);
#1721=EDGE_CURVE('',#1381,#1383,#713,.T.);
#1722=EDGE_CURVE('',#1384,#1383,#714,.T.);
#1723=EDGE_CURVE('',#1382,#1384,#715,.T.);
#1724=EDGE_CURVE('',#1385,#1386,#716,.T.);
#1725=EDGE_CURVE('',#1386,#1387,#717,.T.);
#1726=EDGE_CURVE('',#1388,#1387,#718,.T.);
#1727=EDGE_CURVE('',#1385,#1388,#719,.T.);
#1728=EDGE_CURVE('',#1389,#1390,#720,.T.);
#1729=EDGE_CURVE('',#1390,#1391,#721,.T.);
#1730=EDGE_CURVE('',#1392,#1391,#722,.T.);
#1731=EDGE_CURVE('',#1389,#1392,#723,.T.);
#1732=EDGE_CURVE('',#1391,#1393,#724,.T.);
#1733=EDGE_CURVE('',#1393,#1394,#725,.T.);
#1734=EDGE_CURVE('',#1394,#1388,#726,.T.);
#1735=EDGE_CURVE('',#1387,#1384,#727,.T.);
#1736=EDGE_CURVE('',#1383,#1392,#728,.T.);
#1737=EDGE_CURVE('',#1395,#1396,#729,.T.);
#1738=EDGE_CURVE('',#1395,#1397,#730,.T.);
#1739=EDGE_CURVE('',#1398,#1397,#731,.T.);
#1740=EDGE_CURVE('',#1396,#1398,#732,.T.);
#1741=EDGE_CURVE('',#1396,#1399,#733,.T.);
#1742=EDGE_CURVE('',#1400,#1398,#734,.T.);
#1743=EDGE_CURVE('',#1399,#1400,#735,.T.);
#1744=EDGE_CURVE('',#1399,#1401,#736,.T.);
#1745=EDGE_CURVE('',#1402,#1400,#737,.T.);
#1746=EDGE_CURVE('',#1401,#1402,#738,.T.);
#1747=EDGE_CURVE('',#1403,#1404,#739,.T.);
#1748=EDGE_CURVE('',#1404,#1405,#740,.T.);
#1749=EDGE_CURVE('',#1406,#1405,#741,.T.);
#1750=EDGE_CURVE('',#1403,#1406,#742,.T.);
#1751=EDGE_CURVE('',#1407,#1408,#743,.T.);
#1752=EDGE_CURVE('',#1408,#1409,#744,.T.);
#1753=EDGE_CURVE('',#1410,#1409,#745,.T.);
#1754=EDGE_CURVE('',#1407,#1410,#746,.T.);
#1755=EDGE_CURVE('',#1397,#1410,#747,.T.);
#1756=EDGE_CURVE('',#1409,#1411,#748,.T.);
#1757=EDGE_CURVE('',#1411,#1412,#749,.T.);
#1758=EDGE_CURVE('',#1412,#1413,#750,.T.);
#1759=EDGE_CURVE('',#1413,#1414,#751,.T.);
#1760=EDGE_CURVE('',#1414,#1406,#752,.T.);
#1761=EDGE_CURVE('',#1405,#1402,#753,.T.);
#1762=EDGE_CURVE('',#1415,#1415,#126,.T.);
#1763=EDGE_CURVE('',#1415,#1416,#127,.T.);
#1764=EDGE_CURVE('',#1416,#1417,#128,.T.);
#1765=EDGE_CURVE('',#1417,#1416,#129,.T.);
#1766=EDGE_CURVE('',#1417,#1418,#754,.T.);
#1767=EDGE_CURVE('',#1418,#1418,#130,.T.);
#1768=EDGE_CURVE('',#1419,#1419,#131,.T.);
#1769=EDGE_CURVE('',#1419,#1420,#132,.T.);
#1770=EDGE_CURVE('',#1420,#1421,#133,.T.);
#1771=EDGE_CURVE('',#1421,#1420,#134,.T.);
#1772=EDGE_CURVE('',#1421,#1422,#755,.T.);
#1773=EDGE_CURVE('',#1422,#1422,#135,.T.);
#1774=EDGE_CURVE('',#1423,#1423,#136,.T.);
#1775=EDGE_CURVE('',#1423,#1424,#137,.T.);
#1776=EDGE_CURVE('',#1424,#1425,#138,.T.);
#1777=EDGE_CURVE('',#1425,#1424,#139,.T.);
#1778=EDGE_CURVE('',#1425,#1426,#756,.T.);
#1779=EDGE_CURVE('',#1426,#1426,#140,.T.);
#1780=EDGE_CURVE('',#1427,#1427,#141,.T.);
#1781=EDGE_CURVE('',#1427,#1428,#142,.T.);
#1782=EDGE_CURVE('',#1428,#1429,#143,.T.);
#1783=EDGE_CURVE('',#1429,#1428,#144,.T.);
#1784=EDGE_CURVE('',#1429,#1430,#757,.T.);
#1785=EDGE_CURVE('',#1430,#1430,#145,.T.);
#1786=EDGE_CURVE('',#1403,#1431,#758,.T.);
#1787=EDGE_CURVE('',#1432,#1414,#759,.T.);
#1788=EDGE_CURVE('',#1431,#1432,#760,.T.);
#1789=EDGE_CURVE('',#1433,#1390,#761,.T.);
#1790=EDGE_CURVE('',#1434,#1433,#762,.T.);
#1791=EDGE_CURVE('',#1393,#1434,#763,.T.);
#1792=EDGE_CURVE('',#1435,#1436,#764,.T.);
#1793=EDGE_CURVE('',#1435,#1377,#765,.T.);
#1794=EDGE_CURVE('',#1437,#1374,#766,.T.);
#1795=EDGE_CURVE('',#1436,#1437,#767,.T.);
#1796=EDGE_CURVE('',#1438,#1439,#768,.T.);
#1797=EDGE_CURVE('',#1440,#1438,#769,.T.);
#1798=EDGE_CURVE('',#1385,#1440,#770,.T.);
#1799=EDGE_CURVE('',#1439,#1394,#771,.T.);
#1800=EDGE_CURVE('',#1441,#1442,#772,.T.);
#1801=EDGE_CURVE('',#1441,#1411,#773,.T.);
#1802=EDGE_CURVE('',#1443,#1408,#774,.T.);
#1803=EDGE_CURVE('',#1442,#1443,#775,.T.);
#1804=EDGE_CURVE('',#1444,#1445,#776,.T.);
#1805=EDGE_CURVE('',#1446,#1444,#777,.T.);
#1806=EDGE_CURVE('',#1369,#1446,#778,.T.);
#1807=EDGE_CURVE('',#1445,#1380,#779,.T.);
#1808=EDGE_CURVE('',#1389,#1447,#780,.T.);
#1809=EDGE_CURVE('',#1433,#1447,#781,.T.);
#1810=EDGE_CURVE('',#1447,#1448,#782,.T.);
#1811=EDGE_CURVE('',#1434,#1448,#783,.T.);
#1812=EDGE_CURVE('',#1449,#1432,#784,.T.);
#1813=EDGE_CURVE('',#1450,#1449,#785,.T.);
#1814=EDGE_CURVE('',#1450,#1431,#786,.T.);
#1815=EDGE_CURVE('',#1413,#1451,#787,.T.);
#1816=EDGE_CURVE('',#1452,#1451,#788,.T.);
#1817=EDGE_CURVE('',#1452,#1378,#789,.T.);
#1818=EDGE_CURVE('',#1435,#1453,#790,.T.);
#1819=EDGE_CURVE('',#1453,#1454,#791,.T.);
#1820=EDGE_CURVE('',#1454,#1455,#792,.T.);
#1821=EDGE_CURVE('',#1455,#1456,#793,.T.);
#1822=EDGE_CURVE('',#1456,#1439,#794,.T.);
#1823=EDGE_CURVE('',#1448,#1457,#795,.T.);
#1824=EDGE_CURVE('',#1457,#1458,#796,.T.);
#1825=EDGE_CURVE('',#1458,#1449,#797,.T.);
#1826=EDGE_CURVE('',#1459,#1456,#798,.T.);
#1827=EDGE_CURVE('',#1438,#1459,#799,.T.);
#1828=EDGE_CURVE('',#1386,#1440,#800,.T.);
#1829=EDGE_CURVE('',#1373,#1437,#801,.T.);
#1830=EDGE_CURVE('',#1437,#1460,#802,.T.);
#1831=EDGE_CURVE('',#1460,#1461,#803,.T.);
#1832=EDGE_CURVE('',#1461,#1440,#804,.T.);
#1833=EDGE_CURVE('',#1459,#1462,#805,.T.);
#1834=EDGE_CURVE('',#1462,#1463,#806,.T.);
#1835=EDGE_CURVE('',#1463,#1464,#807,.T.);
#1836=EDGE_CURVE('',#1464,#1436,#808,.T.);
#1837=EDGE_CURVE('',#1382,#1465,#809,.T.);
#1838=EDGE_CURVE('',#1466,#1465,#810,.T.);
#1839=EDGE_CURVE('',#1466,#1381,#811,.T.);
#1840=EDGE_CURVE('',#1367,#1467,#812,.T.);
#1841=EDGE_CURVE('',#1468,#1467,#813,.T.);
#1842=EDGE_CURVE('',#1469,#1468,#146,.T.);
#1843=EDGE_CURVE('',#1470,#1469,#814,.T.);
#1844=EDGE_CURVE('',#1471,#1470,#147,.T.);
#1845=EDGE_CURVE('',#1472,#1471,#815,.T.);
#1846=EDGE_CURVE('',#1472,#1361,#816,.T.);
#1847=EDGE_CURVE('',#1441,#1473,#817,.T.);
#1848=EDGE_CURVE('',#1473,#1474,#818,.T.);
#1849=EDGE_CURVE('',#1474,#1475,#819,.T.);
#1850=EDGE_CURVE('',#1475,#1476,#820,.T.);
#1851=EDGE_CURVE('',#1476,#1445,#821,.T.);
#1852=EDGE_CURVE('',#1379,#1477,#822,.T.);
#1853=EDGE_CURVE('',#1478,#1477,#823,.T.);
#1854=EDGE_CURVE('',#1412,#1478,#824,.T.);
#1855=EDGE_CURVE('',#1479,#1476,#825,.T.);
#1856=EDGE_CURVE('',#1444,#1479,#826,.T.);
#1857=EDGE_CURVE('',#1370,#1446,#827,.T.);
#1858=EDGE_CURVE('',#1407,#1443,#828,.T.);
#1859=EDGE_CURVE('',#1443,#1480,#829,.T.);
#1860=EDGE_CURVE('',#1480,#1481,#830,.T.);
#1861=EDGE_CURVE('',#1481,#1446,#831,.T.);
#1862=EDGE_CURVE('',#1479,#1482,#832,.T.);
#1863=EDGE_CURVE('',#1482,#1483,#833,.T.);
#1864=EDGE_CURVE('',#1483,#1484,#834,.T.);
#1865=EDGE_CURVE('',#1484,#1442,#835,.T.);
#1866=EDGE_CURVE('',#1485,#1486,#836,.T.);
#1867=EDGE_CURVE('',#1486,#1487,#23,.T.);
#1868=EDGE_CURVE('',#1487,#1488,#837,.T.);
#1869=EDGE_CURVE('',#1488,#1485,#24,.T.);
#1870=EDGE_CURVE('',#1488,#1489,#838,.T.);
#1871=EDGE_CURVE('',#1489,#1490,#25,.T.);
#1872=EDGE_CURVE('',#1490,#1485,#839,.T.);
#1873=EDGE_CURVE('',#1491,#1490,#840,.T.);
#1874=EDGE_CURVE('',#1489,#1492,#841,.T.);
#1875=EDGE_CURVE('',#1492,#1491,#26,.T.);
#1876=EDGE_CURVE('',#1486,#1491,#842,.T.);
#1877=EDGE_CURVE('',#1492,#1487,#843,.T.);
#1878=EDGE_CURVE('',#1493,#1488,#844,.T.);
#1879=EDGE_CURVE('',#1494,#1493,#845,.T.);
#1880=EDGE_CURVE('',#1494,#1489,#846,.T.);
#1881=EDGE_CURVE('',#1495,#1487,#847,.T.);
#1882=EDGE_CURVE('',#1493,#1495,#848,.T.);
#1883=EDGE_CURVE('',#1496,#1497,#849,.T.);
#1884=EDGE_CURVE('',#1498,#1496,#850,.T.);
#1885=EDGE_CURVE('',#1499,#1498,#851,.T.);
#1886=EDGE_CURVE('',#1497,#1499,#852,.T.);
#1887=EDGE_CURVE('',#1500,#1500,#148,.T.);
#1888=EDGE_CURVE('',#1501,#1496,#149,.F.);
#1889=EDGE_CURVE('',#1502,#1501,#150,.F.);
#1890=EDGE_CURVE('',#1496,#1502,#151,.F.);
#1891=EDGE_CURVE('',#1468,#1502,#853,.T.);
#1892=EDGE_CURVE('',#1501,#1469,#854,.T.);
#1893=EDGE_CURVE('',#1503,#1498,#152,.F.);
#1894=EDGE_CURVE('',#1504,#1503,#153,.F.);
#1895=EDGE_CURVE('',#1498,#1504,#154,.F.);
#1896=EDGE_CURVE('',#1505,#1506,#155,.T.);
#1897=EDGE_CURVE('',#1506,#1504,#855,.T.);
#1898=EDGE_CURVE('',#1503,#1505,#856,.T.);
#1899=EDGE_CURVE('',#1507,#1497,#156,.F.);
#1900=EDGE_CURVE('',#1508,#1507,#157,.F.);
#1901=EDGE_CURVE('',#1497,#1508,#158,.F.);
#1902=EDGE_CURVE('',#1470,#1508,#857,.T.);
#1903=EDGE_CURVE('',#1507,#1471,#858,.T.);
#1904=EDGE_CURVE('',#1508,#1501,#859,.T.);
#1905=EDGE_CURVE('',#1509,#1499,#159,.F.);
#1906=EDGE_CURVE('',#1510,#1509,#160,.F.);
#1907=EDGE_CURVE('',#1499,#1510,#161,.F.);
#1908=EDGE_CURVE('',#1511,#1512,#162,.T.);
#1909=EDGE_CURVE('',#1512,#1510,#860,.T.);
#1910=EDGE_CURVE('',#1509,#1511,#861,.T.);
#1911=EDGE_CURVE('',#1510,#1507,#862,.T.);
#1912=EDGE_CURVE('',#1504,#1509,#863,.T.);
#1913=EDGE_CURVE('',#1502,#1503,#864,.T.);
#1914=EDGE_CURVE('',#1513,#1513,#163,.T.);
#1915=EDGE_CURVE('',#1514,#1514,#164,.T.);
#1916=EDGE_CURVE('',#1512,#1515,#865,.T.);
#1917=EDGE_CURVE('',#1515,#1516,#866,.T.);
#1918=EDGE_CURVE('',#1516,#1517,#867,.T.);
#1919=EDGE_CURVE('',#1517,#1466,#868,.T.);
#1920=EDGE_CURVE('',#1465,#1518,#869,.T.);
#1921=EDGE_CURVE('',#1518,#1519,#870,.T.);
#1922=EDGE_CURVE('',#1519,#1472,#871,.T.);
#1923=EDGE_CURVE('',#1520,#1520,#165,.T.);
#1924=EDGE_CURVE('',#1520,#1500,#872,.T.);
#1925=EDGE_CURVE('',#1521,#1494,#873,.T.);
#1926=EDGE_CURVE('',#1521,#1492,#874,.T.);
#1927=EDGE_CURVE('',#1495,#1521,#875,.T.);
#1928=EDGE_CURVE('',#1522,#1523,#876,.F.);
#1929=EDGE_CURVE('',#1524,#1522,#877,.T.);
#1930=EDGE_CURVE('',#1525,#1524,#878,.T.);
#1931=EDGE_CURVE('',#1525,#1523,#879,.T.);
#1932=EDGE_CURVE('',#1526,#1522,#880,.F.);
#1933=EDGE_CURVE('',#1527,#1526,#881,.T.);
#1934=EDGE_CURVE('',#1524,#1527,#882,.T.);
#1935=EDGE_CURVE('',#1528,#1526,#883,.F.);
#1936=EDGE_CURVE('',#1529,#1528,#884,.T.);
#1937=EDGE_CURVE('',#1527,#1529,#885,.T.);
#1938=EDGE_CURVE('',#1523,#1528,#886,.F.);
#1939=EDGE_CURVE('',#1529,#1525,#887,.T.);
#1940=EDGE_CURVE('',#1483,#1474,#888,.T.);
#1941=EDGE_CURVE('',#1484,#1473,#889,.T.);
#1942=EDGE_CURVE('',#1482,#1475,#890,.T.);
#1943=EDGE_CURVE('',#1463,#1454,#891,.T.);
#1944=EDGE_CURVE('',#1464,#1453,#892,.T.);
#1945=EDGE_CURVE('',#1462,#1455,#893,.T.);
#1946=EDGE_CURVE('',#1447,#1530,#894,.T.);
#1947=EDGE_CURVE('',#1530,#1457,#895,.T.);
#1948=EDGE_CURVE('',#1530,#1531,#896,.T.);
#1949=EDGE_CURVE('',#1531,#1458,#897,.T.);
#1950=EDGE_CURVE('',#1531,#1450,#898,.T.);
#1951=EDGE_CURVE('',#1532,#1481,#899,.T.);
#1952=EDGE_CURVE('',#1467,#1532,#900,.T.);
#1953=EDGE_CURVE('',#1533,#1395,#901,.T.);
#1954=EDGE_CURVE('',#1534,#1533,#902,.T.);
#1955=EDGE_CURVE('',#1534,#1480,#903,.T.);
#1956=EDGE_CURVE('',#1532,#1534,#904,.T.);
#1957=EDGE_CURVE('',#1533,#1505,#905,.T.);
#1958=EDGE_CURVE('',#1404,#1450,#906,.T.);
#1959=EDGE_CURVE('',#1516,#1531,#907,.T.);
#1960=EDGE_CURVE('',#1401,#1515,#908,.T.);
#1961=EDGE_CURVE('',#1517,#1530,#909,.T.);
#1962=EDGE_CURVE('',#1518,#1461,#910,.T.);
#1963=EDGE_CURVE('',#1519,#1460,#911,.T.);
#1964=EDGE_CURVE('',#1514,#1535,#912,.T.);
#1965=EDGE_CURVE('',#1535,#1535,#166,.T.);
#1966=EDGE_CURVE('',#1513,#1536,#913,.T.);
#1967=EDGE_CURVE('',#1536,#1536,#167,.T.);
#1968=EDGE_CURVE('',#1477,#1452,#914,.T.);
#1969=EDGE_CURVE('',#1451,#1478,#915,.T.);
#1970=EDGE_CURVE('',#1506,#1511,#916,.T.);
#1971=EDGE_CURVE('',#1537,#1537,#168,.T.);
#1972=EDGE_CURVE('',#1537,#1538,#169,.T.);
#1973=EDGE_CURVE('',#1538,#1539,#170,.T.);
#1974=EDGE_CURVE('',#1539,#1538,#171,.T.);
#1975=EDGE_CURVE('',#1539,#1540,#917,.T.);
#1976=EDGE_CURVE('',#1540,#1540,#172,.T.);
#1977=EDGE_CURVE('',#1541,#1541,#173,.F.);
#1978=EDGE_CURVE('',#1541,#1542,#918,.T.);
#1979=EDGE_CURVE('',#1542,#1542,#174,.T.);
#1980=EDGE_CURVE('',#1543,#1543,#175,.T.);
#1981=EDGE_CURVE('',#1544,#1544,#176,.T.);
#1982=EDGE_CURVE('',#1544,#1543,#919,.T.);
#1983=ORIENTED_EDGE('',*,*,#1545,.F.);
#1984=ORIENTED_EDGE('',*,*,#1546,.T.);
#1985=ORIENTED_EDGE('',*,*,#1547,.T.);
#1986=ORIENTED_EDGE('',*,*,#1548,.F.);
#1987=ORIENTED_EDGE('',*,*,#1549,.F.);
#1988=ORIENTED_EDGE('',*,*,#1550,.T.);
#1989=ORIENTED_EDGE('',*,*,#1551,.T.);
#1990=ORIENTED_EDGE('',*,*,#1552,.F.);
#1991=ORIENTED_EDGE('',*,*,#1553,.T.);
#1992=ORIENTED_EDGE('',*,*,#1554,.T.);
#1993=ORIENTED_EDGE('',*,*,#1555,.T.);
#1994=ORIENTED_EDGE('',*,*,#1556,.F.);
#1995=ORIENTED_EDGE('',*,*,#1557,.F.);
#1996=ORIENTED_EDGE('',*,*,#1558,.T.);
#1997=ORIENTED_EDGE('',*,*,#1559,.T.);
#1998=ORIENTED_EDGE('',*,*,#1560,.F.);
#1999=ORIENTED_EDGE('',*,*,#1561,.T.);
#2000=ORIENTED_EDGE('',*,*,#1560,.T.);
#2001=ORIENTED_EDGE('',*,*,#1562,.T.);
#2002=ORIENTED_EDGE('',*,*,#1563,.F.);
#2003=ORIENTED_EDGE('',*,*,#1564,.F.);
#2004=ORIENTED_EDGE('',*,*,#1565,.F.);
#2005=ORIENTED_EDGE('',*,*,#1556,.T.);
#2006=ORIENTED_EDGE('',*,*,#1566,.T.);
#2007=ORIENTED_EDGE('',*,*,#1558,.F.);
#2008=ORIENTED_EDGE('',*,*,#1567,.F.);
#2009=ORIENTED_EDGE('',*,*,#1568,.T.);
#2010=ORIENTED_EDGE('',*,*,#1548,.T.);
#2011=ORIENTED_EDGE('',*,*,#1569,.T.);
#2012=ORIENTED_EDGE('',*,*,#1554,.F.);
#2013=ORIENTED_EDGE('',*,*,#1570,.F.);
#2014=ORIENTED_EDGE('',*,*,#1571,.T.);
#2015=ORIENTED_EDGE('',*,*,#1572,.T.);
#2016=ORIENTED_EDGE('',*,*,#1546,.F.);
#2017=ORIENTED_EDGE('',*,*,#1573,.F.);
#2018=ORIENTED_EDGE('',*,*,#1574,.F.);
#2019=ORIENTED_EDGE('',*,*,#1575,.T.);
#2020=ORIENTED_EDGE('',*,*,#1576,.T.);
#2021=ORIENTED_EDGE('',*,*,#1571,.F.);
#2022=ORIENTED_EDGE('',*,*,#1577,.F.);
#2023=ORIENTED_EDGE('',*,*,#1578,.F.);
#2024=ORIENTED_EDGE('',*,*,#1579,.T.);
#2025=ORIENTED_EDGE('',*,*,#1580,.T.);
#2026=ORIENTED_EDGE('',*,*,#1575,.F.);
#2027=ORIENTED_EDGE('',*,*,#1581,.T.);
#2028=ORIENTED_EDGE('',*,*,#1582,.T.);
#2029=ORIENTED_EDGE('',*,*,#1583,.T.);
#2030=ORIENTED_EDGE('',*,*,#1579,.F.);
#2031=ORIENTED_EDGE('',*,*,#1584,.T.);
#2032=ORIENTED_EDGE('',*,*,#1552,.T.);
#2033=ORIENTED_EDGE('',*,*,#1585,.T.);
#2034=ORIENTED_EDGE('',*,*,#1582,.F.);
#2035=ORIENTED_EDGE('',*,*,#1586,.F.);
#2036=ORIENTED_EDGE('',*,*,#1587,.T.);
#2037=ORIENTED_EDGE('',*,*,#1588,.T.);
#2038=ORIENTED_EDGE('',*,*,#1550,.F.);
#2039=ORIENTED_EDGE('',*,*,#1589,.F.);
#2040=ORIENTED_EDGE('',*,*,#1590,.F.);
#2041=ORIENTED_EDGE('',*,*,#1591,.T.);
#2042=ORIENTED_EDGE('',*,*,#1592,.T.);
#2043=ORIENTED_EDGE('',*,*,#1587,.F.);
#2044=ORIENTED_EDGE('',*,*,#1593,.F.);
#2045=ORIENTED_EDGE('',*,*,#1594,.F.);
#2046=ORIENTED_EDGE('',*,*,#1595,.T.);
#2047=ORIENTED_EDGE('',*,*,#1596,.T.);
#2048=ORIENTED_EDGE('',*,*,#1591,.F.);
#2049=ORIENTED_EDGE('',*,*,#1597,.T.);
#2050=ORIENTED_EDGE('',*,*,#1563,.T.);
#2051=ORIENTED_EDGE('',*,*,#1598,.T.);
#2052=ORIENTED_EDGE('',*,*,#1595,.F.);
#2053=ORIENTED_EDGE('',*,*,#1598,.F.);
#2054=ORIENTED_EDGE('',*,*,#1562,.F.);
#2055=ORIENTED_EDGE('',*,*,#1559,.F.);
#2056=ORIENTED_EDGE('',*,*,#1566,.F.);
#2057=ORIENTED_EDGE('',*,*,#1555,.F.);
#2058=ORIENTED_EDGE('',*,*,#1569,.F.);
#2059=ORIENTED_EDGE('',*,*,#1547,.F.);
#2060=ORIENTED_EDGE('',*,*,#1572,.F.);
#2061=ORIENTED_EDGE('',*,*,#1576,.F.);
#2062=ORIENTED_EDGE('',*,*,#1580,.F.);
#2063=ORIENTED_EDGE('',*,*,#1583,.F.);
#2064=ORIENTED_EDGE('',*,*,#1585,.F.);
#2065=ORIENTED_EDGE('',*,*,#1551,.F.);
#2066=ORIENTED_EDGE('',*,*,#1588,.F.);
#2067=ORIENTED_EDGE('',*,*,#1592,.F.);
#2068=ORIENTED_EDGE('',*,*,#1596,.F.);
#2069=ORIENTED_EDGE('',*,*,#1599,.F.);
#2070=ORIENTED_EDGE('',*,*,#1600,.F.);
#2071=ORIENTED_EDGE('',*,*,#1601,.F.);
#2072=ORIENTED_EDGE('',*,*,#1602,.F.);
#2073=ORIENTED_EDGE('',*,*,#1602,.T.);
#2074=ORIENTED_EDGE('',*,*,#1603,.T.);
#2075=ORIENTED_EDGE('',*,*,#1604,.T.);
#2076=ORIENTED_EDGE('',*,*,#1605,.F.);
#2077=ORIENTED_EDGE('',*,*,#1601,.T.);
#2078=ORIENTED_EDGE('',*,*,#1606,.F.);
#2079=ORIENTED_EDGE('',*,*,#1607,.T.);
#2080=ORIENTED_EDGE('',*,*,#1603,.F.);
#2081=ORIENTED_EDGE('',*,*,#1578,.T.);
#2082=ORIENTED_EDGE('',*,*,#1608,.F.);
#2083=ORIENTED_EDGE('',*,*,#1609,.F.);
#2084=ORIENTED_EDGE('',*,*,#1610,.T.);
#2085=ORIENTED_EDGE('',*,*,#1573,.T.);
#2086=ORIENTED_EDGE('',*,*,#1611,.F.);
#2087=ORIENTED_EDGE('',*,*,#1612,.F.);
#2088=ORIENTED_EDGE('',*,*,#1613,.F.);
#2089=ORIENTED_EDGE('',*,*,#1565,.T.);
#2090=ORIENTED_EDGE('',*,*,#1614,.F.);
#2091=ORIENTED_EDGE('',*,*,#1615,.F.);
#2092=ORIENTED_EDGE('',*,*,#1616,.T.);
#2093=ORIENTED_EDGE('',*,*,#1564,.T.);
#2094=ORIENTED_EDGE('',*,*,#1617,.T.);
#2095=ORIENTED_EDGE('',*,*,#1618,.T.);
#2096=ORIENTED_EDGE('',*,*,#1614,.T.);
#2097=ORIENTED_EDGE('',*,*,#1586,.T.);
#2098=ORIENTED_EDGE('',*,*,#1619,.T.);
#2099=ORIENTED_EDGE('',*,*,#1620,.T.);
#2100=ORIENTED_EDGE('',*,*,#1621,.F.);
#2101=ORIENTED_EDGE('',*,*,#1622,.T.);
#2102=ORIENTED_EDGE('',*,*,#1623,.F.);
#2103=ORIENTED_EDGE('',*,*,#1624,.T.);
#2104=ORIENTED_EDGE('',*,*,#1625,.T.);
#2105=ORIENTED_EDGE('',*,*,#1593,.T.);
#2106=ORIENTED_EDGE('',*,*,#1590,.T.);
#2107=ORIENTED_EDGE('',*,*,#1577,.T.);
#2108=ORIENTED_EDGE('',*,*,#1574,.T.);
#2109=ORIENTED_EDGE('',*,*,#1570,.T.);
#2110=ORIENTED_EDGE('',*,*,#1613,.T.);
#2111=ORIENTED_EDGE('',*,*,#1626,.T.);
#2112=ORIENTED_EDGE('',*,*,#1627,.F.);
#2113=ORIENTED_EDGE('',*,*,#1628,.T.);
#2114=ORIENTED_EDGE('',*,*,#1629,.F.);
#2115=ORIENTED_EDGE('',*,*,#1630,.T.);
#2116=ORIENTED_EDGE('',*,*,#1608,.T.);
#2117=ORIENTED_EDGE('',*,*,#1594,.T.);
#2118=ORIENTED_EDGE('',*,*,#1625,.F.);
#2119=ORIENTED_EDGE('',*,*,#1631,.F.);
#2120=ORIENTED_EDGE('',*,*,#1632,.T.);
#2121=ORIENTED_EDGE('',*,*,#1567,.T.);
#2122=ORIENTED_EDGE('',*,*,#1633,.F.);
#2123=ORIENTED_EDGE('',*,*,#1634,.F.);
#2124=ORIENTED_EDGE('',*,*,#1617,.F.);
#2125=ORIENTED_EDGE('',*,*,#1635,.T.);
#2126=ORIENTED_EDGE('',*,*,#1636,.T.);
#2127=ORIENTED_EDGE('',*,*,#1637,.T.);
#2128=ORIENTED_EDGE('',*,*,#1638,.T.);
#2129=ORIENTED_EDGE('',*,*,#1636,.F.);
#2130=ORIENTED_EDGE('',*,*,#1638,.F.);
#2131=ORIENTED_EDGE('',*,*,#1639,.T.);
#2132=ORIENTED_EDGE('',*,*,#1640,.F.);
#2133=ORIENTED_EDGE('',*,*,#1639,.F.);
#2134=ORIENTED_EDGE('',*,*,#1637,.F.);
#2135=ORIENTED_EDGE('',*,*,#1635,.F.);
#2136=ORIENTED_EDGE('',*,*,#1641,.T.);
#2137=ORIENTED_EDGE('',*,*,#1642,.T.);
#2138=ORIENTED_EDGE('',*,*,#1643,.T.);
#2139=ORIENTED_EDGE('',*,*,#1644,.T.);
#2140=ORIENTED_EDGE('',*,*,#1642,.F.);
#2141=ORIENTED_EDGE('',*,*,#1644,.F.);
#2142=ORIENTED_EDGE('',*,*,#1645,.T.);
#2143=ORIENTED_EDGE('',*,*,#1646,.F.);
#2144=ORIENTED_EDGE('',*,*,#1645,.F.);
#2145=ORIENTED_EDGE('',*,*,#1643,.F.);
#2146=ORIENTED_EDGE('',*,*,#1641,.F.);
#2147=ORIENTED_EDGE('',*,*,#1647,.T.);
#2148=ORIENTED_EDGE('',*,*,#1648,.T.);
#2149=ORIENTED_EDGE('',*,*,#1649,.T.);
#2150=ORIENTED_EDGE('',*,*,#1650,.T.);
#2151=ORIENTED_EDGE('',*,*,#1648,.F.);
#2152=ORIENTED_EDGE('',*,*,#1650,.F.);
#2153=ORIENTED_EDGE('',*,*,#1651,.T.);
#2154=ORIENTED_EDGE('',*,*,#1652,.F.);
#2155=ORIENTED_EDGE('',*,*,#1651,.F.);
#2156=ORIENTED_EDGE('',*,*,#1649,.F.);
#2157=ORIENTED_EDGE('',*,*,#1647,.F.);
#2158=ORIENTED_EDGE('',*,*,#1653,.T.);
#2159=ORIENTED_EDGE('',*,*,#1654,.T.);
#2160=ORIENTED_EDGE('',*,*,#1655,.T.);
#2161=ORIENTED_EDGE('',*,*,#1656,.T.);
#2162=ORIENTED_EDGE('',*,*,#1654,.F.);
#2163=ORIENTED_EDGE('',*,*,#1656,.F.);
#2164=ORIENTED_EDGE('',*,*,#1657,.T.);
#2165=ORIENTED_EDGE('',*,*,#1658,.F.);
#2166=ORIENTED_EDGE('',*,*,#1657,.F.);
#2167=ORIENTED_EDGE('',*,*,#1655,.F.);
#2168=ORIENTED_EDGE('',*,*,#1653,.F.);
#2169=ORIENTED_EDGE('',*,*,#1659,.F.);
#2170=ORIENTED_EDGE('',*,*,#1660,.F.);
#2171=ORIENTED_EDGE('',*,*,#1661,.F.);
#2172=ORIENTED_EDGE('',*,*,#1627,.T.);
#2173=ORIENTED_EDGE('',*,*,#1662,.T.);
#2174=ORIENTED_EDGE('',*,*,#1660,.T.);
#2175=ORIENTED_EDGE('',*,*,#1663,.T.);
#2176=ORIENTED_EDGE('',*,*,#1664,.F.);
#2177=ORIENTED_EDGE('',*,*,#1665,.F.);
#2178=ORIENTED_EDGE('',*,*,#1666,.F.);
#2179=ORIENTED_EDGE('',*,*,#1623,.T.);
#2180=ORIENTED_EDGE('',*,*,#1667,.T.);
#2181=ORIENTED_EDGE('',*,*,#1665,.T.);
#2182=ORIENTED_EDGE('',*,*,#1668,.T.);
#2183=ORIENTED_EDGE('',*,*,#1669,.F.);
#2184=ORIENTED_EDGE('',*,*,#1670,.F.);
#2185=ORIENTED_EDGE('',*,*,#1671,.F.);
#2186=ORIENTED_EDGE('',*,*,#1629,.T.);
#2187=ORIENTED_EDGE('',*,*,#1672,.T.);
#2188=ORIENTED_EDGE('',*,*,#1670,.T.);
#2189=ORIENTED_EDGE('',*,*,#1673,.T.);
#2190=ORIENTED_EDGE('',*,*,#1659,.T.);
#2191=ORIENTED_EDGE('',*,*,#1674,.T.);
#2192=ORIENTED_EDGE('',*,*,#1671,.T.);
#2193=ORIENTED_EDGE('',*,*,#1675,.T.);
#2194=ORIENTED_EDGE('',*,*,#1676,.F.);
#2195=ORIENTED_EDGE('',*,*,#1677,.F.);
#2196=ORIENTED_EDGE('',*,*,#1678,.F.);
#2197=ORIENTED_EDGE('',*,*,#1621,.T.);
#2198=ORIENTED_EDGE('',*,*,#1679,.T.);
#2199=ORIENTED_EDGE('',*,*,#1677,.T.);
#2200=ORIENTED_EDGE('',*,*,#1680,.T.);
#2201=ORIENTED_EDGE('',*,*,#1669,.T.);
#2202=ORIENTED_EDGE('',*,*,#1681,.T.);
#2203=ORIENTED_EDGE('',*,*,#1678,.T.);
#2204=ORIENTED_EDGE('',*,*,#1682,.T.);
#2205=ORIENTED_EDGE('',*,*,#1676,.T.);
#2206=ORIENTED_EDGE('',*,*,#1683,.T.);
#2207=ORIENTED_EDGE('',*,*,#1666,.T.);
#2208=ORIENTED_EDGE('',*,*,#1684,.T.);
#2209=ORIENTED_EDGE('',*,*,#1664,.T.);
#2210=ORIENTED_EDGE('',*,*,#1685,.T.);
#2211=ORIENTED_EDGE('',*,*,#1661,.T.);
#2212=ORIENTED_EDGE('',*,*,#1686,.T.);
#2213=ORIENTED_EDGE('',*,*,#1663,.F.);
#2214=ORIENTED_EDGE('',*,*,#1675,.F.);
#2215=ORIENTED_EDGE('',*,*,#1672,.F.);
#2216=ORIENTED_EDGE('',*,*,#1628,.F.);
#2217=ORIENTED_EDGE('',*,*,#1673,.F.);
#2218=ORIENTED_EDGE('',*,*,#1682,.F.);
#2219=ORIENTED_EDGE('',*,*,#1679,.F.);
#2220=ORIENTED_EDGE('',*,*,#1620,.F.);
#2221=ORIENTED_EDGE('',*,*,#1687,.T.);
#2222=ORIENTED_EDGE('',*,*,#1688,.T.);
#2223=ORIENTED_EDGE('',*,*,#1609,.T.);
#2224=ORIENTED_EDGE('',*,*,#1630,.F.);
#2225=ORIENTED_EDGE('',*,*,#1674,.F.);
#2226=ORIENTED_EDGE('',*,*,#1685,.F.);
#2227=ORIENTED_EDGE('',*,*,#1683,.F.);
#2228=ORIENTED_EDGE('',*,*,#1681,.F.);
#2229=ORIENTED_EDGE('',*,*,#1589,.T.);
#2230=ORIENTED_EDGE('',*,*,#1689,.F.);
#2231=ORIENTED_EDGE('',*,*,#1687,.F.);
#2232=ORIENTED_EDGE('',*,*,#1619,.F.);
#2233=ORIENTED_EDGE('',*,*,#1584,.F.);
#2234=ORIENTED_EDGE('',*,*,#1581,.F.);
#2235=ORIENTED_EDGE('',*,*,#1610,.F.);
#2236=ORIENTED_EDGE('',*,*,#1688,.F.);
#2237=ORIENTED_EDGE('',*,*,#1689,.T.);
#2238=ORIENTED_EDGE('',*,*,#1549,.T.);
#2239=ORIENTED_EDGE('',*,*,#1561,.F.);
#2240=ORIENTED_EDGE('',*,*,#1597,.F.);
#2241=ORIENTED_EDGE('',*,*,#1632,.F.);
#2242=ORIENTED_EDGE('',*,*,#1690,.F.);
#2243=ORIENTED_EDGE('',*,*,#1633,.T.);
#2244=ORIENTED_EDGE('',*,*,#1557,.T.);
#2245=ORIENTED_EDGE('',*,*,#1568,.F.);
#2246=ORIENTED_EDGE('',*,*,#1553,.F.);
#2247=ORIENTED_EDGE('',*,*,#1616,.F.);
#2248=ORIENTED_EDGE('',*,*,#1691,.F.);
#2249=ORIENTED_EDGE('',*,*,#1611,.T.);
#2250=ORIENTED_EDGE('',*,*,#1545,.T.);
#2251=ORIENTED_EDGE('',*,*,#1662,.F.);
#2252=ORIENTED_EDGE('',*,*,#1626,.F.);
#2253=ORIENTED_EDGE('',*,*,#1612,.T.);
#2254=ORIENTED_EDGE('',*,*,#1691,.T.);
#2255=ORIENTED_EDGE('',*,*,#1615,.T.);
#2256=ORIENTED_EDGE('',*,*,#1618,.F.);
#2257=ORIENTED_EDGE('',*,*,#1634,.T.);
#2258=ORIENTED_EDGE('',*,*,#1690,.T.);
#2259=ORIENTED_EDGE('',*,*,#1631,.T.);
#2260=ORIENTED_EDGE('',*,*,#1624,.F.);
#2261=ORIENTED_EDGE('',*,*,#1668,.F.);
#2262=ORIENTED_EDGE('',*,*,#1686,.F.);
#2263=ORIENTED_EDGE('',*,*,#1692,.F.);
#2264=ORIENTED_EDGE('',*,*,#1693,.F.);
#2265=ORIENTED_EDGE('',*,*,#1604,.F.);
#2266=ORIENTED_EDGE('',*,*,#1607,.F.);
#2267=ORIENTED_EDGE('',*,*,#1646,.T.);
#2268=ORIENTED_EDGE('',*,*,#1652,.T.);
#2269=ORIENTED_EDGE('',*,*,#1640,.T.);
#2270=ORIENTED_EDGE('',*,*,#1658,.T.);
#2271=ORIENTED_EDGE('',*,*,#1600,.T.);
#2272=ORIENTED_EDGE('',*,*,#1694,.T.);
#2273=ORIENTED_EDGE('',*,*,#1692,.T.);
#2274=ORIENTED_EDGE('',*,*,#1606,.T.);
#2275=ORIENTED_EDGE('',*,*,#1599,.T.);
#2276=ORIENTED_EDGE('',*,*,#1605,.T.);
#2277=ORIENTED_EDGE('',*,*,#1693,.T.);
#2278=ORIENTED_EDGE('',*,*,#1694,.F.);
#2279=ORIENTED_EDGE('',*,*,#1667,.F.);
#2280=ORIENTED_EDGE('',*,*,#1622,.F.);
#2281=ORIENTED_EDGE('',*,*,#1680,.F.);
#2282=ORIENTED_EDGE('',*,*,#1684,.F.);
#2283=ORIENTED_EDGE('',*,*,#1695,.F.);
#2284=ORIENTED_EDGE('',*,*,#1696,.T.);
#2285=ORIENTED_EDGE('',*,*,#1697,.F.);
#2286=ORIENTED_EDGE('',*,*,#1698,.F.);
#2287=ORIENTED_EDGE('',*,*,#1699,.F.);
#2288=ORIENTED_EDGE('',*,*,#1698,.T.);
#2289=ORIENTED_EDGE('',*,*,#1700,.F.);
#2290=ORIENTED_EDGE('',*,*,#1701,.F.);
#2291=ORIENTED_EDGE('',*,*,#1702,.F.);
#2292=ORIENTED_EDGE('',*,*,#1701,.T.);
#2293=ORIENTED_EDGE('',*,*,#1703,.F.);
#2294=ORIENTED_EDGE('',*,*,#1704,.F.);
#2295=ORIENTED_EDGE('',*,*,#1705,.T.);
#2296=ORIENTED_EDGE('',*,*,#1706,.T.);
#2297=ORIENTED_EDGE('',*,*,#1707,.F.);
#2298=ORIENTED_EDGE('',*,*,#1708,.F.);
#2299=ORIENTED_EDGE('',*,*,#1709,.T.);
#2300=ORIENTED_EDGE('',*,*,#1710,.T.);
#2301=ORIENTED_EDGE('',*,*,#1711,.F.);
#2302=ORIENTED_EDGE('',*,*,#1712,.F.);
#2303=ORIENTED_EDGE('',*,*,#1713,.T.);
#2304=ORIENTED_EDGE('',*,*,#1711,.T.);
#2305=ORIENTED_EDGE('',*,*,#1714,.T.);
#2306=ORIENTED_EDGE('',*,*,#1715,.T.);
#2307=ORIENTED_EDGE('',*,*,#1716,.T.);
#2308=ORIENTED_EDGE('',*,*,#1717,.T.);
#2309=ORIENTED_EDGE('',*,*,#1718,.T.);
#2310=ORIENTED_EDGE('',*,*,#1707,.T.);
#2311=ORIENTED_EDGE('',*,*,#1719,.T.);
#2312=ORIENTED_EDGE('',*,*,#1703,.T.);
#2313=ORIENTED_EDGE('',*,*,#1700,.T.);
#2314=ORIENTED_EDGE('',*,*,#1697,.T.);
#2315=ORIENTED_EDGE('',*,*,#1720,.F.);
#2316=ORIENTED_EDGE('',*,*,#1721,.T.);
#2317=ORIENTED_EDGE('',*,*,#1722,.F.);
#2318=ORIENTED_EDGE('',*,*,#1723,.F.);
#2319=ORIENTED_EDGE('',*,*,#1724,.T.);
#2320=ORIENTED_EDGE('',*,*,#1725,.T.);
#2321=ORIENTED_EDGE('',*,*,#1726,.F.);
#2322=ORIENTED_EDGE('',*,*,#1727,.F.);
#2323=ORIENTED_EDGE('',*,*,#1728,.T.);
#2324=ORIENTED_EDGE('',*,*,#1729,.T.);
#2325=ORIENTED_EDGE('',*,*,#1730,.F.);
#2326=ORIENTED_EDGE('',*,*,#1731,.F.);
#2327=ORIENTED_EDGE('',*,*,#1730,.T.);
#2328=ORIENTED_EDGE('',*,*,#1732,.T.);
#2329=ORIENTED_EDGE('',*,*,#1733,.T.);
#2330=ORIENTED_EDGE('',*,*,#1734,.T.);
#2331=ORIENTED_EDGE('',*,*,#1726,.T.);
#2332=ORIENTED_EDGE('',*,*,#1735,.T.);
#2333=ORIENTED_EDGE('',*,*,#1722,.T.);
#2334=ORIENTED_EDGE('',*,*,#1736,.T.);
#2335=ORIENTED_EDGE('',*,*,#1737,.F.);
#2336=ORIENTED_EDGE('',*,*,#1738,.T.);
#2337=ORIENTED_EDGE('',*,*,#1739,.F.);
#2338=ORIENTED_EDGE('',*,*,#1740,.F.);
#2339=ORIENTED_EDGE('',*,*,#1741,.F.);
#2340=ORIENTED_EDGE('',*,*,#1740,.T.);
#2341=ORIENTED_EDGE('',*,*,#1742,.F.);
#2342=ORIENTED_EDGE('',*,*,#1743,.F.);
#2343=ORIENTED_EDGE('',*,*,#1744,.F.);
#2344=ORIENTED_EDGE('',*,*,#1743,.T.);
#2345=ORIENTED_EDGE('',*,*,#1745,.F.);
#2346=ORIENTED_EDGE('',*,*,#1746,.F.);
#2347=ORIENTED_EDGE('',*,*,#1747,.T.);
#2348=ORIENTED_EDGE('',*,*,#1748,.T.);
#2349=ORIENTED_EDGE('',*,*,#1749,.F.);
#2350=ORIENTED_EDGE('',*,*,#1750,.F.);
#2351=ORIENTED_EDGE('',*,*,#1751,.T.);
#2352=ORIENTED_EDGE('',*,*,#1752,.T.);
#2353=ORIENTED_EDGE('',*,*,#1753,.F.);
#2354=ORIENTED_EDGE('',*,*,#1754,.F.);
#2355=ORIENTED_EDGE('',*,*,#1755,.T.);
#2356=ORIENTED_EDGE('',*,*,#1753,.T.);
#2357=ORIENTED_EDGE('',*,*,#1756,.T.);
#2358=ORIENTED_EDGE('',*,*,#1757,.T.);
#2359=ORIENTED_EDGE('',*,*,#1758,.T.);
#2360=ORIENTED_EDGE('',*,*,#1759,.T.);
#2361=ORIENTED_EDGE('',*,*,#1760,.T.);
#2362=ORIENTED_EDGE('',*,*,#1749,.T.);
#2363=ORIENTED_EDGE('',*,*,#1761,.T.);
#2364=ORIENTED_EDGE('',*,*,#1745,.T.);
#2365=ORIENTED_EDGE('',*,*,#1742,.T.);
#2366=ORIENTED_EDGE('',*,*,#1739,.T.);
#2367=ORIENTED_EDGE('',*,*,#1762,.T.);
#2368=ORIENTED_EDGE('',*,*,#1763,.T.);
#2369=ORIENTED_EDGE('',*,*,#1764,.T.);
#2370=ORIENTED_EDGE('',*,*,#1765,.T.);
#2371=ORIENTED_EDGE('',*,*,#1763,.F.);
#2372=ORIENTED_EDGE('',*,*,#1765,.F.);
#2373=ORIENTED_EDGE('',*,*,#1766,.T.);
#2374=ORIENTED_EDGE('',*,*,#1767,.F.);
#2375=ORIENTED_EDGE('',*,*,#1766,.F.);
#2376=ORIENTED_EDGE('',*,*,#1764,.F.);
#2377=ORIENTED_EDGE('',*,*,#1762,.F.);
#2378=ORIENTED_EDGE('',*,*,#1768,.T.);
#2379=ORIENTED_EDGE('',*,*,#1769,.T.);
#2380=ORIENTED_EDGE('',*,*,#1770,.T.);
#2381=ORIENTED_EDGE('',*,*,#1771,.T.);
#2382=ORIENTED_EDGE('',*,*,#1769,.F.);
#2383=ORIENTED_EDGE('',*,*,#1771,.F.);
#2384=ORIENTED_EDGE('',*,*,#1772,.T.);
#2385=ORIENTED_EDGE('',*,*,#1773,.F.);
#2386=ORIENTED_EDGE('',*,*,#1772,.F.);
#2387=ORIENTED_EDGE('',*,*,#1770,.F.);
#2388=ORIENTED_EDGE('',*,*,#1768,.F.);
#2389=ORIENTED_EDGE('',*,*,#1774,.T.);
#2390=ORIENTED_EDGE('',*,*,#1775,.T.);
#2391=ORIENTED_EDGE('',*,*,#1776,.T.);
#2392=ORIENTED_EDGE('',*,*,#1777,.T.);
#2393=ORIENTED_EDGE('',*,*,#1775,.F.);
#2394=ORIENTED_EDGE('',*,*,#1777,.F.);
#2395=ORIENTED_EDGE('',*,*,#1778,.T.);
#2396=ORIENTED_EDGE('',*,*,#1779,.F.);
#2397=ORIENTED_EDGE('',*,*,#1778,.F.);
#2398=ORIENTED_EDGE('',*,*,#1776,.F.);
#2399=ORIENTED_EDGE('',*,*,#1774,.F.);
#2400=ORIENTED_EDGE('',*,*,#1780,.T.);
#2401=ORIENTED_EDGE('',*,*,#1781,.T.);
#2402=ORIENTED_EDGE('',*,*,#1782,.T.);
#2403=ORIENTED_EDGE('',*,*,#1783,.T.);
#2404=ORIENTED_EDGE('',*,*,#1781,.F.);
#2405=ORIENTED_EDGE('',*,*,#1783,.F.);
#2406=ORIENTED_EDGE('',*,*,#1784,.T.);
#2407=ORIENTED_EDGE('',*,*,#1785,.F.);
#2408=ORIENTED_EDGE('',*,*,#1784,.F.);
#2409=ORIENTED_EDGE('',*,*,#1782,.F.);
#2410=ORIENTED_EDGE('',*,*,#1780,.F.);
#2411=ORIENTED_EDGE('',*,*,#1786,.F.);
#2412=ORIENTED_EDGE('',*,*,#1750,.T.);
#2413=ORIENTED_EDGE('',*,*,#1760,.F.);
#2414=ORIENTED_EDGE('',*,*,#1787,.F.);
#2415=ORIENTED_EDGE('',*,*,#1788,.F.);
#2416=ORIENTED_EDGE('',*,*,#1789,.F.);
#2417=ORIENTED_EDGE('',*,*,#1790,.F.);
#2418=ORIENTED_EDGE('',*,*,#1791,.F.);
#2419=ORIENTED_EDGE('',*,*,#1732,.F.);
#2420=ORIENTED_EDGE('',*,*,#1729,.F.);
#2421=ORIENTED_EDGE('',*,*,#1792,.F.);
#2422=ORIENTED_EDGE('',*,*,#1793,.T.);
#2423=ORIENTED_EDGE('',*,*,#1714,.F.);
#2424=ORIENTED_EDGE('',*,*,#1710,.F.);
#2425=ORIENTED_EDGE('',*,*,#1794,.F.);
#2426=ORIENTED_EDGE('',*,*,#1795,.F.);
#2427=ORIENTED_EDGE('',*,*,#1796,.F.);
#2428=ORIENTED_EDGE('',*,*,#1797,.F.);
#2429=ORIENTED_EDGE('',*,*,#1798,.F.);
#2430=ORIENTED_EDGE('',*,*,#1727,.T.);
#2431=ORIENTED_EDGE('',*,*,#1734,.F.);
#2432=ORIENTED_EDGE('',*,*,#1799,.F.);
#2433=ORIENTED_EDGE('',*,*,#1800,.F.);
#2434=ORIENTED_EDGE('',*,*,#1801,.T.);
#2435=ORIENTED_EDGE('',*,*,#1756,.F.);
#2436=ORIENTED_EDGE('',*,*,#1752,.F.);
#2437=ORIENTED_EDGE('',*,*,#1802,.F.);
#2438=ORIENTED_EDGE('',*,*,#1803,.F.);
#2439=ORIENTED_EDGE('',*,*,#1804,.F.);
#2440=ORIENTED_EDGE('',*,*,#1805,.F.);
#2441=ORIENTED_EDGE('',*,*,#1806,.F.);
#2442=ORIENTED_EDGE('',*,*,#1708,.T.);
#2443=ORIENTED_EDGE('',*,*,#1718,.F.);
#2444=ORIENTED_EDGE('',*,*,#1807,.F.);
#2445=ORIENTED_EDGE('',*,*,#1789,.T.);
#2446=ORIENTED_EDGE('',*,*,#1728,.F.);
#2447=ORIENTED_EDGE('',*,*,#1808,.T.);
#2448=ORIENTED_EDGE('',*,*,#1809,.F.);
#2449=ORIENTED_EDGE('',*,*,#1790,.T.);
#2450=ORIENTED_EDGE('',*,*,#1809,.T.);
#2451=ORIENTED_EDGE('',*,*,#1810,.T.);
#2452=ORIENTED_EDGE('',*,*,#1811,.F.);
#2453=ORIENTED_EDGE('',*,*,#1788,.T.);
#2454=ORIENTED_EDGE('',*,*,#1812,.F.);
#2455=ORIENTED_EDGE('',*,*,#1813,.F.);
#2456=ORIENTED_EDGE('',*,*,#1814,.T.);
#2457=ORIENTED_EDGE('',*,*,#1787,.T.);
#2458=ORIENTED_EDGE('',*,*,#1759,.F.);
#2459=ORIENTED_EDGE('',*,*,#1815,.T.);
#2460=ORIENTED_EDGE('',*,*,#1816,.F.);
#2461=ORIENTED_EDGE('',*,*,#1817,.T.);
#2462=ORIENTED_EDGE('',*,*,#1715,.F.);
#2463=ORIENTED_EDGE('',*,*,#1793,.F.);
#2464=ORIENTED_EDGE('',*,*,#1818,.T.);
#2465=ORIENTED_EDGE('',*,*,#1819,.T.);
#2466=ORIENTED_EDGE('',*,*,#1820,.T.);
#2467=ORIENTED_EDGE('',*,*,#1821,.T.);
#2468=ORIENTED_EDGE('',*,*,#1822,.T.);
#2469=ORIENTED_EDGE('',*,*,#1799,.T.);
#2470=ORIENTED_EDGE('',*,*,#1733,.F.);
#2471=ORIENTED_EDGE('',*,*,#1791,.T.);
#2472=ORIENTED_EDGE('',*,*,#1811,.T.);
#2473=ORIENTED_EDGE('',*,*,#1823,.T.);
#2474=ORIENTED_EDGE('',*,*,#1824,.T.);
#2475=ORIENTED_EDGE('',*,*,#1825,.T.);
#2476=ORIENTED_EDGE('',*,*,#1812,.T.);
#2477=ORIENTED_EDGE('',*,*,#1796,.T.);
#2478=ORIENTED_EDGE('',*,*,#1822,.F.);
#2479=ORIENTED_EDGE('',*,*,#1826,.F.);
#2480=ORIENTED_EDGE('',*,*,#1827,.F.);
#2481=ORIENTED_EDGE('',*,*,#1798,.T.);
#2482=ORIENTED_EDGE('',*,*,#1828,.F.);
#2483=ORIENTED_EDGE('',*,*,#1724,.F.);
#2484=ORIENTED_EDGE('',*,*,#1794,.T.);
#2485=ORIENTED_EDGE('',*,*,#1709,.F.);
#2486=ORIENTED_EDGE('',*,*,#1829,.T.);
#2487=ORIENTED_EDGE('',*,*,#1795,.T.);
#2488=ORIENTED_EDGE('',*,*,#1830,.T.);
#2489=ORIENTED_EDGE('',*,*,#1831,.T.);
#2490=ORIENTED_EDGE('',*,*,#1832,.T.);
#2491=ORIENTED_EDGE('',*,*,#1797,.T.);
#2492=ORIENTED_EDGE('',*,*,#1827,.T.);
#2493=ORIENTED_EDGE('',*,*,#1833,.T.);
#2494=ORIENTED_EDGE('',*,*,#1834,.T.);
#2495=ORIENTED_EDGE('',*,*,#1835,.T.);
#2496=ORIENTED_EDGE('',*,*,#1836,.T.);
#2497=ORIENTED_EDGE('',*,*,#1720,.T.);
#2498=ORIENTED_EDGE('',*,*,#1837,.T.);
#2499=ORIENTED_EDGE('',*,*,#1838,.F.);
#2500=ORIENTED_EDGE('',*,*,#1839,.T.);
#2501=ORIENTED_EDGE('',*,*,#1702,.T.);
#2502=ORIENTED_EDGE('',*,*,#1840,.T.);
#2503=ORIENTED_EDGE('',*,*,#1841,.F.);
#2504=ORIENTED_EDGE('',*,*,#1842,.F.);
#2505=ORIENTED_EDGE('',*,*,#1843,.F.);
#2506=ORIENTED_EDGE('',*,*,#1844,.F.);
#2507=ORIENTED_EDGE('',*,*,#1845,.F.);
#2508=ORIENTED_EDGE('',*,*,#1846,.T.);
#2509=ORIENTED_EDGE('',*,*,#1695,.T.);
#2510=ORIENTED_EDGE('',*,*,#1699,.T.);
#2511=ORIENTED_EDGE('',*,*,#1801,.F.);
#2512=ORIENTED_EDGE('',*,*,#1847,.T.);
#2513=ORIENTED_EDGE('',*,*,#1848,.T.);
#2514=ORIENTED_EDGE('',*,*,#1849,.T.);
#2515=ORIENTED_EDGE('',*,*,#1850,.T.);
#2516=ORIENTED_EDGE('',*,*,#1851,.T.);
#2517=ORIENTED_EDGE('',*,*,#1807,.T.);
#2518=ORIENTED_EDGE('',*,*,#1717,.F.);
#2519=ORIENTED_EDGE('',*,*,#1852,.T.);
#2520=ORIENTED_EDGE('',*,*,#1853,.F.);
#2521=ORIENTED_EDGE('',*,*,#1854,.F.);
#2522=ORIENTED_EDGE('',*,*,#1757,.F.);
#2523=ORIENTED_EDGE('',*,*,#1804,.T.);
#2524=ORIENTED_EDGE('',*,*,#1851,.F.);
#2525=ORIENTED_EDGE('',*,*,#1855,.F.);
#2526=ORIENTED_EDGE('',*,*,#1856,.F.);
#2527=ORIENTED_EDGE('',*,*,#1806,.T.);
#2528=ORIENTED_EDGE('',*,*,#1857,.F.);
#2529=ORIENTED_EDGE('',*,*,#1705,.F.);
#2530=ORIENTED_EDGE('',*,*,#1802,.T.);
#2531=ORIENTED_EDGE('',*,*,#1751,.F.);
#2532=ORIENTED_EDGE('',*,*,#1858,.T.);
#2533=ORIENTED_EDGE('',*,*,#1803,.T.);
#2534=ORIENTED_EDGE('',*,*,#1859,.T.);
#2535=ORIENTED_EDGE('',*,*,#1860,.T.);
#2536=ORIENTED_EDGE('',*,*,#1861,.T.);
#2537=ORIENTED_EDGE('',*,*,#1805,.T.);
#2538=ORIENTED_EDGE('',*,*,#1856,.T.);
#2539=ORIENTED_EDGE('',*,*,#1862,.T.);
#2540=ORIENTED_EDGE('',*,*,#1863,.T.);
#2541=ORIENTED_EDGE('',*,*,#1864,.T.);
#2542=ORIENTED_EDGE('',*,*,#1865,.T.);
#2543=ORIENTED_EDGE('',*,*,#1866,.T.);
#2544=ORIENTED_EDGE('',*,*,#1867,.T.);
#2545=ORIENTED_EDGE('',*,*,#1868,.T.);
#2546=ORIENTED_EDGE('',*,*,#1869,.T.);
#2547=ORIENTED_EDGE('',*,*,#1870,.T.);
#2548=ORIENTED_EDGE('',*,*,#1871,.T.);
#2549=ORIENTED_EDGE('',*,*,#1872,.T.);
#2550=ORIENTED_EDGE('',*,*,#1869,.F.);
#2551=ORIENTED_EDGE('',*,*,#1873,.T.);
#2552=ORIENTED_EDGE('',*,*,#1871,.F.);
#2553=ORIENTED_EDGE('',*,*,#1874,.T.);
#2554=ORIENTED_EDGE('',*,*,#1875,.T.);
#2555=ORIENTED_EDGE('',*,*,#1876,.T.);
#2556=ORIENTED_EDGE('',*,*,#1875,.F.);
#2557=ORIENTED_EDGE('',*,*,#1877,.T.);
#2558=ORIENTED_EDGE('',*,*,#1867,.F.);
#2559=ORIENTED_EDGE('',*,*,#1870,.F.);
#2560=ORIENTED_EDGE('',*,*,#1878,.F.);
#2561=ORIENTED_EDGE('',*,*,#1879,.F.);
#2562=ORIENTED_EDGE('',*,*,#1880,.T.);
#2563=ORIENTED_EDGE('',*,*,#1868,.F.);
#2564=ORIENTED_EDGE('',*,*,#1881,.F.);
#2565=ORIENTED_EDGE('',*,*,#1882,.F.);
#2566=ORIENTED_EDGE('',*,*,#1878,.T.);
#2567=ORIENTED_EDGE('',*,*,#1883,.F.);
#2568=ORIENTED_EDGE('',*,*,#1884,.F.);
#2569=ORIENTED_EDGE('',*,*,#1885,.F.);
#2570=ORIENTED_EDGE('',*,*,#1886,.F.);
#2571=ORIENTED_EDGE('',*,*,#1887,.T.);
#2572=ORIENTED_EDGE('',*,*,#1866,.F.);
#2573=ORIENTED_EDGE('',*,*,#1872,.F.);
#2574=ORIENTED_EDGE('',*,*,#1873,.F.);
#2575=ORIENTED_EDGE('',*,*,#1876,.F.);
#2576=ORIENTED_EDGE('',*,*,#1888,.F.);
#2577=ORIENTED_EDGE('',*,*,#1889,.F.);
#2578=ORIENTED_EDGE('',*,*,#1890,.F.);
#2579=ORIENTED_EDGE('',*,*,#1842,.T.);
#2580=ORIENTED_EDGE('',*,*,#1891,.T.);
#2581=ORIENTED_EDGE('',*,*,#1889,.T.);
#2582=ORIENTED_EDGE('',*,*,#1892,.T.);
#2583=ORIENTED_EDGE('',*,*,#1893,.F.);
#2584=ORIENTED_EDGE('',*,*,#1894,.F.);
#2585=ORIENTED_EDGE('',*,*,#1895,.F.);
#2586=ORIENTED_EDGE('',*,*,#1896,.T.);
#2587=ORIENTED_EDGE('',*,*,#1897,.T.);
#2588=ORIENTED_EDGE('',*,*,#1894,.T.);
#2589=ORIENTED_EDGE('',*,*,#1898,.T.);
#2590=ORIENTED_EDGE('',*,*,#1899,.F.);
#2591=ORIENTED_EDGE('',*,*,#1900,.F.);
#2592=ORIENTED_EDGE('',*,*,#1901,.F.);
#2593=ORIENTED_EDGE('',*,*,#1844,.T.);
#2594=ORIENTED_EDGE('',*,*,#1902,.T.);
#2595=ORIENTED_EDGE('',*,*,#1900,.T.);
#2596=ORIENTED_EDGE('',*,*,#1903,.T.);
#2597=ORIENTED_EDGE('',*,*,#1888,.T.);
#2598=ORIENTED_EDGE('',*,*,#1883,.T.);
#2599=ORIENTED_EDGE('',*,*,#1901,.T.);
#2600=ORIENTED_EDGE('',*,*,#1904,.T.);
#2601=ORIENTED_EDGE('',*,*,#1905,.F.);
#2602=ORIENTED_EDGE('',*,*,#1906,.F.);
#2603=ORIENTED_EDGE('',*,*,#1907,.F.);
#2604=ORIENTED_EDGE('',*,*,#1908,.T.);
#2605=ORIENTED_EDGE('',*,*,#1909,.T.);
#2606=ORIENTED_EDGE('',*,*,#1906,.T.);
#2607=ORIENTED_EDGE('',*,*,#1910,.T.);
#2608=ORIENTED_EDGE('',*,*,#1899,.T.);
#2609=ORIENTED_EDGE('',*,*,#1886,.T.);
#2610=ORIENTED_EDGE('',*,*,#1907,.T.);
#2611=ORIENTED_EDGE('',*,*,#1911,.T.);
#2612=ORIENTED_EDGE('',*,*,#1905,.T.);
#2613=ORIENTED_EDGE('',*,*,#1885,.T.);
#2614=ORIENTED_EDGE('',*,*,#1895,.T.);
#2615=ORIENTED_EDGE('',*,*,#1912,.T.);
#2616=ORIENTED_EDGE('',*,*,#1893,.T.);
#2617=ORIENTED_EDGE('',*,*,#1884,.T.);
#2618=ORIENTED_EDGE('',*,*,#1890,.T.);
#2619=ORIENTED_EDGE('',*,*,#1913,.T.);
#2620=ORIENTED_EDGE('',*,*,#1892,.F.);
#2621=ORIENTED_EDGE('',*,*,#1904,.F.);
#2622=ORIENTED_EDGE('',*,*,#1902,.F.);
#2623=ORIENTED_EDGE('',*,*,#1843,.T.);
#2624=ORIENTED_EDGE('',*,*,#1914,.T.);
#2625=ORIENTED_EDGE('',*,*,#1915,.T.);
#2626=ORIENTED_EDGE('',*,*,#1903,.F.);
#2627=ORIENTED_EDGE('',*,*,#1911,.F.);
#2628=ORIENTED_EDGE('',*,*,#1909,.F.);
#2629=ORIENTED_EDGE('',*,*,#1916,.T.);
#2630=ORIENTED_EDGE('',*,*,#1917,.T.);
#2631=ORIENTED_EDGE('',*,*,#1918,.T.);
#2632=ORIENTED_EDGE('',*,*,#1919,.T.);
#2633=ORIENTED_EDGE('',*,*,#1838,.T.);
#2634=ORIENTED_EDGE('',*,*,#1920,.T.);
#2635=ORIENTED_EDGE('',*,*,#1921,.T.);
#2636=ORIENTED_EDGE('',*,*,#1922,.T.);
#2637=ORIENTED_EDGE('',*,*,#1845,.T.);
#2638=ORIENTED_EDGE('',*,*,#1923,.F.);
#2639=ORIENTED_EDGE('',*,*,#1924,.T.);
#2640=ORIENTED_EDGE('',*,*,#1887,.F.);
#2641=ORIENTED_EDGE('',*,*,#1924,.F.);
#2642=ORIENTED_EDGE('',*,*,#1874,.F.);
#2643=ORIENTED_EDGE('',*,*,#1880,.F.);
#2644=ORIENTED_EDGE('',*,*,#1925,.F.);
#2645=ORIENTED_EDGE('',*,*,#1926,.T.);
#2646=ORIENTED_EDGE('',*,*,#1877,.F.);
#2647=ORIENTED_EDGE('',*,*,#1926,.F.);
#2648=ORIENTED_EDGE('',*,*,#1927,.F.);
#2649=ORIENTED_EDGE('',*,*,#1881,.T.);
#2650=ORIENTED_EDGE('',*,*,#1928,.F.);
#2651=ORIENTED_EDGE('',*,*,#1929,.F.);
#2652=ORIENTED_EDGE('',*,*,#1930,.F.);
#2653=ORIENTED_EDGE('',*,*,#1931,.T.);
#2654=ORIENTED_EDGE('',*,*,#1932,.F.);
#2655=ORIENTED_EDGE('',*,*,#1933,.F.);
#2656=ORIENTED_EDGE('',*,*,#1934,.F.);
#2657=ORIENTED_EDGE('',*,*,#1929,.T.);
#2658=ORIENTED_EDGE('',*,*,#1935,.F.);
#2659=ORIENTED_EDGE('',*,*,#1936,.F.);
#2660=ORIENTED_EDGE('',*,*,#1937,.F.);
#2661=ORIENTED_EDGE('',*,*,#1933,.T.);
#2662=ORIENTED_EDGE('',*,*,#1938,.F.);
#2663=ORIENTED_EDGE('',*,*,#1931,.F.);
#2664=ORIENTED_EDGE('',*,*,#1939,.F.);
#2665=ORIENTED_EDGE('',*,*,#1936,.T.);
#2666=ORIENTED_EDGE('',*,*,#1932,.T.);
#2667=ORIENTED_EDGE('',*,*,#1928,.T.);
#2668=ORIENTED_EDGE('',*,*,#1938,.T.);
#2669=ORIENTED_EDGE('',*,*,#1935,.T.);
#2670=ORIENTED_EDGE('',*,*,#1882,.T.);
#2671=ORIENTED_EDGE('',*,*,#1927,.T.);
#2672=ORIENTED_EDGE('',*,*,#1925,.T.);
#2673=ORIENTED_EDGE('',*,*,#1879,.T.);
#2674=ORIENTED_EDGE('',*,*,#1864,.F.);
#2675=ORIENTED_EDGE('',*,*,#1940,.T.);
#2676=ORIENTED_EDGE('',*,*,#1848,.F.);
#2677=ORIENTED_EDGE('',*,*,#1941,.F.);
#2678=ORIENTED_EDGE('',*,*,#1863,.F.);
#2679=ORIENTED_EDGE('',*,*,#1942,.T.);
#2680=ORIENTED_EDGE('',*,*,#1849,.F.);
#2681=ORIENTED_EDGE('',*,*,#1940,.F.);
#2682=ORIENTED_EDGE('',*,*,#1862,.F.);
#2683=ORIENTED_EDGE('',*,*,#1855,.T.);
#2684=ORIENTED_EDGE('',*,*,#1850,.F.);
#2685=ORIENTED_EDGE('',*,*,#1942,.F.);
#2686=ORIENTED_EDGE('',*,*,#1800,.T.);
#2687=ORIENTED_EDGE('',*,*,#1865,.F.);
#2688=ORIENTED_EDGE('',*,*,#1941,.T.);
#2689=ORIENTED_EDGE('',*,*,#1847,.F.);
#2690=ORIENTED_EDGE('',*,*,#1835,.F.);
#2691=ORIENTED_EDGE('',*,*,#1943,.T.);
#2692=ORIENTED_EDGE('',*,*,#1819,.F.);
#2693=ORIENTED_EDGE('',*,*,#1944,.F.);
#2694=ORIENTED_EDGE('',*,*,#1834,.F.);
#2695=ORIENTED_EDGE('',*,*,#1945,.T.);
#2696=ORIENTED_EDGE('',*,*,#1820,.F.);
#2697=ORIENTED_EDGE('',*,*,#1943,.F.);
#2698=ORIENTED_EDGE('',*,*,#1833,.F.);
#2699=ORIENTED_EDGE('',*,*,#1826,.T.);
#2700=ORIENTED_EDGE('',*,*,#1821,.F.);
#2701=ORIENTED_EDGE('',*,*,#1945,.F.);
#2702=ORIENTED_EDGE('',*,*,#1792,.T.);
#2703=ORIENTED_EDGE('',*,*,#1836,.F.);
#2704=ORIENTED_EDGE('',*,*,#1944,.T.);
#2705=ORIENTED_EDGE('',*,*,#1818,.F.);
#2706=ORIENTED_EDGE('',*,*,#1946,.T.);
#2707=ORIENTED_EDGE('',*,*,#1947,.T.);
#2708=ORIENTED_EDGE('',*,*,#1823,.F.);
#2709=ORIENTED_EDGE('',*,*,#1810,.F.);
#2710=ORIENTED_EDGE('',*,*,#1948,.T.);
#2711=ORIENTED_EDGE('',*,*,#1949,.T.);
#2712=ORIENTED_EDGE('',*,*,#1824,.F.);
#2713=ORIENTED_EDGE('',*,*,#1947,.F.);
#2714=ORIENTED_EDGE('',*,*,#1950,.T.);
#2715=ORIENTED_EDGE('',*,*,#1813,.T.);
#2716=ORIENTED_EDGE('',*,*,#1825,.F.);
#2717=ORIENTED_EDGE('',*,*,#1949,.F.);
#2718=ORIENTED_EDGE('',*,*,#1857,.T.);
#2719=ORIENTED_EDGE('',*,*,#1861,.F.);
#2720=ORIENTED_EDGE('',*,*,#1951,.F.);
#2721=ORIENTED_EDGE('',*,*,#1952,.F.);
#2722=ORIENTED_EDGE('',*,*,#1840,.F.);
#2723=ORIENTED_EDGE('',*,*,#1704,.T.);
#2724=ORIENTED_EDGE('',*,*,#1719,.F.);
#2725=ORIENTED_EDGE('',*,*,#1706,.F.);
#2726=ORIENTED_EDGE('',*,*,#1953,.F.);
#2727=ORIENTED_EDGE('',*,*,#1954,.F.);
#2728=ORIENTED_EDGE('',*,*,#1955,.T.);
#2729=ORIENTED_EDGE('',*,*,#1859,.F.);
#2730=ORIENTED_EDGE('',*,*,#1858,.F.);
#2731=ORIENTED_EDGE('',*,*,#1754,.T.);
#2732=ORIENTED_EDGE('',*,*,#1755,.F.);
#2733=ORIENTED_EDGE('',*,*,#1738,.F.);
#2734=ORIENTED_EDGE('',*,*,#1860,.F.);
#2735=ORIENTED_EDGE('',*,*,#1955,.F.);
#2736=ORIENTED_EDGE('',*,*,#1956,.F.);
#2737=ORIENTED_EDGE('',*,*,#1951,.T.);
#2738=ORIENTED_EDGE('',*,*,#1891,.F.);
#2739=ORIENTED_EDGE('',*,*,#1841,.T.);
#2740=ORIENTED_EDGE('',*,*,#1952,.T.);
#2741=ORIENTED_EDGE('',*,*,#1956,.T.);
#2742=ORIENTED_EDGE('',*,*,#1954,.T.);
#2743=ORIENTED_EDGE('',*,*,#1957,.T.);
#2744=ORIENTED_EDGE('',*,*,#1898,.F.);
#2745=ORIENTED_EDGE('',*,*,#1913,.F.);
#2746=ORIENTED_EDGE('',*,*,#1958,.T.);
#2747=ORIENTED_EDGE('',*,*,#1950,.F.);
#2748=ORIENTED_EDGE('',*,*,#1959,.F.);
#2749=ORIENTED_EDGE('',*,*,#1917,.F.);
#2750=ORIENTED_EDGE('',*,*,#1960,.F.);
#2751=ORIENTED_EDGE('',*,*,#1746,.T.);
#2752=ORIENTED_EDGE('',*,*,#1761,.F.);
#2753=ORIENTED_EDGE('',*,*,#1748,.F.);
#2754=ORIENTED_EDGE('',*,*,#1839,.F.);
#2755=ORIENTED_EDGE('',*,*,#1919,.F.);
#2756=ORIENTED_EDGE('',*,*,#1961,.T.);
#2757=ORIENTED_EDGE('',*,*,#1946,.F.);
#2758=ORIENTED_EDGE('',*,*,#1808,.F.);
#2759=ORIENTED_EDGE('',*,*,#1731,.T.);
#2760=ORIENTED_EDGE('',*,*,#1736,.F.);
#2761=ORIENTED_EDGE('',*,*,#1721,.F.);
#2762=ORIENTED_EDGE('',*,*,#1948,.F.);
#2763=ORIENTED_EDGE('',*,*,#1961,.F.);
#2764=ORIENTED_EDGE('',*,*,#1918,.F.);
#2765=ORIENTED_EDGE('',*,*,#1959,.T.);
#2766=ORIENTED_EDGE('',*,*,#1786,.T.);
#2767=ORIENTED_EDGE('',*,*,#1814,.F.);
#2768=ORIENTED_EDGE('',*,*,#1958,.F.);
#2769=ORIENTED_EDGE('',*,*,#1747,.F.);
#2770=ORIENTED_EDGE('',*,*,#1828,.T.);
#2771=ORIENTED_EDGE('',*,*,#1832,.F.);
#2772=ORIENTED_EDGE('',*,*,#1962,.F.);
#2773=ORIENTED_EDGE('',*,*,#1920,.F.);
#2774=ORIENTED_EDGE('',*,*,#1837,.F.);
#2775=ORIENTED_EDGE('',*,*,#1723,.T.);
#2776=ORIENTED_EDGE('',*,*,#1735,.F.);
#2777=ORIENTED_EDGE('',*,*,#1725,.F.);
#2778=ORIENTED_EDGE('',*,*,#1846,.F.);
#2779=ORIENTED_EDGE('',*,*,#1922,.F.);
#2780=ORIENTED_EDGE('',*,*,#1963,.T.);
#2781=ORIENTED_EDGE('',*,*,#1830,.F.);
#2782=ORIENTED_EDGE('',*,*,#1829,.F.);
#2783=ORIENTED_EDGE('',*,*,#1712,.T.);
#2784=ORIENTED_EDGE('',*,*,#1713,.F.);
#2785=ORIENTED_EDGE('',*,*,#1696,.F.);
#2786=ORIENTED_EDGE('',*,*,#1831,.F.);
#2787=ORIENTED_EDGE('',*,*,#1963,.F.);
#2788=ORIENTED_EDGE('',*,*,#1921,.F.);
#2789=ORIENTED_EDGE('',*,*,#1962,.T.);
#2790=ORIENTED_EDGE('',*,*,#1915,.F.);
#2791=ORIENTED_EDGE('',*,*,#1964,.T.);
#2792=ORIENTED_EDGE('',*,*,#1965,.F.);
#2793=ORIENTED_EDGE('',*,*,#1964,.F.);
#2794=ORIENTED_EDGE('',*,*,#1914,.F.);
#2795=ORIENTED_EDGE('',*,*,#1966,.T.);
#2796=ORIENTED_EDGE('',*,*,#1967,.F.);
#2797=ORIENTED_EDGE('',*,*,#1966,.F.);
#2798=ORIENTED_EDGE('',*,*,#1968,.T.);
#2799=ORIENTED_EDGE('',*,*,#1816,.T.);
#2800=ORIENTED_EDGE('',*,*,#1969,.T.);
#2801=ORIENTED_EDGE('',*,*,#1853,.T.);
#2802=ORIENTED_EDGE('',*,*,#1785,.T.);
#2803=ORIENTED_EDGE('',*,*,#1779,.T.);
#2804=ORIENTED_EDGE('',*,*,#1767,.T.);
#2805=ORIENTED_EDGE('',*,*,#1773,.T.);
#2806=ORIENTED_EDGE('',*,*,#1923,.T.);
#2807=ORIENTED_EDGE('',*,*,#1930,.T.);
#2808=ORIENTED_EDGE('',*,*,#1934,.T.);
#2809=ORIENTED_EDGE('',*,*,#1937,.T.);
#2810=ORIENTED_EDGE('',*,*,#1939,.T.);
#2811=ORIENTED_EDGE('',*,*,#1817,.F.);
#2812=ORIENTED_EDGE('',*,*,#1968,.F.);
#2813=ORIENTED_EDGE('',*,*,#1852,.F.);
#2814=ORIENTED_EDGE('',*,*,#1716,.F.);
#2815=ORIENTED_EDGE('',*,*,#1965,.T.);
#2816=ORIENTED_EDGE('',*,*,#1967,.T.);
#2817=ORIENTED_EDGE('',*,*,#1854,.T.);
#2818=ORIENTED_EDGE('',*,*,#1969,.F.);
#2819=ORIENTED_EDGE('',*,*,#1815,.F.);
#2820=ORIENTED_EDGE('',*,*,#1758,.F.);
#2821=ORIENTED_EDGE('',*,*,#1897,.F.);
#2822=ORIENTED_EDGE('',*,*,#1970,.T.);
#2823=ORIENTED_EDGE('',*,*,#1910,.F.);
#2824=ORIENTED_EDGE('',*,*,#1912,.F.);
#2825=ORIENTED_EDGE('',*,*,#1744,.T.);
#2826=ORIENTED_EDGE('',*,*,#1960,.T.);
#2827=ORIENTED_EDGE('',*,*,#1916,.F.);
#2828=ORIENTED_EDGE('',*,*,#1908,.F.);
#2829=ORIENTED_EDGE('',*,*,#1970,.F.);
#2830=ORIENTED_EDGE('',*,*,#1896,.F.);
#2831=ORIENTED_EDGE('',*,*,#1957,.F.);
#2832=ORIENTED_EDGE('',*,*,#1953,.T.);
#2833=ORIENTED_EDGE('',*,*,#1737,.T.);
#2834=ORIENTED_EDGE('',*,*,#1741,.T.);
#2835=ORIENTED_EDGE('',*,*,#1971,.T.);
#2836=ORIENTED_EDGE('',*,*,#1972,.T.);
#2837=ORIENTED_EDGE('',*,*,#1973,.T.);
#2838=ORIENTED_EDGE('',*,*,#1974,.T.);
#2839=ORIENTED_EDGE('',*,*,#1972,.F.);
#2840=ORIENTED_EDGE('',*,*,#1974,.F.);
#2841=ORIENTED_EDGE('',*,*,#1975,.T.);
#2842=ORIENTED_EDGE('',*,*,#1976,.F.);
#2843=ORIENTED_EDGE('',*,*,#1975,.F.);
#2844=ORIENTED_EDGE('',*,*,#1973,.F.);
#2845=ORIENTED_EDGE('',*,*,#1971,.F.);
#2846=ORIENTED_EDGE('',*,*,#1977,.F.);
#2847=ORIENTED_EDGE('',*,*,#1978,.T.);
#2848=ORIENTED_EDGE('',*,*,#1979,.F.);
#2849=ORIENTED_EDGE('',*,*,#1978,.F.);
#2850=ORIENTED_EDGE('',*,*,#1977,.T.);
#2851=ORIENTED_EDGE('',*,*,#1980,.F.);
#2852=ORIENTED_EDGE('',*,*,#1976,.T.);
#2853=ORIENTED_EDGE('',*,*,#1981,.F.);
#2854=ORIENTED_EDGE('',*,*,#1982,.T.);
#2855=ORIENTED_EDGE('',*,*,#1980,.T.);
#2856=ORIENTED_EDGE('',*,*,#1982,.F.);
#2857=ORIENTED_EDGE('',*,*,#1981,.T.);
#2858=ORIENTED_EDGE('',*,*,#1979,.T.);
#2859=PLANE('',#3203);
#2860=PLANE('',#3204);
#2861=PLANE('',#3205);
#2862=PLANE('',#3206);
#2863=PLANE('',#3207);
#2864=PLANE('',#3208);
#2865=PLANE('',#3209);
#2866=PLANE('',#3210);
#2867=PLANE('',#3211);
#2868=PLANE('',#3212);
#2869=PLANE('',#3213);
#2870=PLANE('',#3214);
#2871=PLANE('',#3215);
#2872=PLANE('',#3216);
#2873=PLANE('',#3217);
#2874=PLANE('',#3218);
#2875=PLANE('',#3219);
#2876=PLANE('',#3220);
#2877=PLANE('',#3221);
#2878=PLANE('',#3222);
#2879=PLANE('',#3223);
#2880=PLANE('',#3224);
#2881=PLANE('',#3225);
#2882=PLANE('',#3226);
#2883=PLANE('',#3229);
#2884=PLANE('',#3232);
#2885=PLANE('',#3233);
#2886=PLANE('',#3241);
#2887=PLANE('',#3249);
#2888=PLANE('',#3257);
#2889=PLANE('',#3265);
#2890=PLANE('',#3290);
#2891=PLANE('',#3291);
#2892=PLANE('',#3292);
#2893=PLANE('',#3293);
#2894=PLANE('',#3294);
#2895=PLANE('',#3295);
#2896=PLANE('',#3296);
#2897=PLANE('',#3297);
#2898=PLANE('',#3298);
#2899=PLANE('',#3299);
#2900=PLANE('',#3300);
#2901=PLANE('',#3301);
#2902=PLANE('',#3303);
#2903=PLANE('',#3304);
#2904=PLANE('',#3305);
#2905=PLANE('',#3306);
#2906=PLANE('',#3307);
#2907=PLANE('',#3308);
#2908=PLANE('',#3309);
#2909=PLANE('',#3310);
#2910=PLANE('',#3311);
#2911=PLANE('',#3312);
#2912=PLANE('',#3313);
#2913=PLANE('',#3314);
#2914=PLANE('',#3315);
#2915=PLANE('',#3316);
#2916=PLANE('',#3317);
#2917=PLANE('',#3318);
#2918=PLANE('',#3326);
#2919=PLANE('',#3334);
#2920=PLANE('',#3342);
#2921=PLANE('',#3350);
#2922=PLANE('',#3351);
#2923=PLANE('',#3352);
#2924=PLANE('',#3353);
#2925=PLANE('',#3354);
#2926=PLANE('',#3355);
#2927=PLANE('',#3356);
#2928=PLANE('',#3357);
#2929=PLANE('',#3358);
#2930=PLANE('',#3359);
#2931=PLANE('',#3360);
#2932=PLANE('',#3361);
#2933=PLANE('',#3362);
#2934=PLANE('',#3363);
#2935=PLANE('',#3364);
#2936=PLANE('',#3365);
#2937=PLANE('',#3366);
#2938=PLANE('',#3369);
#2939=PLANE('',#3370);
#2940=PLANE('',#3371);
#2941=PLANE('',#3372);
#2942=PLANE('',#3373);
#2943=PLANE('',#3382);
#2944=PLANE('',#3383);
#2945=PLANE('',#3384);
#2946=PLANE('',#3412);
#2947=PLANE('',#3415);
#2948=PLANE('',#3418);
#2949=PLANE('',#3419);
#2950=PLANE('',#3420);
#2951=PLANE('',#3421);
#2952=PLANE('',#3422);
#2953=PLANE('',#3423);
#2954=PLANE('',#3424);
#2955=PLANE('',#3425);
#2956=PLANE('',#3426);
#2957=PLANE('',#3427);
#2958=PLANE('',#3428);
#2959=PLANE('',#3429);
#2960=PLANE('',#3430);
#2961=PLANE('',#3431);
#2962=PLANE('',#3432);
#2963=PLANE('',#3433);
#2964=PLANE('',#3434);
#2965=PLANE('',#3435);
#2966=PLANE('',#3436);
#2967=PLANE('',#3437);
#2968=PLANE('',#3438);
#2969=PLANE('',#3439);
#2970=PLANE('',#3440);
#2971=PLANE('',#3441);
#2972=PLANE('',#3442);
#2973=PLANE('',#3443);
#2974=PLANE('',#3444);
#2975=PLANE('',#3445);
#2976=PLANE('',#3446);
#2977=PLANE('',#3451);
#2978=PLANE('',#3452);
#2979=PLANE('',#3453);
#2980=PLANE('',#3454);
#2981=PLANE('',#3455);
#2982=PLANE('',#3464);
#2983=PLANE('',#3468);
#2984=PLANE('',#3469);
#2985=PLANE('',#3473);
#2986=ADVANCED_FACE('',(#197),#2859,.F.);
#2987=ADVANCED_FACE('',(#198),#2860,.F.);
#2988=ADVANCED_FACE('',(#199),#2861,.F.);
#2989=ADVANCED_FACE('',(#200),#2862,.F.);
#2990=ADVANCED_FACE('',(#201),#2863,.F.);
#2991=ADVANCED_FACE('',(#202),#2864,.F.);
#2992=ADVANCED_FACE('',(#203),#2865,.F.);
#2993=ADVANCED_FACE('',(#204),#2866,.F.);
#2994=ADVANCED_FACE('',(#205),#2867,.F.);
#2995=ADVANCED_FACE('',(#206),#2868,.F.);
#2996=ADVANCED_FACE('',(#207),#2869,.F.);
#2997=ADVANCED_FACE('',(#208),#2870,.F.);
#2998=ADVANCED_FACE('',(#209),#2871,.F.);
#2999=ADVANCED_FACE('',(#210),#2872,.F.);
#3000=ADVANCED_FACE('',(#211),#2873,.F.);
#3001=ADVANCED_FACE('',(#212),#2874,.F.);
#3002=ADVANCED_FACE('',(#213,#177),#2875,.F.);
#3003=ADVANCED_FACE('',(#214),#2876,.T.);
#3004=ADVANCED_FACE('',(#215),#2877,.T.);
#3005=ADVANCED_FACE('',(#216),#2878,.F.);
#3006=ADVANCED_FACE('',(#217),#2879,.F.);
#3007=ADVANCED_FACE('',(#218),#2880,.F.);
#3008=ADVANCED_FACE('',(#219),#2881,.T.);
#3009=ADVANCED_FACE('',(#220),#2882,.T.);
#3010=ADVANCED_FACE('',(#221),#2883,.T.);
#3011=ADVANCED_FACE('',(#222),#2884,.F.);
#3012=ADVANCED_FACE('',(#223),#2885,.F.);
#3013=ADVANCED_FACE('',(#224),#81,.T.);
#3014=ADVANCED_FACE('',(#225),#53,.T.);
#3015=ADVANCED_FACE('',(#226),#2886,.F.);
#3016=ADVANCED_FACE('',(#227),#82,.T.);
#3017=ADVANCED_FACE('',(#228),#54,.T.);
#3018=ADVANCED_FACE('',(#229),#2887,.F.);
#3019=ADVANCED_FACE('',(#230),#83,.T.);
#3020=ADVANCED_FACE('',(#231),#55,.T.);
#3021=ADVANCED_FACE('',(#232),#2888,.F.);
#3022=ADVANCED_FACE('',(#233),#84,.T.);
#3023=ADVANCED_FACE('',(#234),#56,.T.);
#3024=ADVANCED_FACE('',(#235),#2889,.F.);
#3025=ADVANCED_FACE('',(#236),#45,.T.);
#3026=ADVANCED_FACE('',(#237),#57,.T.);
#3027=ADVANCED_FACE('',(#238),#46,.T.);
#3028=ADVANCED_FACE('',(#239),#58,.T.);
#3029=ADVANCED_FACE('',(#240),#47,.T.);
#3030=ADVANCED_FACE('',(#241),#59,.T.);
#3031=ADVANCED_FACE('',(#242),#60,.T.);
#3032=ADVANCED_FACE('',(#243),#48,.T.);
#3033=ADVANCED_FACE('',(#244),#61,.T.);
#3034=ADVANCED_FACE('',(#245),#62,.T.);
#3035=ADVANCED_FACE('',(#246),#63,.T.);
#3036=ADVANCED_FACE('',(#247),#64,.T.);
#3037=ADVANCED_FACE('',(#248),#2890,.T.);
#3038=ADVANCED_FACE('',(#249),#2891,.T.);
#3039=ADVANCED_FACE('',(#250),#2892,.T.);
#3040=ADVANCED_FACE('',(#251),#2893,.F.);
#3041=ADVANCED_FACE('',(#252),#2894,.F.);
#3042=ADVANCED_FACE('',(#253),#2895,.F.);
#3043=ADVANCED_FACE('',(#254),#2896,.F.);
#3044=ADVANCED_FACE('',(#255),#2897,.T.);
#3045=ADVANCED_FACE('',(#256,#178,#179,#180,#181),#2898,.F.);
#3046=ADVANCED_FACE('',(#257),#2899,.T.);
#3047=ADVANCED_FACE('',(#258),#2900,.T.);
#3048=ADVANCED_FACE('',(#259),#2901,.T.);
#3049=ADVANCED_FACE('',(#260),#2902,.T.);
#3050=ADVANCED_FACE('',(#261),#2903,.T.);
#3051=ADVANCED_FACE('',(#262),#2904,.T.);
#3052=ADVANCED_FACE('',(#263),#2905,.T.);
#3053=ADVANCED_FACE('',(#264),#2906,.T.);
#3054=ADVANCED_FACE('',(#265),#2907,.T.);
#3055=ADVANCED_FACE('',(#266),#2908,.T.);
#3056=ADVANCED_FACE('',(#267),#2909,.T.);
#3057=ADVANCED_FACE('',(#268),#2910,.T.);
#3058=ADVANCED_FACE('',(#269),#2911,.T.);
#3059=ADVANCED_FACE('',(#270),#2912,.T.);
#3060=ADVANCED_FACE('',(#271),#2913,.T.);
#3061=ADVANCED_FACE('',(#272),#2914,.T.);
#3062=ADVANCED_FACE('',(#273),#2915,.T.);
#3063=ADVANCED_FACE('',(#274),#2916,.T.);
#3064=ADVANCED_FACE('',(#275),#2917,.T.);
#3065=ADVANCED_FACE('',(#276),#85,.T.);
#3066=ADVANCED_FACE('',(#277),#27,.T.);
#3067=ADVANCED_FACE('',(#278),#2918,.F.);
#3068=ADVANCED_FACE('',(#279),#86,.T.);
#3069=ADVANCED_FACE('',(#280),#28,.T.);
#3070=ADVANCED_FACE('',(#281),#2919,.F.);
#3071=ADVANCED_FACE('',(#282),#87,.T.);
#3072=ADVANCED_FACE('',(#283),#29,.T.);
#3073=ADVANCED_FACE('',(#284),#2920,.F.);
#3074=ADVANCED_FACE('',(#285),#88,.T.);
#3075=ADVANCED_FACE('',(#286),#30,.T.);
#3076=ADVANCED_FACE('',(#287),#2921,.F.);
#3077=ADVANCED_FACE('',(#288),#2922,.F.);
#3078=ADVANCED_FACE('',(#289),#2923,.F.);
#3079=ADVANCED_FACE('',(#290),#2924,.F.);
#3080=ADVANCED_FACE('',(#291),#2925,.F.);
#3081=ADVANCED_FACE('',(#292),#2926,.F.);
#3082=ADVANCED_FACE('',(#293),#2927,.F.);
#3083=ADVANCED_FACE('',(#294),#2928,.F.);
#3084=ADVANCED_FACE('',(#295),#2929,.F.);
#3085=ADVANCED_FACE('',(#296),#2930,.F.);
#3086=ADVANCED_FACE('',(#297),#2931,.T.);
#3087=ADVANCED_FACE('',(#298),#2932,.F.);
#3088=ADVANCED_FACE('',(#299),#2933,.F.);
#3089=ADVANCED_FACE('',(#300),#2934,.F.);
#3090=ADVANCED_FACE('',(#301),#2935,.F.);
#3091=ADVANCED_FACE('',(#302),#2936,.F.);
#3092=ADVANCED_FACE('',(#303),#2937,.F.);
#3093=ADVANCED_FACE('',(#304),#2938,.T.);
#3094=ADVANCED_FACE('',(#305),#2939,.F.);
#3095=ADVANCED_FACE('',(#306),#2940,.F.);
#3096=ADVANCED_FACE('',(#307),#2941,.F.);
#3097=ADVANCED_FACE('',(#308),#2942,.F.);
#3098=ADVANCED_FACE('',(#309),#65,.T.);
#3099=ADVANCED_FACE('',(#310),#66,.T.);
#3100=ADVANCED_FACE('',(#311),#67,.T.);
#3101=ADVANCED_FACE('',(#312),#68,.T.);
#3102=ADVANCED_FACE('',(#313),#2943,.F.);
#3103=ADVANCED_FACE('',(#314),#2944,.F.);
#3104=ADVANCED_FACE('',(#315,#182,#183),#2945,.T.);
#3105=ADVANCED_FACE('',(#316),#49,.T.);
#3106=ADVANCED_FACE('',(#317),#69,.T.);
#3107=ADVANCED_FACE('',(#318),#50,.T.);
#3108=ADVANCED_FACE('',(#319),#70,.T.);
#3109=ADVANCED_FACE('',(#320),#51,.T.);
#3110=ADVANCED_FACE('',(#321),#71,.T.);
#3111=ADVANCED_FACE('',(#322),#72,.T.);
#3112=ADVANCED_FACE('',(#323),#52,.T.);
#3113=ADVANCED_FACE('',(#324),#73,.T.);
#3114=ADVANCED_FACE('',(#325),#74,.T.);
#3115=ADVANCED_FACE('',(#326),#75,.T.);
#3116=ADVANCED_FACE('',(#327),#76,.T.);
#3117=ADVANCED_FACE('',(#328,#184,#185),#2946,.T.);
#3118=ADVANCED_FACE('',(#329),#2947,.T.);
#3119=ADVANCED_FACE('',(#330),#77,.F.);
#3120=ADVANCED_FACE('',(#331),#2948,.F.);
#3121=ADVANCED_FACE('',(#332),#2949,.F.);
#3122=ADVANCED_FACE('',(#333),#2950,.T.);
#3123=ADVANCED_FACE('',(#334),#2951,.T.);
#3124=ADVANCED_FACE('',(#335),#2952,.T.);
#3125=ADVANCED_FACE('',(#336),#2953,.T.);
#3126=ADVANCED_FACE('',(#337,#186),#2954,.F.);
#3127=ADVANCED_FACE('',(#338),#2955,.F.);
#3128=ADVANCED_FACE('',(#339),#2956,.F.);
#3129=ADVANCED_FACE('',(#340),#2957,.F.);
#3130=ADVANCED_FACE('',(#341),#2958,.F.);
#3131=ADVANCED_FACE('',(#342),#2959,.F.);
#3132=ADVANCED_FACE('',(#343),#2960,.F.);
#3133=ADVANCED_FACE('',(#344),#2961,.F.);
#3134=ADVANCED_FACE('',(#345),#2962,.F.);
#3135=ADVANCED_FACE('',(#346),#2963,.F.);
#3136=ADVANCED_FACE('',(#347),#2964,.F.);
#3137=ADVANCED_FACE('',(#348),#2965,.F.);
#3138=ADVANCED_FACE('',(#349),#2966,.F.);
#3139=ADVANCED_FACE('',(#350),#2967,.F.);
#3140=ADVANCED_FACE('',(#351),#2968,.F.);
#3141=ADVANCED_FACE('',(#352),#2969,.T.);
#3142=ADVANCED_FACE('',(#353),#2970,.F.);
#3143=ADVANCED_FACE('',(#354),#2971,.F.);
#3144=ADVANCED_FACE('',(#355),#2972,.F.);
#3145=ADVANCED_FACE('',(#356),#2973,.F.);
#3146=ADVANCED_FACE('',(#357),#2974,.F.);
#3147=ADVANCED_FACE('',(#358),#2975,.F.);
#3148=ADVANCED_FACE('',(#359),#2976,.F.);
#3149=ADVANCED_FACE('',(#360),#31,.F.);
#3150=ADVANCED_FACE('',(#361),#32,.F.);
#3151=ADVANCED_FACE('',(#362,#187,#188,#189,#190,#191,#192),#2977,.F.);
#3152=ADVANCED_FACE('',(#363,#193,#194),#2978,.T.);
#3153=ADVANCED_FACE('',(#364),#2979,.T.);
#3154=ADVANCED_FACE('',(#365),#2980,.T.);
#3155=ADVANCED_FACE('',(#366),#2981,.F.);
#3156=ADVANCED_FACE('',(#367),#89,.T.);
#3157=ADVANCED_FACE('',(#368),#78,.T.);
#3158=ADVANCED_FACE('',(#369),#2982,.T.);
#3159=ADVANCED_FACE('',(#370),#79,.T.);
#3160=ADVANCED_FACE('',(#371),#2983,.F.);
#3161=ADVANCED_FACE('',(#372,#195),#2984,.F.);
#3162=ADVANCED_FACE('',(#373),#80,.T.);
#3163=ADVANCED_FACE('',(#374,#196),#2985,.T.);
#3164=CLOSED_SHELL('',(#2986,#2987,#2988,#2989,#2990,#2991,#2992,#2993,
#2994,#2995,#2996,#2997,#2998,#2999,#3000,#3001,#3002,#3003,#3004,#3005,
#3006,#3007,#3008,#3009,#3010,#3011,#3012,#3013,#3014,#3015,#3016,#3017,
#3018,#3019,#3020,#3021,#3022,#3023,#3024,#3025,#3026,#3027,#3028,#3029,
#3030,#3031,#3032,#3033,#3034,#3035,#3036,#3037,#3038,#3039,#3040,#3041,
#3042,#3043,#3044,#3045,#3046,#3047,#3048));
#3165=CLOSED_SHELL('',(#3049,#3050,#3051,#3052,#3053,#3054,#3055,#3056,
#3057,#3058,#3059,#3060,#3061,#3062,#3063,#3064,#3065,#3066,#3067,#3068,
#3069,#3070,#3071,#3072,#3073,#3074,#3075,#3076,#3077,#3078,#3079,#3080,
#3081,#3082,#3083,#3084,#3085,#3086,#3087,#3088,#3089,#3090,#3091,#3092,
#3093,#3094,#3095,#3096,#3097,#3098,#3099,#3100,#3101,#3102,#3103,#3104,
#3105,#3106,#3107,#3108,#3109,#3110,#3111,#3112,#3113,#3114,#3115,#3116,
#3117,#3118,#3119,#3120,#3121,#3122,#3123,#3124,#3125,#3126,#3127,#3128,
#3129,#3130,#3131,#3132,#3133,#3134,#3135,#3136,#3137,#3138,#3139,#3140,
#3141,#3142,#3143,#3144,#3145,#3146,#3147,#3148,#3149,#3150,#3151,#3152,
#3153,#3154,#3155));
#3166=CLOSED_SHELL('',(#3156,#3157,#3158,#3159,#3160,#3161,#3162,#3163));
#3167=DERIVED_UNIT_ELEMENT(#3173,1.);
#3168=DERIVED_UNIT_ELEMENT(#5288,-3.);
#3169=DERIVED_UNIT_ELEMENT(#3173,1.);
#3170=DERIVED_UNIT_ELEMENT(#5288,-3.);
#3171=DERIVED_UNIT_ELEMENT(#3173,1.);
#3172=DERIVED_UNIT_ELEMENT(#5288,-3.);
#3173=(
MASS_UNIT()
NAMED_UNIT(*)
SI_UNIT(.KILO.,.GRAM.)
);
#3174=DERIVED_UNIT((#3167,#3168));
#3175=DERIVED_UNIT((#3169,#3170));
#3176=DERIVED_UNIT((#3171,#3172));
#3177=MEASURE_REPRESENTATION_ITEM('density measure',
POSITIVE_RATIO_MEASURE(7850.),#3174);
#3178=MEASURE_REPRESENTATION_ITEM('density measure',
POSITIVE_RATIO_MEASURE(7850.),#3175);
#3179=MEASURE_REPRESENTATION_ITEM('density measure',
POSITIVE_RATIO_MEASURE(7850.),#3176);
#3180=PROPERTY_DEFINITION_REPRESENTATION(#3195,#3186);
#3181=PROPERTY_DEFINITION_REPRESENTATION(#3196,#3187);
#3182=PROPERTY_DEFINITION_REPRESENTATION(#3197,#3188);
#3183=PROPERTY_DEFINITION_REPRESENTATION(#3198,#3189);
#3184=PROPERTY_DEFINITION_REPRESENTATION(#3199,#3190);
#3185=PROPERTY_DEFINITION_REPRESENTATION(#3200,#3191);
#3186=REPRESENTATION('material name',(#3192),#5283);
#3187=REPRESENTATION('density',(#3177),#5283);
#3188=REPRESENTATION('material name',(#3193),#5284);
#3189=REPRESENTATION('density',(#3178),#5284);
#3190=REPRESENTATION('material name',(#3194),#5285);
#3191=REPRESENTATION('density',(#3179),#5285);
#3192=DESCRIPTIVE_REPRESENTATION_ITEM('Steel','Steel');
#3193=DESCRIPTIVE_REPRESENTATION_ITEM('Steel','Steel');
#3194=DESCRIPTIVE_REPRESENTATION_ITEM('Steel','Steel');
#3195=PROPERTY_DEFINITION('material property','material name',#5308);
#3196=PROPERTY_DEFINITION('material property','density of part',#5308);
#3197=PROPERTY_DEFINITION('material property','material name',#5309);
#3198=PROPERTY_DEFINITION('material property','density of part',#5309);
#3199=PROPERTY_DEFINITION('material property','material name',#5310);
#3200=PROPERTY_DEFINITION('material property','density of part',#5310);
#3201=AXIS2_PLACEMENT_3D('',#4376,#3477,#3478);
#3202=AXIS2_PLACEMENT_3D('',#4377,#3479,#3480);
#3203=AXIS2_PLACEMENT_3D('',#4378,#3481,#3482);
#3204=AXIS2_PLACEMENT_3D('',#4387,#3487,#3488);
#3205=AXIS2_PLACEMENT_3D('',#4396,#3493,#3494);
#3206=AXIS2_PLACEMENT_3D('',#4405,#3499,#3500);
#3207=AXIS2_PLACEMENT_3D('',#4414,#3505,#3506);
#3208=AXIS2_PLACEMENT_3D('',#4420,#3510,#3511);
#3209=AXIS2_PLACEMENT_3D('',#4427,#3516,#3517);
#3210=AXIS2_PLACEMENT_3D('',#4430,#3520,#3521);
#3211=AXIS2_PLACEMENT_3D('',#4438,#3526,#3527);
#3212=AXIS2_PLACEMENT_3D('',#4444,#3531,#3532);
#3213=AXIS2_PLACEMENT_3D('',#4452,#3537,#3538);
#3214=AXIS2_PLACEMENT_3D('',#4458,#3542,#3543);
#3215=AXIS2_PLACEMENT_3D('',#4461,#3546,#3547);
#3216=AXIS2_PLACEMENT_3D('',#4469,#3552,#3553);
#3217=AXIS2_PLACEMENT_3D('',#4475,#3557,#3558);
#3218=AXIS2_PLACEMENT_3D('',#4483,#3563,#3564);
#3219=AXIS2_PLACEMENT_3D('',#4486,#3567,#3568);
#3220=AXIS2_PLACEMENT_3D('',#4495,#3573,#3574);
#3221=AXIS2_PLACEMENT_3D('',#4501,#3578,#3579);
#3222=AXIS2_PLACEMENT_3D('',#4505,#3582,#3583);
#3223=AXIS2_PLACEMENT_3D('',#4511,#3587,#3588);
#3224=AXIS2_PLACEMENT_3D('',#4517,#3592,#3593);
#3225=AXIS2_PLACEMENT_3D('',#4523,#3597,#3598);
#3226=AXIS2_PLACEMENT_3D('',#4527,#3601,#3602);
#3227=AXIS2_PLACEMENT_3D('',#4533,#3605,#3606);
#3228=AXIS2_PLACEMENT_3D('',#4537,#3608,#3609);
#3229=AXIS2_PLACEMENT_3D('',#4541,#3612,#3613);
#3230=AXIS2_PLACEMENT_3D('',#4545,#3615,#3616);
#3231=AXIS2_PLACEMENT_3D('',#4549,#3618,#3619);
#3232=AXIS2_PLACEMENT_3D('',#4551,#3621,#3622);
#3233=AXIS2_PLACEMENT_3D('',#4555,#3625,#3626);
#3234=AXIS2_PLACEMENT_3D('',#4559,#3629,#3630);
#3235=AXIS2_PLACEMENT_3D('',#4561,#3631,#3632);
#3236=AXIS2_PLACEMENT_3D('',#4563,#3633,#3634);
#3237=AXIS2_PLACEMENT_3D('',#4565,#3635,#3636);
#3238=AXIS2_PLACEMENT_3D('',#4566,#3637,#3638);
#3239=AXIS2_PLACEMENT_3D('',#4567,#3639,#3640);
#3240=AXIS2_PLACEMENT_3D('',#4570,#3642,#3643);
#3241=AXIS2_PLACEMENT_3D('',#4571,#3644,#3645);
#3242=AXIS2_PLACEMENT_3D('',#4572,#3646,#3647);
#3243=AXIS2_PLACEMENT_3D('',#4574,#3648,#3649);
#3244=AXIS2_PLACEMENT_3D('',#4576,#3650,#3651);
#3245=AXIS2_PLACEMENT_3D('',#4578,#3652,#3653);
#3246=AXIS2_PLACEMENT_3D('',#4579,#3654,#3655);
#3247=AXIS2_PLACEMENT_3D('',#4580,#3656,#3657);
#3248=AXIS2_PLACEMENT_3D('',#4583,#3659,#3660);
#3249=AXIS2_PLACEMENT_3D('',#4584,#3661,#3662);
#3250=AXIS2_PLACEMENT_3D('',#4585,#3663,#3664);
#3251=AXIS2_PLACEMENT_3D('',#4587,#3665,#3666);
#3252=AXIS2_PLACEMENT_3D('',#4589,#3667,#3668);
#3253=AXIS2_PLACEMENT_3D('',#4591,#3669,#3670);
#3254=AXIS2_PLACEMENT_3D('',#4592,#3671,#3672);
#3255=AXIS2_PLACEMENT_3D('',#4593,#3673,#3674);
#3256=AXIS2_PLACEMENT_3D('',#4596,#3676,#3677);
#3257=AXIS2_PLACEMENT_3D('',#4597,#3678,#3679);
#3258=AXIS2_PLACEMENT_3D('',#4598,#3680,#3681);
#3259=AXIS2_PLACEMENT_3D('',#4600,#3682,#3683);
#3260=AXIS2_PLACEMENT_3D('',#4602,#3684,#3685);
#3261=AXIS2_PLACEMENT_3D('',#4604,#3686,#3687);
#3262=AXIS2_PLACEMENT_3D('',#4605,#3688,#3689);
#3263=AXIS2_PLACEMENT_3D('',#4606,#3690,#3691);
#3264=AXIS2_PLACEMENT_3D('',#4609,#3693,#3694);
#3265=AXIS2_PLACEMENT_3D('',#4610,#3695,#3696);
#3266=AXIS2_PLACEMENT_3D('',#4611,#3697,#3698);
#3267=AXIS2_PLACEMENT_3D('',#4614,#3699,#3700);
#3268=AXIS2_PLACEMENT_3D('',#4616,#3701,#3702);
#3269=AXIS2_PLACEMENT_3D('',#4617,#3703,#3704);
#3270=AXIS2_PLACEMENT_3D('',#4618,#3705,#3706);
#3271=AXIS2_PLACEMENT_3D('',#4621,#3709,#3710);
#3272=AXIS2_PLACEMENT_3D('',#4624,#3711,#3712);
#3273=AXIS2_PLACEMENT_3D('',#4626,#3713,#3714);
#3274=AXIS2_PLACEMENT_3D('',#4627,#3715,#3716);
#3275=AXIS2_PLACEMENT_3D('',#4628,#3717,#3718);
#3276=AXIS2_PLACEMENT_3D('',#4631,#3721,#3722);
#3277=AXIS2_PLACEMENT_3D('',#4634,#3723,#3724);
#3278=AXIS2_PLACEMENT_3D('',#4636,#3725,#3726);
#3279=AXIS2_PLACEMENT_3D('',#4637,#3727,#3728);
#3280=AXIS2_PLACEMENT_3D('',#4638,#3729,#3730);
#3281=AXIS2_PLACEMENT_3D('',#4641,#3733,#3734);
#3282=AXIS2_PLACEMENT_3D('',#4644,#3737,#3738);
#3283=AXIS2_PLACEMENT_3D('',#4647,#3739,#3740);
#3284=AXIS2_PLACEMENT_3D('',#4649,#3741,#3742);
#3285=AXIS2_PLACEMENT_3D('',#4650,#3743,#3744);
#3286=AXIS2_PLACEMENT_3D('',#4651,#3745,#3746);
#3287=AXIS2_PLACEMENT_3D('',#4654,#3749,#3750);
#3288=AXIS2_PLACEMENT_3D('',#4657,#3753,#3754);
#3289=AXIS2_PLACEMENT_3D('',#4660,#3757,#3758);
#3290=AXIS2_PLACEMENT_3D('',#4663,#3761,#3762);
#3291=AXIS2_PLACEMENT_3D('',#4664,#3763,#3764);
#3292=AXIS2_PLACEMENT_3D('',#4668,#3767,#3768);
#3293=AXIS2_PLACEMENT_3D('',#4669,#3769,#3770);
#3294=AXIS2_PLACEMENT_3D('',#4671,#3772,#3773);
#3295=AXIS2_PLACEMENT_3D('',#4672,#3774,#3775);
#3296=AXIS2_PLACEMENT_3D('',#4674,#3777,#3778);
#3297=AXIS2_PLACEMENT_3D('',#4676,#3780,#3781);
#3298=AXIS2_PLACEMENT_3D('',#4677,#3782,#3783);
#3299=AXIS2_PLACEMENT_3D('',#4681,#3786,#3787);
#3300=AXIS2_PLACEMENT_3D('',#4683,#3789,#3790);
#3301=AXIS2_PLACEMENT_3D('',#4684,#3791,#3792);
#3302=AXIS2_PLACEMENT_3D('',#4685,#3793,#3794);
#3303=AXIS2_PLACEMENT_3D('',#4686,#3795,#3796);
#3304=AXIS2_PLACEMENT_3D('',#4695,#3801,#3802);
#3305=AXIS2_PLACEMENT_3D('',#4701,#3806,#3807);
#3306=AXIS2_PLACEMENT_3D('',#4707,#3811,#3812);
#3307=AXIS2_PLACEMENT_3D('',#4716,#3817,#3818);
#3308=AXIS2_PLACEMENT_3D('',#4725,#3823,#3824);
#3309=AXIS2_PLACEMENT_3D('',#4737,#3832,#3833);
#3310=AXIS2_PLACEMENT_3D('',#4746,#3838,#3839);
#3311=AXIS2_PLACEMENT_3D('',#4755,#3844,#3845);
#3312=AXIS2_PLACEMENT_3D('',#4764,#3850,#3851);
#3313=AXIS2_PLACEMENT_3D('',#4772,#3857,#3858);
#3314=AXIS2_PLACEMENT_3D('',#4781,#3863,#3864);
#3315=AXIS2_PLACEMENT_3D('',#4787,#3868,#3869);
#3316=AXIS2_PLACEMENT_3D('',#4793,#3873,#3874);
#3317=AXIS2_PLACEMENT_3D('',#4802,#3879,#3880);
#3318=AXIS2_PLACEMENT_3D('',#4811,#3885,#3886);
#3319=AXIS2_PLACEMENT_3D('',#4823,#3894,#3895);
#3320=AXIS2_PLACEMENT_3D('',#4825,#3896,#3897);
#3321=AXIS2_PLACEMENT_3D('',#4827,#3898,#3899);
#3322=AXIS2_PLACEMENT_3D('',#4829,#3900,#3901);
#3323=AXIS2_PLACEMENT_3D('',#4830,#3902,#3903);
#3324=AXIS2_PLACEMENT_3D('',#4831,#3904,#3905);
#3325=AXIS2_PLACEMENT_3D('',#4834,#3907,#3908);
#3326=AXIS2_PLACEMENT_3D('',#4835,#3909,#3910);
#3327=AXIS2_PLACEMENT_3D('',#4836,#3911,#3912);
#3328=AXIS2_PLACEMENT_3D('',#4838,#3913,#3914);
#3329=AXIS2_PLACEMENT_3D('',#4840,#3915,#3916);
#3330=AXIS2_PLACEMENT_3D('',#4842,#3917,#3918);
#3331=AXIS2_PLACEMENT_3D('',#4843,#3919,#3920);
#3332=AXIS2_PLACEMENT_3D('',#4844,#3921,#3922);
#3333=AXIS2_PLACEMENT_3D('',#4847,#3924,#3925);
#3334=AXIS2_PLACEMENT_3D('',#4848,#3926,#3927);
#3335=AXIS2_PLACEMENT_3D('',#4849,#3928,#3929);
#3336=AXIS2_PLACEMENT_3D('',#4851,#3930,#3931);
#3337=AXIS2_PLACEMENT_3D('',#4853,#3932,#3933);
#3338=AXIS2_PLACEMENT_3D('',#4855,#3934,#3935);
#3339=AXIS2_PLACEMENT_3D('',#4856,#3936,#3937);
#3340=AXIS2_PLACEMENT_3D('',#4857,#3938,#3939);
#3341=AXIS2_PLACEMENT_3D('',#4860,#3941,#3942);
#3342=AXIS2_PLACEMENT_3D('',#4861,#3943,#3944);
#3343=AXIS2_PLACEMENT_3D('',#4862,#3945,#3946);
#3344=AXIS2_PLACEMENT_3D('',#4864,#3947,#3948);
#3345=AXIS2_PLACEMENT_3D('',#4866,#3949,#3950);
#3346=AXIS2_PLACEMENT_3D('',#4868,#3951,#3952);
#3347=AXIS2_PLACEMENT_3D('',#4869,#3953,#3954);
#3348=AXIS2_PLACEMENT_3D('',#4870,#3955,#3956);
#3349=AXIS2_PLACEMENT_3D('',#4873,#3958,#3959);
#3350=AXIS2_PLACEMENT_3D('',#4874,#3960,#3961);
#3351=AXIS2_PLACEMENT_3D('',#4875,#3962,#3963);
#3352=AXIS2_PLACEMENT_3D('',#4881,#3967,#3968);
#3353=AXIS2_PLACEMENT_3D('',#4887,#3972,#3973);
#3354=AXIS2_PLACEMENT_3D('',#4895,#3978,#3979);
#3355=AXIS2_PLACEMENT_3D('',#4903,#3984,#3985);
#3356=AXIS2_PLACEMENT_3D('',#4911,#3990,#3991);
#3357=AXIS2_PLACEMENT_3D('',#4919,#3996,#3997);
#3358=AXIS2_PLACEMENT_3D('',#4923,#4000,#4001);
#3359=AXIS2_PLACEMENT_3D('',#4927,#4004,#4005);
#3360=AXIS2_PLACEMENT_3D('',#4933,#4009,#4010);
#3361=AXIS2_PLACEMENT_3D('',#4953,#4022,#4023);
#3362=AXIS2_PLACEMENT_3D('',#4957,#4026,#4027);
#3363=AXIS2_PLACEMENT_3D('',#4959,#4029,#4030);
#3364=AXIS2_PLACEMENT_3D('',#4961,#4032,#4033);
#3365=AXIS2_PLACEMENT_3D('',#4974,#4041,#4042);
#3366=AXIS2_PLACEMENT_3D('',#4980,#4046,#4047);
#3367=AXIS2_PLACEMENT_3D('',#4986,#4050,#4051);
#3368=AXIS2_PLACEMENT_3D('',#4990,#4053,#4054);
#3369=AXIS2_PLACEMENT_3D('',#4994,#4057,#4058);
#3370=AXIS2_PLACEMENT_3D('',#5009,#4067,#4068);
#3371=AXIS2_PLACEMENT_3D('',#5013,#4071,#4072);
#3372=AXIS2_PLACEMENT_3D('',#5015,#4074,#4075);
#3373=AXIS2_PLACEMENT_3D('',#5017,#4077,#4078);
#3374=AXIS2_PLACEMENT_3D('',#5030,#4086,#4087);
#3375=AXIS2_PLACEMENT_3D('',#5035,#4089,#4090);
#3376=AXIS2_PLACEMENT_3D('',#5038,#4092,#4093);
#3377=AXIS2_PLACEMENT_3D('',#5039,#4094,#4095);
#3378=AXIS2_PLACEMENT_3D('',#5043,#4097,#4098);
#3379=AXIS2_PLACEMENT_3D('',#5045,#4100,#4101);
#3380=AXIS2_PLACEMENT_3D('',#5050,#4104,#4105);
#3381=AXIS2_PLACEMENT_3D('',#5051,#4106,#4107);
#3382=AXIS2_PLACEMENT_3D('',#5054,#4110,#4111);
#3383=AXIS2_PLACEMENT_3D('',#5060,#4115,#4116);
#3384=AXIS2_PLACEMENT_3D('',#5064,#4119,#4120);
#3385=AXIS2_PLACEMENT_3D('',#5074,#4125,#4126);
#3386=AXIS2_PLACEMENT_3D('',#5075,#4127,#4128);
#3387=AXIS2_PLACEMENT_3D('',#5077,#4129,#4130);
#3388=AXIS2_PLACEMENT_3D('',#5079,#4131,#4132);
#3389=AXIS2_PLACEMENT_3D('',#5080,#4133,#4134);
#3390=AXIS2_PLACEMENT_3D('',#5081,#4135,#4136);
#3391=AXIS2_PLACEMENT_3D('',#5084,#4139,#4140);
#3392=AXIS2_PLACEMENT_3D('',#5086,#4141,#4142);
#3393=AXIS2_PLACEMENT_3D('',#5088,#4143,#4144);
#3394=AXIS2_PLACEMENT_3D('',#5089,#4145,#4146);
#3395=AXIS2_PLACEMENT_3D('',#5090,#4147,#4148);
#3396=AXIS2_PLACEMENT_3D('',#5093,#4149,#4150);
#3397=AXIS2_PLACEMENT_3D('',#5096,#4153,#4154);
#3398=AXIS2_PLACEMENT_3D('',#5098,#4155,#4156);
#3399=AXIS2_PLACEMENT_3D('',#5100,#4157,#4158);
#3400=AXIS2_PLACEMENT_3D('',#5101,#4159,#4160);
#3401=AXIS2_PLACEMENT_3D('',#5102,#4161,#4162);
#3402=AXIS2_PLACEMENT_3D('',#5105,#4165,#4166);
#3403=AXIS2_PLACEMENT_3D('',#5107,#4168,#4169);
#3404=AXIS2_PLACEMENT_3D('',#5109,#4170,#4171);
#3405=AXIS2_PLACEMENT_3D('',#5111,#4172,#4173);
#3406=AXIS2_PLACEMENT_3D('',#5112,#4174,#4175);
#3407=AXIS2_PLACEMENT_3D('',#5113,#4176,#4177);
#3408=AXIS2_PLACEMENT_3D('',#5116,#4178,#4179);
#3409=AXIS2_PLACEMENT_3D('',#5119,#4182,#4183);
#3410=AXIS2_PLACEMENT_3D('',#5121,#4185,#4186);
#3411=AXIS2_PLACEMENT_3D('',#5123,#4188,#4189);
#3412=AXIS2_PLACEMENT_3D('',#5125,#4191,#4192);
#3413=AXIS2_PLACEMENT_3D('',#5127,#4193,#4194);
#3414=AXIS2_PLACEMENT_3D('',#5129,#4195,#4196);
#3415=AXIS2_PLACEMENT_3D('',#5130,#4197,#4198);
#3416=AXIS2_PLACEMENT_3D('',#5143,#4206,#4207);
#3417=AXIS2_PLACEMENT_3D('',#5145,#4208,#4209);
#3418=AXIS2_PLACEMENT_3D('',#5147,#4211,#4212);
#3419=AXIS2_PLACEMENT_3D('',#5151,#4215,#4216);
#3420=AXIS2_PLACEMENT_3D('',#5153,#4218,#4219);
#3421=AXIS2_PLACEMENT_3D('',#5162,#4224,#4225);
#3422=AXIS2_PLACEMENT_3D('',#5168,#4229,#4230);
#3423=AXIS2_PLACEMENT_3D('',#5174,#4234,#4235);
#3424=AXIS2_PLACEMENT_3D('',#5177,#4238,#4239);
#3425=AXIS2_PLACEMENT_3D('',#5178,#4240,#4241);
#3426=AXIS2_PLACEMENT_3D('',#5181,#4244,#4245);
#3427=AXIS2_PLACEMENT_3D('',#5183,#4247,#4248);
#3428=AXIS2_PLACEMENT_3D('',#5184,#4249,#4250);
#3429=AXIS2_PLACEMENT_3D('',#5185,#4251,#4252);
#3430=AXIS2_PLACEMENT_3D('',#5188,#4255,#4256);
#3431=AXIS2_PLACEMENT_3D('',#5190,#4258,#4259);
#3432=AXIS2_PLACEMENT_3D('',#5191,#4260,#4261);
#3433=AXIS2_PLACEMENT_3D('',#5192,#4262,#4263);
#3434=AXIS2_PLACEMENT_3D('',#5196,#4266,#4267);
#3435=AXIS2_PLACEMENT_3D('',#5200,#4270,#4271);
#3436=AXIS2_PLACEMENT_3D('',#5202,#4273,#4274);
#3437=AXIS2_PLACEMENT_3D('',#5206,#4277,#4278);
#3438=AXIS2_PLACEMENT_3D('',#5212,#4282,#4283);
#3439=AXIS2_PLACEMENT_3D('',#5214,#4285,#4286);
#3440=AXIS2_PLACEMENT_3D('',#5216,#4288,#4289);
#3441=AXIS2_PLACEMENT_3D('',#5220,#4293,#4294);
#3442=AXIS2_PLACEMENT_3D('',#5222,#4296,#4297);
#3443=AXIS2_PLACEMENT_3D('',#5223,#4298,#4299);
#3444=AXIS2_PLACEMENT_3D('',#5224,#4300,#4301);
#3445=AXIS2_PLACEMENT_3D('',#5226,#4303,#4304);
#3446=AXIS2_PLACEMENT_3D('',#5228,#4306,#4307);
#3447=AXIS2_PLACEMENT_3D('',#5229,#4308,#4309);
#3448=AXIS2_PLACEMENT_3D('',#5232,#4311,#4312);
#3449=AXIS2_PLACEMENT_3D('',#5233,#4313,#4314);
#3450=AXIS2_PLACEMENT_3D('',#5236,#4316,#4317);
#3451=AXIS2_PLACEMENT_3D('',#5237,#4318,#4319);
#3452=AXIS2_PLACEMENT_3D('',#5240,#4322,#4323);
#3453=AXIS2_PLACEMENT_3D('',#5241,#4324,#4325);
#3454=AXIS2_PLACEMENT_3D('',#5242,#4326,#4327);
#3455=AXIS2_PLACEMENT_3D('',#5244,#4329,#4330);
#3456=AXIS2_PLACEMENT_3D('',#5245,#4331,#4332);
#3457=AXIS2_PLACEMENT_3D('',#5246,#4333,#4334);
#3458=AXIS2_PLACEMENT_3D('',#5248,#4335,#4336);
#3459=AXIS2_PLACEMENT_3D('',#5250,#4337,#4338);
#3460=AXIS2_PLACEMENT_3D('',#5252,#4339,#4340);
#3461=AXIS2_PLACEMENT_3D('',#5253,#4341,#4342);
#3462=AXIS2_PLACEMENT_3D('',#5254,#4343,#4344);
#3463=AXIS2_PLACEMENT_3D('',#5257,#4346,#4347);
#3464=AXIS2_PLACEMENT_3D('',#5258,#4348,#4349);
#3465=AXIS2_PLACEMENT_3D('',#5259,#4350,#4351);
#3466=AXIS2_PLACEMENT_3D('',#5261,#4352,#4353);
#3467=AXIS2_PLACEMENT_3D('',#5264,#4355,#4356);
#3468=AXIS2_PLACEMENT_3D('',#5265,#4357,#4358);
#3469=AXIS2_PLACEMENT_3D('',#5266,#4359,#4360);
#3470=AXIS2_PLACEMENT_3D('',#5268,#4361,#4362);
#3471=AXIS2_PLACEMENT_3D('',#5269,#4363,#4364);
#3472=AXIS2_PLACEMENT_3D('',#5271,#4365,#4366);
#3473=AXIS2_PLACEMENT_3D('',#5273,#4368,#4369);
#3474=AXIS2_PLACEMENT_3D('',#5274,#4370,#4371);
#3475=AXIS2_PLACEMENT_3D('',#5275,#4372,#4373);
#3476=AXIS2_PLACEMENT_3D('',#5276,#4374,#4375);
#3477=DIRECTION('axis',(0.,0.,1.));
#3478=DIRECTION('refdir',(1.,0.,0.));
#3479=DIRECTION('axis',(0.,0.,1.));
#3480=DIRECTION('refdir',(1.,0.,0.));
#3481=DIRECTION('center_axis',(-0.707106781186547,-0.707106781186548,0.));
#3482=DIRECTION('ref_axis',(-0.707106781186548,0.707106781186547,0.));
#3483=DIRECTION('',(-0.577350269189626,0.577350269189626,0.577350269189626));
#3484=DIRECTION('',(0.,0.,-1.));
#3485=DIRECTION('',(-0.707106781186548,0.707106781186547,0.));
#3486=DIRECTION('',(0.,0.,-1.));
#3487=DIRECTION('center_axis',(0.707106781186548,0.707106781186547,0.));
#3488=DIRECTION('ref_axis',(0.707106781186547,-0.707106781186548,0.));
#3489=DIRECTION('',(0.577350269189626,-0.577350269189626,0.577350269189626));
#3490=DIRECTION('',(0.,0.,-1.));
#3491=DIRECTION('',(0.707106781186547,-0.707106781186548,0.));
#3492=DIRECTION('',(0.,0.,-1.));
#3493=DIRECTION('center_axis',(0.707106781186547,-0.707106781186548,0.));
#3494=DIRECTION('ref_axis',(-0.707106781186548,-0.707106781186547,0.));
#3495=DIRECTION('',(0.577350269189626,0.577350269189626,0.577350269189626));
#3496=DIRECTION('',(0.,0.,-1.));
#3497=DIRECTION('',(-0.707106781186548,-0.707106781186547,0.));
#3498=DIRECTION('',(0.,0.,1.));
#3499=DIRECTION('center_axis',(-0.707106781186547,-0.707106781186548,0.));
#3500=DIRECTION('ref_axis',(-0.707106781186548,0.707106781186547,0.));
#3501=DIRECTION('',(-0.577350269189626,0.577350269189626,0.577350269189626));
#3502=DIRECTION('',(0.,0.,-1.));
#3503=DIRECTION('',(-0.707106781186548,0.707106781186547,0.));
#3504=DIRECTION('',(0.,0.,-1.));
#3505=DIRECTION('center_axis',(-7.55767886062053E-17,-1.,0.));
#3506=DIRECTION('ref_axis',(-1.,7.55767886062053E-17,0.));
#3507=DIRECTION('',(1.,0.,0.));
#3508=DIRECTION('',(-1.,7.55767886062053E-17,0.));
#3509=DIRECTION('',(0.,0.,-1.));
#3510=DIRECTION('center_axis',(-4.33962146357984E-17,-1.,0.));
#3511=DIRECTION('ref_axis',(-1.,4.33962146357984E-17,0.));
#3512=DIRECTION('',(-1.,4.33962146357984E-17,0.));
#3513=DIRECTION('',(0.,0.,-1.));
#3514=DIRECTION('',(1.,-4.33962146357984E-17,0.));
#3515=DIRECTION('',(0.,0.,1.));
#3516=DIRECTION('center_axis',(2.84089822063756E-17,-1.,0.));
#3517=DIRECTION('ref_axis',(-1.,-2.84089822063756E-17,0.));
#3518=DIRECTION('',(1.,0.,0.));
#3519=DIRECTION('',(-1.,-2.84089822063756E-17,0.));
#3520=DIRECTION('center_axis',(-4.33962146357984E-17,-1.,0.));
#3521=DIRECTION('ref_axis',(-1.,4.33962146357984E-17,0.));
#3522=DIRECTION('',(-1.,4.33962146357984E-17,0.));
#3523=DIRECTION('',(0.,0.,1.));
#3524=DIRECTION('',(1.,-4.33962146357984E-17,0.));
#3525=DIRECTION('',(0.,0.,1.));
#3526=DIRECTION('center_axis',(1.,0.,0.));
#3527=DIRECTION('ref_axis',(0.,-1.,0.));
#3528=DIRECTION('',(0.,-1.,0.));
#3529=DIRECTION('',(0.,0.,-1.));
#3530=DIRECTION('',(0.,1.,0.));
#3531=DIRECTION('center_axis',(0.,1.,0.));
#3532=DIRECTION('ref_axis',(1.,0.,0.));
#3533=DIRECTION('',(1.,0.,0.));
#3534=DIRECTION('',(0.,0.,-1.));
#3535=DIRECTION('',(0.,0.,1.));
#3536=DIRECTION('',(-1.,0.,0.));
#3537=DIRECTION('center_axis',(-0.707106781186547,0.707106781186549,0.));
#3538=DIRECTION('ref_axis',(0.707106781186548,0.707106781186546,0.));
#3539=DIRECTION('',(-0.577350269189626,-0.577350269189626,0.577350269189626));
#3540=DIRECTION('',(0.,0.,-1.));
#3541=DIRECTION('',(0.707106781186548,0.707106781186546,0.));
#3542=DIRECTION('center_axis',(0.,1.,0.));
#3543=DIRECTION('ref_axis',(1.,0.,0.));
#3544=DIRECTION('',(-1.,0.,0.));
#3545=DIRECTION('',(1.,0.,0.));
#3546=DIRECTION('center_axis',(0.,1.,0.));
#3547=DIRECTION('ref_axis',(1.,0.,0.));
#3548=DIRECTION('',(1.,0.,0.));
#3549=DIRECTION('',(0.,0.,1.));
#3550=DIRECTION('',(-1.,0.,0.));
#3551=DIRECTION('',(0.,0.,1.));
#3552=DIRECTION('center_axis',(-1.,8.62850079522716E-17,0.));
#3553=DIRECTION('ref_axis',(8.62850079522716E-17,1.,0.));
#3554=DIRECTION('',(8.62850079522716E-17,1.,0.));
#3555=DIRECTION('',(0.,0.,1.));
#3556=DIRECTION('',(-8.62850079522716E-17,-1.,0.));
#3557=DIRECTION('center_axis',(-4.33962146357984E-17,-1.,0.));
#3558=DIRECTION('ref_axis',(-1.,4.33962146357984E-17,0.));
#3559=DIRECTION('',(-1.,4.33962146357984E-17,0.));
#3560=DIRECTION('',(0.,0.,-1.));
#3561=DIRECTION('',(0.,0.,1.));
#3562=DIRECTION('',(1.,-4.33962146357984E-17,0.));
#3563=DIRECTION('center_axis',(0.707106781186548,-0.707106781186548,0.));
#3564=DIRECTION('ref_axis',(-0.707106781186548,-0.707106781186548,0.));
#3565=DIRECTION('',(0.577350269189626,0.577350269189626,0.577350269189626));
#3566=DIRECTION('',(-0.707106781186547,-0.707106781186547,0.));
#3567=DIRECTION('center_axis',(0.,0.,-1.));
#3568=DIRECTION('ref_axis',(-1.,0.,0.));
#3569=DIRECTION('',(-1.,0.,0.));
#3570=DIRECTION('',(0.,1.,0.));
#3571=DIRECTION('',(1.,-4.32113013647515E-17,0.));
#3572=DIRECTION('',(0.,-1.,0.));
#3573=DIRECTION('center_axis',(1.,0.,0.));
#3574=DIRECTION('ref_axis',(0.,1.,0.));
#3575=DIRECTION('',(0.,0.,-1.));
#3576=DIRECTION('',(0.,1.,0.));
#3577=DIRECTION('',(0.,0.,-1.));
#3578=DIRECTION('center_axis',(4.32113013647515E-17,1.,0.));
#3579=DIRECTION('ref_axis',(-1.,4.32113013647515E-17,0.));
#3580=DIRECTION('',(0.,0.,1.));
#3581=DIRECTION('',(-1.,4.32113013647515E-17,0.));
#3582=DIRECTION('center_axis',(0.707106781186548,-0.707106781186548,0.));
#3583=DIRECTION('ref_axis',(0.,0.,1.));
#3584=DIRECTION('',(-0.707106781186548,-0.707106781186548,0.));
#3585=DIRECTION('',(0.,0.,1.));
#3586=DIRECTION('',(-0.577350269189626,-0.577350269189626,0.577350269189626));
#3587=DIRECTION('center_axis',(0.707106781186547,0.707106781186548,0.));
#3588=DIRECTION('ref_axis',(0.,0.,-1.));
#3589=DIRECTION('',(-0.577350269189626,0.577350269189626,0.577350269189626));
#3590=DIRECTION('',(0.,0.,-1.));
#3591=DIRECTION('',(0.707106781186548,-0.707106781186547,0.));
#3592=DIRECTION('center_axis',(-0.707106781186547,0.707106781186548,0.));
#3593=DIRECTION('ref_axis',(0.,0.,1.));
#3594=DIRECTION('',(0.707106781186548,0.707106781186547,0.));
#3595=DIRECTION('',(0.,0.,1.));
#3596=DIRECTION('',(0.577350269189626,0.577350269189626,0.577350269189626));
#3597=DIRECTION('center_axis',(0.,0.,1.));
#3598=DIRECTION('ref_axis',(1.,0.,0.));
#3599=DIRECTION('',(0.707106781186547,-0.707106781186548,0.));
#3600=DIRECTION('',(1.,-4.27534682808258E-17,0.));
#3601=DIRECTION('center_axis',(0.,0.,1.));
#3602=DIRECTION('ref_axis',(1.,0.,0.));
#3603=DIRECTION('',(-0.707106781186548,0.707106781186548,0.));
#3604=DIRECTION('',(-1.,0.,0.));
#3605=DIRECTION('center_axis',(0.,0.,-1.));
#3606=DIRECTION('ref_axis',(-0.707106781186543,0.707106781186552,0.));
#3607=DIRECTION('',(0.,-1.,0.));
#3608=DIRECTION('center_axis',(0.,0.,-1.));
#3609=DIRECTION('ref_axis',(-0.707106781186548,-0.707106781186547,0.));
#3610=DIRECTION('',(1.,-4.27534682808258E-17,0.));
#3611=DIRECTION('',(0.707106781186547,0.707106781186548,0.));
#3612=DIRECTION('center_axis',(0.,0.,1.));
#3613=DIRECTION('ref_axis',(1.,0.,0.));
#3614=DIRECTION('',(1.,-4.27534682808258E-17,0.));
#3615=DIRECTION('center_axis',(0.,0.,-1.));
#3616=DIRECTION('ref_axis',(0.707106781186573,-0.707106781186523,0.));
#3617=DIRECTION('',(0.,1.,0.));
#3618=DIRECTION('center_axis',(0.,0.,-1.));
#3619=DIRECTION('ref_axis',(0.707106781186573,0.707106781186523,0.));
#3620=DIRECTION('',(-1.,0.,0.));
#3621=DIRECTION('center_axis',(-0.707106781186548,0.707106781186547,0.));
#3622=DIRECTION('ref_axis',(0.,0.,1.));
#3623=DIRECTION('',(0.,0.,1.));
#3624=DIRECTION('',(0.577350269189626,0.577350269189626,0.577350269189626));
#3625=DIRECTION('center_axis',(0.707106781186548,0.707106781186547,0.));
#3626=DIRECTION('ref_axis',(0.,0.,-1.));
#3627=DIRECTION('',(-0.577350269189626,0.577350269189626,0.577350269189626));
#3628=DIRECTION('',(0.,0.,-1.));
#3629=DIRECTION('center_axis',(0.,0.,1.));
#3630=DIRECTION('ref_axis',(1.,0.,0.));
#3631=DIRECTION('center_axis',(0.,0.,-1.));
#3632=DIRECTION('ref_axis',(-1.,0.,0.));
#3633=DIRECTION('center_axis',(1.58603289232165E-16,-1.,0.));
#3634=DIRECTION('ref_axis',(-1.,-1.58603289232165E-16,0.));
#3635=DIRECTION('center_axis',(0.,0.,1.));
#3636=DIRECTION('ref_axis',(-1.,0.,0.));
#3637=DIRECTION('center_axis',(0.,0.,1.));
#3638=DIRECTION('ref_axis',(-1.,0.,0.));
#3639=DIRECTION('center_axis',(0.,0.,1.));
#3640=DIRECTION('ref_axis',(-1.,0.,0.));
#3641=DIRECTION('',(0.,0.,-1.));
#3642=DIRECTION('center_axis',(0.,0.,-1.));
#3643=DIRECTION('ref_axis',(-1.,0.,0.));
#3644=DIRECTION('center_axis',(0.,0.,-1.));
#3645=DIRECTION('ref_axis',(-1.,0.,0.));
#3646=DIRECTION('center_axis',(0.,0.,1.));
#3647=DIRECTION('ref_axis',(1.,0.,0.));
#3648=DIRECTION('center_axis',(0.,0.,-1.));
#3649=DIRECTION('ref_axis',(-1.,0.,0.));
#3650=DIRECTION('center_axis',(1.85037170770859E-16,-1.,0.));
#3651=DIRECTION('ref_axis',(-1.,-1.85037170770859E-16,0.));
#3652=DIRECTION('center_axis',(0.,0.,1.));
#3653=DIRECTION('ref_axis',(-1.,0.,0.));
#3654=DIRECTION('center_axis',(0.,0.,1.));
#3655=DIRECTION('ref_axis',(-1.,0.,0.));
#3656=DIRECTION('center_axis',(0.,0.,1.));
#3657=DIRECTION('ref_axis',(-1.,0.,0.));
#3658=DIRECTION('',(0.,0.,-1.));
#3659=DIRECTION('center_axis',(0.,0.,-1.));
#3660=DIRECTION('ref_axis',(-1.,0.,0.));
#3661=DIRECTION('center_axis',(0.,0.,-1.));
#3662=DIRECTION('ref_axis',(-1.,0.,0.));
#3663=DIRECTION('center_axis',(0.,0.,1.));
#3664=DIRECTION('ref_axis',(1.,0.,0.));
#3665=DIRECTION('center_axis',(0.,0.,-1.));
#3666=DIRECTION('ref_axis',(-1.,0.,0.));
#3667=DIRECTION('center_axis',(0.,-1.,0.));
#3668=DIRECTION('ref_axis',(-1.,0.,0.));
#3669=DIRECTION('center_axis',(0.,0.,1.));
#3670=DIRECTION('ref_axis',(-1.,0.,0.));
#3671=DIRECTION('center_axis',(0.,0.,1.));
#3672=DIRECTION('ref_axis',(-1.,0.,0.));
#3673=DIRECTION('center_axis',(0.,0.,1.));
#3674=DIRECTION('ref_axis',(-1.,0.,0.));
#3675=DIRECTION('',(0.,0.,-1.));
#3676=DIRECTION('center_axis',(0.,0.,-1.));
#3677=DIRECTION('ref_axis',(-1.,0.,0.));
#3678=DIRECTION('center_axis',(0.,0.,-1.));
#3679=DIRECTION('ref_axis',(-1.,0.,0.));
#3680=DIRECTION('center_axis',(0.,0.,1.));
#3681=DIRECTION('ref_axis',(1.,0.,0.));
#3682=DIRECTION('center_axis',(0.,0.,-1.));
#3683=DIRECTION('ref_axis',(-1.,0.,0.));
#3684=DIRECTION('center_axis',(0.,-1.,0.));
#3685=DIRECTION('ref_axis',(-1.,0.,0.));
#3686=DIRECTION('center_axis',(0.,0.,1.));
#3687=DIRECTION('ref_axis',(-1.,0.,0.));
#3688=DIRECTION('center_axis',(0.,0.,1.));
#3689=DIRECTION('ref_axis',(-1.,0.,0.));
#3690=DIRECTION('center_axis',(0.,0.,1.));
#3691=DIRECTION('ref_axis',(-1.,0.,0.));
#3692=DIRECTION('',(0.,0.,-1.));
#3693=DIRECTION('center_axis',(0.,0.,-1.));
#3694=DIRECTION('ref_axis',(-1.,0.,0.));
#3695=DIRECTION('center_axis',(0.,0.,-1.));
#3696=DIRECTION('ref_axis',(-1.,0.,0.));
#3697=DIRECTION('center_axis',(-0.81649658092772,-0.408248290463875,-0.408248290463862));
#3698=DIRECTION('ref_axis',(0.577350269189637,-0.57735026918963,-0.57735026918961));
#3699=DIRECTION('center_axis',(0.,-1.,1.77635683940025E-14));
#3700=DIRECTION('ref_axis',(1.,0.,0.));
#3701=DIRECTION('center_axis',(0.,0.,-1.));
#3702=DIRECTION('ref_axis',(0.,-1.,0.));
#3703=DIRECTION('center_axis',(1.,0.,0.));
#3704=DIRECTION('ref_axis',(0.,0.,-1.));
#3705=DIRECTION('center_axis',(0.,0.,1.));
#3706=DIRECTION('ref_axis',(0.707106781186573,-0.707106781186523,0.));
#3707=DIRECTION('',(0.,0.,-1.));
#3708=DIRECTION('',(0.,0.,1.));
#3709=DIRECTION('center_axis',(-0.816496580927728,0.408248290463863,0.40824829046386));
#3710=DIRECTION('ref_axis',(-0.577350269189624,-0.577350269189629,-0.577350269189624));
#3711=DIRECTION('center_axis',(-1.,0.,0.));
#3712=DIRECTION('ref_axis',(0.,-1.,0.));
#3713=DIRECTION('center_axis',(0.,0.,-1.));
#3714=DIRECTION('ref_axis',(-1.,0.,0.));
#3715=DIRECTION('center_axis',(-8.88178419700126E-15,-1.,0.));
#3716=DIRECTION('ref_axis',(0.,0.,-1.));
#3717=DIRECTION('center_axis',(0.,0.,-1.));
#3718=DIRECTION('ref_axis',(-0.707106781186548,-0.707106781186547,0.));
#3719=DIRECTION('',(0.,0.,-1.));
#3720=DIRECTION('',(0.,0.,1.));
#3721=DIRECTION('center_axis',(-0.816496580927714,0.408248290463885,-0.408248290463866));
#3722=DIRECTION('ref_axis',(0.577350269189643,0.577350269189615,-0.57735026918962));
#3723=DIRECTION('center_axis',(1.,0.,0.));
#3724=DIRECTION('ref_axis',(0.,1.,0.));
#3725=DIRECTION('center_axis',(0.,0.,-1.));
#3726=DIRECTION('ref_axis',(1.,0.,0.));
#3727=DIRECTION('center_axis',(0.,1.,0.));
#3728=DIRECTION('ref_axis',(0.,0.,-1.));
#3729=DIRECTION('center_axis',(0.,0.,-1.));
#3730=DIRECTION('ref_axis',(0.707106781186573,0.707106781186523,0.));
#3731=DIRECTION('',(0.,0.,-1.));
#3732=DIRECTION('',(0.,0.,1.));
#3733=DIRECTION('center_axis',(0.,-1.,0.));
#3734=DIRECTION('ref_axis',(0.707106781186578,0.,-0.707106781186517));
#3735=DIRECTION('',(0.,1.,0.));
#3736=DIRECTION('',(0.,-1.,0.));
#3737=DIRECTION('center_axis',(-0.81649658092773,-0.408248290463856,0.408248290463863));
#3738=DIRECTION('ref_axis',(-0.577350269189622,0.577350269189638,-0.577350269189617));
#3739=DIRECTION('center_axis',(0.,1.,0.));
#3740=DIRECTION('ref_axis',(-1.,0.,0.));
#3741=DIRECTION('center_axis',(0.,0.,-1.));
#3742=DIRECTION('ref_axis',(0.,1.,0.));
#3743=DIRECTION('center_axis',(-1.,0.,0.));
#3744=DIRECTION('ref_axis',(0.,0.,-1.));
#3745=DIRECTION('center_axis',(0.,0.,-1.));
#3746=DIRECTION('ref_axis',(-0.707106781186543,0.707106781186552,0.));
#3747=DIRECTION('',(0.,0.,-1.));
#3748=DIRECTION('',(0.,0.,1.));
#3749=DIRECTION('center_axis',(1.,0.,0.));
#3750=DIRECTION('ref_axis',(0.,0.707106781186553,-0.707106781186542));
#3751=DIRECTION('',(-1.,0.,0.));
#3752=DIRECTION('',(1.,0.,0.));
#3753=DIRECTION('center_axis',(0.,1.,0.));
#3754=DIRECTION('ref_axis',(-0.707106781186548,0.,-0.707106781186547));
#3755=DIRECTION('',(0.,-1.,0.));
#3756=DIRECTION('',(0.,1.,0.));
#3757=DIRECTION('center_axis',(-1.,4.27534682808258E-17,0.));
#3758=DIRECTION('ref_axis',(0.,-0.707106781186545,-0.70710678118655));
#3759=DIRECTION('',(1.,-4.27534682808258E-17,0.));
#3760=DIRECTION('',(-1.,4.27534682808258E-17,0.));
#3761=DIRECTION('center_axis',(1.,0.,0.));
#3762=DIRECTION('ref_axis',(0.,-1.,0.));
#3763=DIRECTION('center_axis',(0.,1.,0.));
#3764=DIRECTION('ref_axis',(1.,0.,0.));
#3765=DIRECTION('',(0.,0.,-1.));
#3766=DIRECTION('',(1.,0.,0.));
#3767=DIRECTION('center_axis',(0.,0.,-1.));
#3768=DIRECTION('ref_axis',(-1.,0.,0.));
#3769=DIRECTION('center_axis',(-0.707106781186548,-0.707106781186548,0.));
#3770=DIRECTION('ref_axis',(0.,0.,-1.));
#3771=DIRECTION('',(0.577350269189626,-0.577350269189626,0.577350269189626));
#3772=DIRECTION('center_axis',(0.,-0.707106781186547,-0.707106781186548));
#3773=DIRECTION('ref_axis',(1.,0.,0.));
#3774=DIRECTION('center_axis',(0.,0.707106781186548,-0.707106781186548));
#3775=DIRECTION('ref_axis',(-1.,0.,0.));
#3776=DIRECTION('',(-1.,4.27534682808258E-17,4.27534682808258E-17));
#3777=DIRECTION('center_axis',(0.,0.707106781186547,-0.707106781186548));
#3778=DIRECTION('ref_axis',(-1.,0.,0.));
#3779=DIRECTION('',(-1.,4.27534682808258E-17,4.27534682808258E-17));
#3780=DIRECTION('center_axis',(-4.27534682808258E-17,-1.,0.));
#3781=DIRECTION('ref_axis',(-1.,4.27534682808258E-17,0.));
#3782=DIRECTION('center_axis',(0.,0.,-1.));
#3783=DIRECTION('ref_axis',(-1.,0.,0.));
#3784=DIRECTION('',(0.,-1.,0.));
#3785=DIRECTION('',(1.,0.,0.));
#3786=DIRECTION('center_axis',(-1.,0.,0.));
#3787=DIRECTION('ref_axis',(0.,-1.,0.));
#3788=DIRECTION('',(0.,0.,-1.));
#3789=DIRECTION('center_axis',(0.,-1.,0.));
#3790=DIRECTION('ref_axis',(1.,0.,0.));
#3791=DIRECTION('center_axis',(-1.,0.,0.));
#3792=DIRECTION('ref_axis',(0.,1.,0.));
#3793=DIRECTION('axis',(0.,0.,1.));
#3794=DIRECTION('refdir',(1.,0.,0.));
#3795=DIRECTION('center_axis',(-4.40320070049977E-17,-1.,0.));
#3796=DIRECTION('ref_axis',(-1.,4.40320070049977E-17,0.));
#3797=DIRECTION('',(1.,-4.40320070049977E-17,0.));
#3798=DIRECTION('',(0.,0.,-1.));
#3799=DIRECTION('',(-1.,4.40320070049977E-17,0.));
#3800=DIRECTION('',(0.,0.,-1.));
#3801=DIRECTION('center_axis',(1.,0.,0.));
#3802=DIRECTION('ref_axis',(0.,-1.,0.));
#3803=DIRECTION('',(0.,1.,0.));
#3804=DIRECTION('',(0.,-1.,0.));
#3805=DIRECTION('',(0.,0.,-1.));
#3806=DIRECTION('center_axis',(0.,1.,0.));
#3807=DIRECTION('ref_axis',(1.,0.,0.));
#3808=DIRECTION('',(-1.,0.,0.));
#3809=DIRECTION('',(1.,0.,0.));
#3810=DIRECTION('',(0.,0.,-1.));
#3811=DIRECTION('center_axis',(0.,1.,0.));
#3812=DIRECTION('ref_axis',(1.,0.,0.));
#3813=DIRECTION('',(1.,0.,0.));
#3814=DIRECTION('',(0.,0.,-1.));
#3815=DIRECTION('',(1.,0.,0.));
#3816=DIRECTION('',(0.,0.,-1.));
#3817=DIRECTION('center_axis',(0.,-1.,0.));
#3818=DIRECTION('ref_axis',(-1.,0.,0.));
#3819=DIRECTION('',(-1.,0.,0.));
#3820=DIRECTION('',(0.,0.,-1.));
#3821=DIRECTION('',(-1.,0.,0.));
#3822=DIRECTION('',(0.,0.,-1.));
#3823=DIRECTION('center_axis',(0.,0.,-1.));
#3824=DIRECTION('ref_axis',(-1.,0.,0.));
#3825=DIRECTION('',(-0.707106781186551,0.707106781186544,0.));
#3826=DIRECTION('',(0.,1.,0.));
#3827=DIRECTION('',(1.,-4.4207335534921E-17,0.));
#3828=DIRECTION('',(0.,1.,0.));
#3829=DIRECTION('',(-1.,0.,0.));
#3830=DIRECTION('',(-9.70686797486477E-15,1.,0.));
#3831=DIRECTION('',(0.707106781186548,0.707106781186546,0.));
#3832=DIRECTION('center_axis',(-5.7065311840999E-17,-1.,0.));
#3833=DIRECTION('ref_axis',(-1.,5.7065311840999E-17,0.));
#3834=DIRECTION('',(1.,-5.7065311840999E-17,0.));
#3835=DIRECTION('',(0.,0.,-1.));
#3836=DIRECTION('',(-1.,5.7065311840999E-17,0.));
#3837=DIRECTION('',(0.,0.,-1.));
#3838=DIRECTION('center_axis',(0.,-1.,0.));
#3839=DIRECTION('ref_axis',(-1.,0.,0.));
#3840=DIRECTION('',(-1.,0.,0.));
#3841=DIRECTION('',(0.,0.,-1.));
#3842=DIRECTION('',(-1.,0.,0.));
#3843=DIRECTION('',(0.,0.,-1.));
#3844=DIRECTION('center_axis',(0.,-1.,0.));
#3845=DIRECTION('ref_axis',(-1.,0.,0.));
#3846=DIRECTION('',(-1.,0.,0.));
#3847=DIRECTION('',(0.,0.,-1.));
#3848=DIRECTION('',(-1.,0.,0.));
#3849=DIRECTION('',(0.,0.,-1.));
#3850=DIRECTION('center_axis',(0.,0.,-1.));
#3851=DIRECTION('ref_axis',(-1.,0.,0.));
#3852=DIRECTION('',(0.,1.,0.));
#3853=DIRECTION('',(1.,-4.65431321057718E-17,0.));
#3854=DIRECTION('',(0.,-1.,0.));
#3855=DIRECTION('',(-0.707106781186547,-0.707106781186548,0.));
#3856=DIRECTION('',(-0.707106781186543,0.707106781186552,0.));
#3857=DIRECTION('center_axis',(0.,1.,0.));
#3858=DIRECTION('ref_axis',(1.,0.,0.));
#3859=DIRECTION('',(-1.,0.,0.));
#3860=DIRECTION('',(0.,0.,-1.));
#3861=DIRECTION('',(1.,0.,0.));
#3862=DIRECTION('',(0.,0.,-1.));
#3863=DIRECTION('center_axis',(-1.,7.96476996482507E-17,0.));
#3864=DIRECTION('ref_axis',(7.96476996482507E-17,1.,0.));
#3865=DIRECTION('',(-7.96476996482507E-17,-1.,0.));
#3866=DIRECTION('',(7.96476996482507E-17,1.,0.));
#3867=DIRECTION('',(0.,0.,-1.));
#3868=DIRECTION('center_axis',(1.36884525541979E-15,-1.,0.));
#3869=DIRECTION('ref_axis',(-1.,-1.36884525541979E-15,0.));
#3870=DIRECTION('',(1.,1.36884525541979E-15,0.));
#3871=DIRECTION('',(-1.,-1.36884525541979E-15,0.));
#3872=DIRECTION('',(0.,0.,-1.));
#3873=DIRECTION('center_axis',(0.,-1.,0.));
#3874=DIRECTION('ref_axis',(-1.,0.,0.));
#3875=DIRECTION('',(-1.,0.,0.));
#3876=DIRECTION('',(0.,0.,-1.));
#3877=DIRECTION('',(-1.,0.,0.));
#3878=DIRECTION('',(0.,0.,-1.));
#3879=DIRECTION('center_axis',(0.,1.,0.));
#3880=DIRECTION('ref_axis',(1.,0.,0.));
#3881=DIRECTION('',(1.,0.,0.));
#3882=DIRECTION('',(0.,0.,-1.));
#3883=DIRECTION('',(1.,0.,0.));
#3884=DIRECTION('',(0.,0.,-1.));
#3885=DIRECTION('center_axis',(0.,0.,-1.));
#3886=DIRECTION('ref_axis',(-1.,0.,0.));
#3887=DIRECTION('',(0.707106781186547,-0.707106781186548,0.));
#3888=DIRECTION('',(0.,-1.,0.));
#3889=DIRECTION('',(-1.,0.,0.));
#3890=DIRECTION('',(-8.21018706376467E-17,-1.,0.));
#3891=DIRECTION('',(1.,1.63063705889282E-15,0.));
#3892=DIRECTION('',(0.,-1.,0.));
#3893=DIRECTION('',(-0.707106781186546,-0.707106781186549,0.));
#3894=DIRECTION('center_axis',(0.,0.,-1.));
#3895=DIRECTION('ref_axis',(-1.,0.,0.));
#3896=DIRECTION('center_axis',(0.,0.,1.));
#3897=DIRECTION('ref_axis',(1.,0.,0.));
#3898=DIRECTION('center_axis',(0.,-1.,0.));
#3899=DIRECTION('ref_axis',(1.,0.,0.));
#3900=DIRECTION('center_axis',(0.,0.,-1.));
#3901=DIRECTION('ref_axis',(1.,0.,0.));
#3902=DIRECTION('center_axis',(0.,0.,-1.));
#3903=DIRECTION('ref_axis',(1.,0.,0.));
#3904=DIRECTION('center_axis',(0.,0.,-1.));
#3905=DIRECTION('ref_axis',(1.,0.,0.));
#3906=DIRECTION('',(0.034899496702501,-4.27395569285714E-18,0.999390827019096));
#3907=DIRECTION('center_axis',(0.,0.,1.));
#3908=DIRECTION('ref_axis',(1.,0.,0.));
#3909=DIRECTION('center_axis',(0.,0.,1.));
#3910=DIRECTION('ref_axis',(1.,0.,0.));
#3911=DIRECTION('center_axis',(0.,0.,-1.));
#3912=DIRECTION('ref_axis',(-1.,0.,0.));
#3913=DIRECTION('center_axis',(0.,0.,1.));
#3914=DIRECTION('ref_axis',(1.,0.,0.));
#3915=DIRECTION('center_axis',(-1.27181263932292E-16,-1.,0.));
#3916=DIRECTION('ref_axis',(1.,-1.27181263932292E-16,0.));
#3917=DIRECTION('center_axis',(0.,0.,-1.));
#3918=DIRECTION('ref_axis',(1.,-1.27199016749824E-16,0.));
#3919=DIRECTION('center_axis',(0.,0.,-1.));
#3920=DIRECTION('ref_axis',(1.,-1.27199016749824E-16,0.));
#3921=DIRECTION('center_axis',(0.,0.,-1.));
#3922=DIRECTION('ref_axis',(1.,0.,0.));
#3923=DIRECTION('',(0.034899496702501,-4.27395569285714E-18,0.999390827019096));
#3924=DIRECTION('center_axis',(0.,0.,1.));
#3925=DIRECTION('ref_axis',(1.,0.,0.));
#3926=DIRECTION('center_axis',(0.,0.,1.));
#3927=DIRECTION('ref_axis',(1.,0.,0.));
#3928=DIRECTION('center_axis',(0.,0.,-1.));
#3929=DIRECTION('ref_axis',(-1.,0.,0.));
#3930=DIRECTION('center_axis',(0.,0.,1.));
#3931=DIRECTION('ref_axis',(1.,0.,0.));
#3932=DIRECTION('center_axis',(-1.27181263932293E-16,-1.,0.));
#3933=DIRECTION('ref_axis',(1.,-1.27181263932293E-16,0.));
#3934=DIRECTION('center_axis',(0.,0.,-1.));
#3935=DIRECTION('ref_axis',(1.,-1.27199016749824E-16,0.));
#3936=DIRECTION('center_axis',(0.,0.,-1.));
#3937=DIRECTION('ref_axis',(1.,-1.27199016749824E-16,0.));
#3938=DIRECTION('center_axis',(0.,0.,-1.));
#3939=DIRECTION('ref_axis',(1.,0.,0.));
#3940=DIRECTION('',(0.034899496702501,-4.27395569285714E-18,0.999390827019096));
#3941=DIRECTION('center_axis',(0.,0.,1.));
#3942=DIRECTION('ref_axis',(1.,0.,0.));
#3943=DIRECTION('center_axis',(0.,0.,1.));
#3944=DIRECTION('ref_axis',(1.,0.,0.));
#3945=DIRECTION('center_axis',(0.,0.,-1.));
#3946=DIRECTION('ref_axis',(-1.,0.,0.));
#3947=DIRECTION('center_axis',(0.,0.,1.));
#3948=DIRECTION('ref_axis',(1.,0.,0.));
#3949=DIRECTION('center_axis',(0.,-1.,0.));
#3950=DIRECTION('ref_axis',(1.,0.,0.));
#3951=DIRECTION('center_axis',(0.,0.,-1.));
#3952=DIRECTION('ref_axis',(1.,0.,0.));
#3953=DIRECTION('center_axis',(0.,0.,-1.));
#3954=DIRECTION('ref_axis',(1.,0.,0.));
#3955=DIRECTION('center_axis',(0.,0.,-1.));
#3956=DIRECTION('ref_axis',(1.,0.,0.));
#3957=DIRECTION('',(0.034899496702501,-4.27395569285714E-18,0.999390827019096));
#3958=DIRECTION('center_axis',(0.,0.,1.));
#3959=DIRECTION('ref_axis',(1.,0.,0.));
#3960=DIRECTION('center_axis',(0.,0.,1.));
#3961=DIRECTION('ref_axis',(1.,0.,0.));
#3962=DIRECTION('center_axis',(-1.,0.,0.));
#3963=DIRECTION('ref_axis',(0.,-1.,0.));
#3964=DIRECTION('',(0.,0.707106781186548,0.707106781186548));
#3965=DIRECTION('',(0.,0.,-1.));
#3966=DIRECTION('',(0.,1.,0.));
#3967=DIRECTION('center_axis',(1.,0.,0.));
#3968=DIRECTION('ref_axis',(0.,1.,0.));
#3969=DIRECTION('',(0.,-0.707106781186548,-0.707106781186548));
#3970=DIRECTION('',(0.,-1.,0.));
#3971=DIRECTION('',(0.,0.,1.));
#3972=DIRECTION('center_axis',(1.,0.,0.));
#3973=DIRECTION('ref_axis',(0.,1.,0.));
#3974=DIRECTION('',(0.,-1.,0.));
#3975=DIRECTION('',(0.,0.,-1.));
#3976=DIRECTION('',(0.,-0.707106781186548,-0.707106781186547));
#3977=DIRECTION('',(0.,0.,1.));
#3978=DIRECTION('center_axis',(-1.,0.,0.));
#3979=DIRECTION('ref_axis',(0.,-1.,0.));
#3980=DIRECTION('',(0.,1.,0.));
#3981=DIRECTION('',(0.,0.,-1.));
#3982=DIRECTION('',(0.,0.707106781186548,0.707106781186547));
#3983=DIRECTION('',(0.,0.,-1.));
#3984=DIRECTION('center_axis',(-1.,0.,0.));
#3985=DIRECTION('ref_axis',(0.,-1.,0.));
#3986=DIRECTION('',(0.,1.,0.));
#3987=DIRECTION('',(0.,0.,-1.));
#3988=DIRECTION('',(0.,0.707106781186548,-0.707106781186547));
#3989=DIRECTION('',(0.,0.,1.));
#3990=DIRECTION('center_axis',(1.,0.,0.));
#3991=DIRECTION('ref_axis',(0.,1.,0.));
#3992=DIRECTION('',(0.,-1.,0.));
#3993=DIRECTION('',(0.,0.,-1.));
#3994=DIRECTION('',(0.,-0.707106781186548,0.707106781186547));
#3995=DIRECTION('',(0.,0.,-1.));
#3996=DIRECTION('center_axis',(0.,0.707106781186548,-0.707106781186548));
#3997=DIRECTION('ref_axis',(-1.,0.,0.));
#3998=DIRECTION('',(-0.577350269189626,0.577350269189626,0.577350269189626));
#3999=DIRECTION('',(1.,0.,0.));
#4000=DIRECTION('center_axis',(1.14850657719844E-16,0.,-1.));
#4001=DIRECTION('ref_axis',(-1.,0.,-1.14850657719844E-16));
#4002=DIRECTION('',(0.,1.,0.));
#4003=DIRECTION('',(1.,-4.32113013647515E-17,1.14850657719844E-16));
#4004=DIRECTION('center_axis',(1.14850657719844E-16,0.,-1.));
#4005=DIRECTION('ref_axis',(-1.,0.,-1.14850657719844E-16));
#4006=DIRECTION('',(1.,-4.32113013647515E-17,1.14850657719844E-16));
#4007=DIRECTION('',(0.,1.,0.));
#4008=DIRECTION('',(1.,0.,0.));
#4009=DIRECTION('center_axis',(4.32113013647515E-17,1.,0.));
#4010=DIRECTION('ref_axis',(-1.,4.32113013647515E-17,0.));
#4011=DIRECTION('',(0.,0.,1.));
#4012=DIRECTION('',(-1.,4.32113013647515E-17,0.));
#4013=DIRECTION('',(0.,0.,-1.));
#4014=DIRECTION('',(1.,-4.32113013647515E-17,0.));
#4015=DIRECTION('',(0.,0.,1.));
#4016=DIRECTION('',(-1.,4.32113013647515E-17,0.));
#4017=DIRECTION('',(0.,0.,-1.));
#4018=DIRECTION('',(1.,-4.32113013647515E-17,0.));
#4019=DIRECTION('',(2.92163953848725E-16,-1.26247846576746E-32,1.));
#4020=DIRECTION('',(-1.,4.32113013647515E-17,7.65671051465625E-17));
#4021=DIRECTION('',(0.,0.,-1.));
#4022=DIRECTION('center_axis',(0.,0.,-1.));
#4023=DIRECTION('ref_axis',(-1.,0.,0.));
#4024=DIRECTION('',(0.,1.,0.));
#4025=DIRECTION('',(-1.,0.,0.));
#4026=DIRECTION('center_axis',(0.,0.707106781186547,-0.707106781186548));
#4027=DIRECTION('ref_axis',(-1.,0.,0.));
#4028=DIRECTION('',(0.577350269189626,0.577350269189626,0.577350269189626));
#4029=DIRECTION('center_axis',(0.,0.707106781186547,-0.707106781186548));
#4030=DIRECTION('ref_axis',(-1.,0.,0.));
#4031=DIRECTION('',(-0.577350269189626,0.577350269189626,0.577350269189626));
#4032=DIRECTION('center_axis',(0.,-1.,0.));
#4033=DIRECTION('ref_axis',(1.,0.,0.));
#4034=DIRECTION('',(0.,0.,1.));
#4035=DIRECTION('',(-1.,0.,0.));
#4036=DIRECTION('',(0.,0.,-1.));
#4037=DIRECTION('',(0.,0.,1.));
#4038=DIRECTION('',(1.,0.,0.));
#4039=DIRECTION('',(0.,0.,-1.));
#4040=DIRECTION('',(-1.,0.,0.));
#4041=DIRECTION('center_axis',(0.,0.,1.));
#4042=DIRECTION('ref_axis',(1.,0.,0.));
#4043=DIRECTION('',(-0.707106781186548,-0.707106781186547,0.));
#4044=DIRECTION('',(1.,-4.27534682808258E-17,0.));
#4045=DIRECTION('',(-0.707106781186547,0.707106781186548,0.));
#4046=DIRECTION('center_axis',(0.,0.,1.));
#4047=DIRECTION('ref_axis',(1.,0.,0.));
#4048=DIRECTION('',(0.707106781186548,0.707106781186548,0.));
#4049=DIRECTION('',(-1.,0.,0.));
#4050=DIRECTION('center_axis',(0.,0.,1.));
#4051=DIRECTION('ref_axis',(0.707106781186522,0.707106781186573,0.));
#4052=DIRECTION('',(0.,1.,0.));
#4053=DIRECTION('center_axis',(0.,0.,1.));
#4054=DIRECTION('ref_axis',(0.707106781186577,-0.707106781186518,0.));
#4055=DIRECTION('',(1.,-4.27534682808258E-17,0.));
#4056=DIRECTION('',(-0.707106781186548,0.707106781186547,0.));
#4057=DIRECTION('center_axis',(0.,-1.,0.));
#4058=DIRECTION('ref_axis',(1.,0.,0.));
#4059=DIRECTION('',(-1.,0.,0.));
#4060=DIRECTION('',(0.,0.,1.));
#4061=DIRECTION('',(1.,0.,0.));
#4062=DIRECTION('',(0.,0.,-1.));
#4063=DIRECTION('',(-1.,0.,0.));
#4064=DIRECTION('',(0.,0.,1.));
#4065=DIRECTION('',(1.,0.,0.));
#4066=DIRECTION('',(0.,0.,1.));
#4067=DIRECTION('center_axis',(0.,0.,-1.));
#4068=DIRECTION('ref_axis',(1.,0.,0.));
#4069=DIRECTION('',(0.,-1.,0.));
#4070=DIRECTION('',(1.,0.,0.));
#4071=DIRECTION('center_axis',(0.,-0.707106781186547,-0.707106781186548));
#4072=DIRECTION('ref_axis',(1.,0.,0.));
#4073=DIRECTION('',(-0.577350269189626,-0.577350269189626,0.577350269189626));
#4074=DIRECTION('center_axis',(0.,-0.707106781186547,-0.707106781186548));
#4075=DIRECTION('ref_axis',(1.,0.,0.));
#4076=DIRECTION('',(0.577350269189626,-0.577350269189626,0.577350269189626));
#4077=DIRECTION('center_axis',(0.,1.,0.));
#4078=DIRECTION('ref_axis',(-1.,0.,0.));
#4079=DIRECTION('',(0.,0.,1.));
#4080=DIRECTION('',(1.,0.,0.));
#4081=DIRECTION('',(0.,0.,-1.));
#4082=DIRECTION('',(0.,0.,1.));
#4083=DIRECTION('',(-1.,0.,0.));
#4084=DIRECTION('',(0.,0.,-1.));
#4085=DIRECTION('',(1.,0.,0.));
#4086=DIRECTION('center_axis',(-1.,5.57901017399576E-17,0.));
#4087=DIRECTION('ref_axis',(0.,0.608761429008719,0.793353340291236));
#4088=DIRECTION('',(1.,-5.57901017399576E-17,0.));
#4089=DIRECTION('center_axis',(-0.707106781186539,-0.707106781186556,3.04205413869985E-15));
#4090=DIRECTION('ref_axis',(0.707106781186556,-0.707106781186539,3.04205413869978E-15));
#4091=DIRECTION('',(-1.,5.57901017399576E-17,0.));
#4092=DIRECTION('center_axis',(0.707106781186541,-0.707106781186554,9.322423973435E-16));
#4093=DIRECTION('ref_axis',(0.707106781186554,0.707106781186541,-9.32242397343482E-16));
#4094=DIRECTION('center_axis',(0.,1.,0.));
#4095=DIRECTION('ref_axis',(0.608761429008725,0.,0.793353340291232));
#4096=DIRECTION('',(0.,1.,0.));
#4097=DIRECTION('center_axis',(-0.707106781186541,-0.707106781186554,0.));
#4098=DIRECTION('ref_axis',(0.707106781186554,-0.707106781186541,0.));
#4099=DIRECTION('',(0.,-1.,0.));
#4100=DIRECTION('center_axis',(1.,0.,0.));
#4101=DIRECTION('ref_axis',(0.,-0.608761429008711,0.793353340291243));
#4102=DIRECTION('',(-1.,0.,0.));
#4103=DIRECTION('',(1.,0.,0.));
#4104=DIRECTION('center_axis',(-0.707106781186541,0.707106781186554,0.));
#4105=DIRECTION('ref_axis',(-0.707106781186554,-0.707106781186541,0.));
#4106=DIRECTION('center_axis',(0.,-1.,0.));
#4107=DIRECTION('ref_axis',(-0.608761429008725,0.,0.793353340291232));
#4108=DIRECTION('',(0.,1.,0.));
#4109=DIRECTION('',(0.,-1.,0.));
#4110=DIRECTION('center_axis',(-0.965925826289068,0.,-0.258819045102521));
#4111=DIRECTION('ref_axis',(0.,-1.,0.));
#4112=DIRECTION('',(-0.250562807085732,-0.250562807085732,0.935113126531029));
#4113=DIRECTION('',(0.,-1.,0.));
#4114=DIRECTION('',(-0.250562807085732,0.250562807085732,0.935113126531029));
#4115=DIRECTION('center_axis',(-5.38891001219197E-17,-0.965925826289068,
-0.258819045102521));
#4116=DIRECTION('ref_axis',(1.,-5.57901017399576E-17,0.));
#4117=DIRECTION('',(0.250562807085732,-0.250562807085732,0.935113126531029));
#4118=DIRECTION('',(1.,-5.57901017399576E-17,0.));
#4119=DIRECTION('center_axis',(0.,0.,1.));
#4120=DIRECTION('ref_axis',(1.,0.,0.));
#4121=DIRECTION('',(0.,-1.,0.));
#4122=DIRECTION('',(1.,0.,0.));
#4123=DIRECTION('',(0.,1.,0.));
#4124=DIRECTION('',(-1.,4.27534682808258E-17,0.));
#4125=DIRECTION('center_axis',(0.,0.,-1.));
#4126=DIRECTION('ref_axis',(1.,0.,0.));
#4127=DIRECTION('center_axis',(-0.816496580927764,0.408248290463825,0.408248290463825));
#4128=DIRECTION('ref_axis',(0.577350269189578,0.577350269189664,0.577350269189635));
#4129=DIRECTION('center_axis',(0.,1.,0.));
#4130=DIRECTION('ref_axis',(1.,0.,0.));
#4131=DIRECTION('center_axis',(0.,0.,1.));
#4132=DIRECTION('ref_axis',(0.,1.,0.));
#4133=DIRECTION('center_axis',(1.,-7.1054273576009E-14,0.));
#4134=DIRECTION('ref_axis',(0.,0.,1.));
#4135=DIRECTION('center_axis',(0.,0.,1.));
#4136=DIRECTION('ref_axis',(0.707106781186522,0.707106781186573,0.));
#4137=DIRECTION('',(0.,0.,1.));
#4138=DIRECTION('',(0.,0.,-1.));
#4139=DIRECTION('center_axis',(-0.816496580927729,-0.40824829046386,-0.40824829046386));
#4140=DIRECTION('ref_axis',(-0.577350269189627,0.577350269189625,0.577350269189625));
#4141=DIRECTION('center_axis',(-1.,0.,0.));
#4142=DIRECTION('ref_axis',(0.,1.,0.));
#4143=DIRECTION('center_axis',(0.,0.,1.));
#4144=DIRECTION('ref_axis',(-1.,0.,0.));
#4145=DIRECTION('center_axis',(0.,1.,0.));
#4146=DIRECTION('ref_axis',(0.,0.,1.));
#4147=DIRECTION('center_axis',(0.,0.,1.));
#4148=DIRECTION('ref_axis',(-0.707106781186543,0.707106781186552,0.));
#4149=DIRECTION('center_axis',(0.,0.,1.));
#4150=DIRECTION('ref_axis',(-0.707106781186543,0.707106781186552,0.));
#4151=DIRECTION('',(0.,0.,1.));
#4152=DIRECTION('',(0.,0.,-1.));
#4153=DIRECTION('center_axis',(0.408248290463856,-0.408248290463857,-0.816496580927733));
#4154=DIRECTION('ref_axis',(0.57735026918964,-0.577350269189619,0.577350269189618));
#4155=DIRECTION('center_axis',(1.,0.,0.));
#4156=DIRECTION('ref_axis',(0.,-1.,0.));
#4157=DIRECTION('center_axis',(0.,0.,1.));
#4158=DIRECTION('ref_axis',(1.,0.,0.));
#4159=DIRECTION('center_axis',(0.,-1.,0.));
#4160=DIRECTION('ref_axis',(0.,0.,1.));
#4161=DIRECTION('center_axis',(0.,0.,1.));
#4162=DIRECTION('ref_axis',(0.707106781186577,-0.707106781186518,0.));
#4163=DIRECTION('',(0.,0.,1.));
#4164=DIRECTION('',(0.,0.,-1.));
#4165=DIRECTION('center_axis',(0.,1.,0.));
#4166=DIRECTION('ref_axis',(0.707106781186576,0.,0.707106781186519));
#4167=DIRECTION('',(0.,1.,0.));
#4168=DIRECTION('center_axis',(-0.816496580927726,0.408248290463866,-0.40824829046386));
#4169=DIRECTION('ref_axis',(-0.577350269189627,-0.577350269189627,0.577350269189623));
#4170=DIRECTION('center_axis',(0.,-1.,0.));
#4171=DIRECTION('ref_axis',(-1.,0.,0.));
#4172=DIRECTION('center_axis',(0.,0.,1.));
#4173=DIRECTION('ref_axis',(0.,-1.,0.));
#4174=DIRECTION('center_axis',(-1.,0.,0.));
#4175=DIRECTION('ref_axis',(0.,0.,1.));
#4176=DIRECTION('center_axis',(0.,0.,1.));
#4177=DIRECTION('ref_axis',(-0.707106781186548,-0.707106781186548,0.));
#4178=DIRECTION('center_axis',(0.,0.,1.));
#4179=DIRECTION('ref_axis',(-0.707106781186548,-0.707106781186548,0.));
#4180=DIRECTION('',(0.,0.,1.));
#4181=DIRECTION('',(0.,0.,-1.));
#4182=DIRECTION('center_axis',(1.,-4.27534682808258E-17,0.));
#4183=DIRECTION('ref_axis',(0.,-0.707106781186547,0.707106781186548));
#4184=DIRECTION('',(1.,-4.27534682808258E-17,0.));
#4185=DIRECTION('center_axis',(0.,-1.,0.));
#4186=DIRECTION('ref_axis',(-0.707106781186546,0.,0.707106781186549));
#4187=DIRECTION('',(0.,-1.,0.));
#4188=DIRECTION('center_axis',(-1.,0.,0.));
#4189=DIRECTION('ref_axis',(0.,0.707106781186551,0.707106781186544));
#4190=DIRECTION('',(-1.,0.,0.));
#4191=DIRECTION('center_axis',(1.,0.,0.));
#4192=DIRECTION('ref_axis',(0.,1.,0.));
#4193=DIRECTION('center_axis',(-1.,0.,0.));
#4194=DIRECTION('ref_axis',(0.,1.,0.));
#4195=DIRECTION('center_axis',(-1.,0.,0.));
#4196=DIRECTION('ref_axis',(0.,1.,0.));
#4197=DIRECTION('center_axis',(-4.27534682808258E-17,-1.,0.));
#4198=DIRECTION('ref_axis',(1.,-4.27534682808258E-17,0.));
#4199=DIRECTION('',(1.,-4.27534682808258E-17,0.));
#4200=DIRECTION('',(0.,0.,1.));
#4201=DIRECTION('',(1.,-4.27534682808258E-17,4.27534682808258E-17));
#4202=DIRECTION('',(0.,0.,-1.));
#4203=DIRECTION('',(0.,0.,1.));
#4204=DIRECTION('',(1.,-4.27534682808258E-17,4.27534682808258E-17));
#4205=DIRECTION('',(0.,0.,-1.));
#4206=DIRECTION('center_axis',(0.,0.,1.));
#4207=DIRECTION('ref_axis',(1.,0.,0.));
#4208=DIRECTION('center_axis',(0.,0.,1.));
#4209=DIRECTION('ref_axis',(1.,0.,0.));
#4210=DIRECTION('',(0.,0.,1.));
#4211=DIRECTION('center_axis',(0.,0.965925826289068,-0.258819045102521));
#4212=DIRECTION('ref_axis',(-1.,0.,0.));
#4213=DIRECTION('',(-1.,0.,0.));
#4214=DIRECTION('',(0.250562807085732,0.250562807085732,0.935113126531029));
#4215=DIRECTION('center_axis',(0.965925826289068,0.,-0.258819045102521));
#4216=DIRECTION('ref_axis',(0.,1.,0.));
#4217=DIRECTION('',(0.,1.,0.));
#4218=DIRECTION('center_axis',(1.11468175163168E-16,-1.,0.));
#4219=DIRECTION('ref_axis',(-1.,-1.11468175163168E-16,0.));
#4220=DIRECTION('',(1.,1.11468175163168E-16,0.));
#4221=DIRECTION('',(0.,0.,-1.));
#4222=DIRECTION('',(1.,1.11468175163168E-16,0.));
#4223=DIRECTION('',(0.,0.,-1.));
#4224=DIRECTION('center_axis',(1.,0.,0.));
#4225=DIRECTION('ref_axis',(0.,-1.,0.));
#4226=DIRECTION('',(0.,1.,0.));
#4227=DIRECTION('',(0.,0.,-1.));
#4228=DIRECTION('',(0.,1.,0.));
#4229=DIRECTION('center_axis',(0.,1.,0.));
#4230=DIRECTION('ref_axis',(1.,0.,0.));
#4231=DIRECTION('',(-1.,0.,0.));
#4232=DIRECTION('',(0.,0.,-1.));
#4233=DIRECTION('',(-1.,0.,0.));
#4234=DIRECTION('center_axis',(-1.,0.,0.));
#4235=DIRECTION('ref_axis',(0.,1.,0.));
#4236=DIRECTION('',(0.,-1.,0.));
#4237=DIRECTION('',(0.,-1.,0.));
#4238=DIRECTION('center_axis',(0.,0.,1.));
#4239=DIRECTION('ref_axis',(1.,0.,0.));
#4240=DIRECTION('center_axis',(-1.,0.,0.));
#4241=DIRECTION('ref_axis',(0.,0.,-1.));
#4242=DIRECTION('',(0.,-1.,0.));
#4243=DIRECTION('',(0.,-1.,0.));
#4244=DIRECTION('center_axis',(0.,0.,1.));
#4245=DIRECTION('ref_axis',(-1.,0.,0.));
#4246=DIRECTION('',(0.,-1.,0.));
#4247=DIRECTION('center_axis',(1.,0.,0.));
#4248=DIRECTION('ref_axis',(0.,0.,1.));
#4249=DIRECTION('center_axis',(0.,0.,-1.));
#4250=DIRECTION('ref_axis',(1.,0.,0.));
#4251=DIRECTION('center_axis',(1.,0.,0.));
#4252=DIRECTION('ref_axis',(0.,0.,-1.));
#4253=DIRECTION('',(0.,1.,0.));
#4254=DIRECTION('',(0.,1.,0.));
#4255=DIRECTION('center_axis',(0.,0.,1.));
#4256=DIRECTION('ref_axis',(1.,0.,0.));
#4257=DIRECTION('',(0.,1.,0.));
#4258=DIRECTION('center_axis',(-1.,0.,0.));
#4259=DIRECTION('ref_axis',(0.,0.,1.));
#4260=DIRECTION('center_axis',(0.,0.,-1.));
#4261=DIRECTION('ref_axis',(-1.,0.,0.));
#4262=DIRECTION('center_axis',(1.,0.,-2.92163953848725E-16));
#4263=DIRECTION('ref_axis',(-2.92163953848725E-16,0.,-1.));
#4264=DIRECTION('',(0.,0.,1.));
#4265=DIRECTION('',(0.,1.,0.));
#4266=DIRECTION('center_axis',(7.65671051465625E-17,0.,1.));
#4267=DIRECTION('ref_axis',(1.,0.,-7.65671051465625E-17));
#4268=DIRECTION('',(-1.,0.,0.));
#4269=DIRECTION('',(0.,1.,0.));
#4270=DIRECTION('center_axis',(-1.,0.,0.));
#4271=DIRECTION('ref_axis',(0.,0.,1.));
#4272=DIRECTION('',(0.,0.,-1.));
#4273=DIRECTION('center_axis',(0.707106781186548,-0.707106781186548,0.));
#4274=DIRECTION('ref_axis',(0.,0.,1.));
#4275=DIRECTION('',(-0.577350269189626,-0.577350269189626,-0.577350269189626));
#4276=DIRECTION('',(0.,0.,1.));
#4277=DIRECTION('center_axis',(-0.707106781186548,-0.707106781186548,0.));
#4278=DIRECTION('ref_axis',(0.,0.,-1.));
#4279=DIRECTION('',(0.707106781186548,-0.707106781186548,0.));
#4280=DIRECTION('',(0.,0.,-1.));
#4281=DIRECTION('',(0.577350269189626,-0.577350269189626,-0.577350269189626));
#4282=DIRECTION('center_axis',(0.,-0.707106781186548,0.707106781186548));
#4283=DIRECTION('ref_axis',(-1.,0.,0.));
#4284=DIRECTION('',(-1.,0.,0.));
#4285=DIRECTION('center_axis',(0.,1.,0.));
#4286=DIRECTION('ref_axis',(-1.,0.,0.));
#4287=DIRECTION('',(-1.,0.,0.));
#4288=DIRECTION('center_axis',(-0.707106781186548,0.707106781186547,0.));
#4289=DIRECTION('ref_axis',(0.,0.,1.));
#4290=DIRECTION('',(0.577350269189626,0.577350269189626,0.577350269189626));
#4291=DIRECTION('',(0.577350269189626,0.577350269189626,-0.577350269189626));
#4292=DIRECTION('',(-0.707106781186547,-0.707106781186548,0.));
#4293=DIRECTION('center_axis',(0.707106781186548,0.707106781186547,0.));
#4294=DIRECTION('ref_axis',(0.,0.,-1.));
#4295=DIRECTION('',(-0.577350269189626,0.577350269189626,-0.577350269189626));
#4296=DIRECTION('center_axis',(0.,0.707106781186547,0.707106781186548));
#4297=DIRECTION('ref_axis',(1.,0.,0.));
#4298=DIRECTION('center_axis',(0.,0.707106781186548,-0.707106781186548));
#4299=DIRECTION('ref_axis',(-1.,0.,0.));
#4300=DIRECTION('center_axis',(-0.707106781186547,0.707106781186548,0.));
#4301=DIRECTION('ref_axis',(0.,0.,1.));
#4302=DIRECTION('',(0.577350269189626,0.577350269189626,-0.577350269189626));
#4303=DIRECTION('center_axis',(0.707106781186547,0.707106781186548,0.));
#4304=DIRECTION('ref_axis',(0.,0.,-1.));
#4305=DIRECTION('',(-0.577350269189626,0.577350269189626,-0.577350269189625));
#4306=DIRECTION('center_axis',(0.,0.707106781186547,0.707106781186548));
#4307=DIRECTION('ref_axis',(1.,0.,0.));
#4308=DIRECTION('center_axis',(1.,0.,0.));
#4309=DIRECTION('ref_axis',(0.,1.,0.));
#4310=DIRECTION('',(-0.707106781186548,0.707106781186548,-8.65956056235493E-17));
#4311=DIRECTION('center_axis',(1.,0.,0.));
#4312=DIRECTION('ref_axis',(0.,1.,0.));
#4313=DIRECTION('center_axis',(1.,0.,0.));
#4314=DIRECTION('ref_axis',(0.,1.,0.));
#4315=DIRECTION('',(-0.707106781186548,0.707106781186548,-8.65956056235493E-17));
#4316=DIRECTION('center_axis',(1.,0.,0.));
#4317=DIRECTION('ref_axis',(0.,1.,0.));
#4318=DIRECTION('center_axis',(0.,0.,1.));
#4319=DIRECTION('ref_axis',(-1.,0.,0.));
#4320=DIRECTION('',(0.,-1.,0.));
#4321=DIRECTION('',(0.,1.,0.));
#4322=DIRECTION('center_axis',(-1.,0.,0.));
#4323=DIRECTION('ref_axis',(0.,-1.,0.));
#4324=DIRECTION('center_axis',(1.,0.,0.));
#4325=DIRECTION('ref_axis',(0.,1.,0.));
#4326=DIRECTION('center_axis',(-1.,0.,0.));
#4327=DIRECTION('ref_axis',(0.,-1.,0.));
#4328=DIRECTION('',(0.,-1.,0.));
#4329=DIRECTION('center_axis',(0.,0.,1.));
#4330=DIRECTION('ref_axis',(1.,0.,0.));
#4331=DIRECTION('axis',(0.,0.,1.));
#4332=DIRECTION('refdir',(1.,0.,0.));
#4333=DIRECTION('center_axis',(0.,0.,1.));
#4334=DIRECTION('ref_axis',(1.,0.,0.));
#4335=DIRECTION('center_axis',(0.,0.,-1.));
#4336=DIRECTION('ref_axis',(-1.,0.,0.));
#4337=DIRECTION('center_axis',(0.,-1.,0.));
#4338=DIRECTION('ref_axis',(-1.,0.,0.));
#4339=DIRECTION('center_axis',(0.,0.,1.));
#4340=DIRECTION('ref_axis',(-1.,0.,0.));
#4341=DIRECTION('center_axis',(0.,0.,1.));
#4342=DIRECTION('ref_axis',(-1.,0.,0.));
#4343=DIRECTION('center_axis',(0.,0.,1.));
#4344=DIRECTION('ref_axis',(-1.,0.,0.));
#4345=DIRECTION('',(0.,0.,-1.));
#4346=DIRECTION('center_axis',(0.,0.,-1.));
#4347=DIRECTION('ref_axis',(-1.,0.,0.));
#4348=DIRECTION('center_axis',(0.,0.,1.));
#4349=DIRECTION('ref_axis',(-1.,0.,0.));
#4350=DIRECTION('center_axis',(0.,0.,-1.));
#4351=DIRECTION('ref_axis',(1.,0.,0.));
#4352=DIRECTION('center_axis',(0.,0.,1.));
#4353=DIRECTION('ref_axis',(1.,0.,0.));
#4354=DIRECTION('',(0.,0.,1.));
#4355=DIRECTION('center_axis',(0.,0.,1.));
#4356=DIRECTION('ref_axis',(1.,0.,0.));
#4357=DIRECTION('center_axis',(0.,0.,1.));
#4358=DIRECTION('ref_axis',(1.,0.,0.));
#4359=DIRECTION('center_axis',(0.,0.,-1.));
#4360=DIRECTION('ref_axis',(1.,0.,0.));
#4361=DIRECTION('center_axis',(0.,0.,-1.));
#4362=DIRECTION('ref_axis',(1.,0.,0.));
#4363=DIRECTION('center_axis',(0.,0.,-1.));
#4364=DIRECTION('ref_axis',(1.,0.,0.));
#4365=DIRECTION('center_axis',(0.,0.,-1.));
#4366=DIRECTION('ref_axis',(1.,0.,0.));
#4367=DIRECTION('',(0.,0.,1.));
#4368=DIRECTION('center_axis',(0.,0.,-1.));
#4369=DIRECTION('ref_axis',(1.,0.,0.));
#4370=DIRECTION('',(0.,0.,1.));
#4371=DIRECTION('',(1.,0.,0.));
#4372=DIRECTION('',(0.,0.,1.));
#4373=DIRECTION('',(1.,0.,0.));
#4374=DIRECTION('',(0.,0.,1.));
#4375=DIRECTION('',(1.,0.,0.));
#4376=CARTESIAN_POINT('',(0.,0.,0.));
#4377=CARTESIAN_POINT('',(0.,0.,0.));
#4378=CARTESIAN_POINT('Origin',(38.47214599987,-1.75,1.6));
#4379=CARTESIAN_POINT('',(38.42214599987,-1.70000000000001,1.315));
#4380=CARTESIAN_POINT('',(38.13714599987,-1.415,1.6));
#4381=CARTESIAN_POINT('',(37.5654793332033,-0.843333333333335,2.17166666666667));
#4382=CARTESIAN_POINT('',(38.42214599987,-1.7,-0.4));
#4383=CARTESIAN_POINT('',(38.42214599987,-1.7,1.6));
#4384=CARTESIAN_POINT('',(38.13714599987,-1.41500000000001,-0.4));
#4385=CARTESIAN_POINT('',(38.13714599987,-1.415,-0.4));
#4386=CARTESIAN_POINT('',(38.13714599987,-1.415,1.6));
#4387=CARTESIAN_POINT('Origin',(11.19933700013,81.885035,1.6));
#4388=CARTESIAN_POINT('',(11.24933700013,81.835035,1.315));
#4389=CARTESIAN_POINT('',(11.53433700013,81.550035,1.6));
#4390=CARTESIAN_POINT('',(12.1060036667967,80.9783683333333,2.17166666666667));
#4391=CARTESIAN_POINT('',(11.24933700013,81.835035,-0.4));
#4392=CARTESIAN_POINT('',(11.24933700013,81.835035,1.6));
#4393=CARTESIAN_POINT('',(11.53433700013,81.550035,-0.4));
#4394=CARTESIAN_POINT('',(11.53433700013,81.550035,-0.4));
#4395=CARTESIAN_POINT('',(11.53433700013,81.550035,1.6));
#4396=CARTESIAN_POINT('Origin',(28.36714599987,-1.415,1.6));
#4397=CARTESIAN_POINT('',(28.08214599987,-1.7,1.315));
#4398=CARTESIAN_POINT('',(28.36714599987,-1.415,1.6));
#4399=CARTESIAN_POINT('',(27.9754793332033,-1.80666666666667,1.20833333333333));
#4400=CARTESIAN_POINT('',(28.36714599987,-1.41500000000001,-0.4));
#4401=CARTESIAN_POINT('',(28.36714599987,-1.415,1.6));
#4402=CARTESIAN_POINT('',(28.08214599987,-1.7,-0.4));
#4403=CARTESIAN_POINT('',(26.78214599987,-3.,-0.4));
#4404=CARTESIAN_POINT('',(28.08214599987,-1.7,1.6));
#4405=CARTESIAN_POINT('Origin',(18.305327,-1.75,1.6));
#4406=CARTESIAN_POINT('',(18.255327,-1.7,0.995000000000005));
#4407=CARTESIAN_POINT('',(17.650327,-1.09500000000001,1.6));
#4408=CARTESIAN_POINT('',(16.4719936666667,0.0833333333333292,2.77833333333334));
#4409=CARTESIAN_POINT('',(18.255327,-1.7,-0.4));
#4410=CARTESIAN_POINT('',(18.255327,-1.7,1.6));
#4411=CARTESIAN_POINT('',(17.650327,-1.09500000000001,-0.4));
#4412=CARTESIAN_POINT('',(17.650327,-1.09500000000001,-0.4));
#4413=CARTESIAN_POINT('',(17.650327,-1.09500000000001,1.6));
#4414=CARTESIAN_POINT('Origin',(17.650327,-1.09500000000001,1.6));
#4415=CARTESIAN_POINT('',(2.960327,-1.095,1.6));
#4416=CARTESIAN_POINT('',(41.2257,-1.09500000000001,1.6));
#4417=CARTESIAN_POINT('',(2.960327,-1.09500000000001,-0.4));
#4418=CARTESIAN_POINT('',(2.960327,-1.095,-0.4));
#4419=CARTESIAN_POINT('',(2.960327,-1.095,1.6));
#4420=CARTESIAN_POINT('Origin',(28.03214599987,-1.7,1.6));
#4421=CARTESIAN_POINT('',(28.08214599987,-1.7,1.6));
#4422=CARTESIAN_POINT('',(18.255327,-1.7,1.6));
#4423=CARTESIAN_POINT('',(54.714109499935,-1.7,1.6));
#4424=CARTESIAN_POINT('',(28.08214599987,-1.7,4.3875));
#4425=CARTESIAN_POINT('',(54.714109499935,-1.7,-0.4));
#4426=CARTESIAN_POINT('',(18.255327,-1.7,0.647500000000001));
#4427=CARTESIAN_POINT('Origin',(38.13714599987,-1.415,1.6));
#4428=CARTESIAN_POINT('',(54.089109499935,-1.415,1.6));
#4429=CARTESIAN_POINT('',(28.36714599987,-1.415,-0.4));
#4430=CARTESIAN_POINT('Origin',(164.542146,-1.70000000000001,1.6));
#4431=CARTESIAN_POINT('',(164.492146,-1.7,1.6));
#4432=CARTESIAN_POINT('',(38.42214599987,-1.7,1.6));
#4433=CARTESIAN_POINT('',(122.9691095,-1.70000000000001,1.6));
#4434=CARTESIAN_POINT('',(164.492146,-1.7,-0.4));
#4435=CARTESIAN_POINT('',(164.492146,-1.7,1.6));
#4436=CARTESIAN_POINT('',(122.9691095,-1.70000000000001,-0.4));
#4437=CARTESIAN_POINT('',(38.42214599987,-1.7,0.8075));
#4438=CARTESIAN_POINT('Origin',(164.492146,81.885035,1.6));
#4439=CARTESIAN_POINT('',(164.492146,81.835035,1.6));
#4440=CARTESIAN_POINT('',(164.492146,60.97627625,1.6));
#4441=CARTESIAN_POINT('',(164.492146,81.835035,-0.4));
#4442=CARTESIAN_POINT('',(164.492146,81.835035,1.6));
#4443=CARTESIAN_POINT('',(164.492146,60.97627625,-0.4));
#4444=CARTESIAN_POINT('Origin',(21.63933700013,81.835035,1.6));
#4445=CARTESIAN_POINT('',(21.58933700013,81.835035,1.6));
#4446=CARTESIAN_POINT('',(51.517705000065,81.835035,1.6));
#4447=CARTESIAN_POINT('',(21.58933700013,81.835035,1.31500000000001));
#4448=CARTESIAN_POINT('',(21.58933700013,81.835035,4.3875));
#4449=CARTESIAN_POINT('',(21.58933700013,81.835035,-0.4));
#4450=CARTESIAN_POINT('',(21.58933700013,81.835035,1.6));
#4451=CARTESIAN_POINT('',(51.517705000065,81.835035,-0.4));
#4452=CARTESIAN_POINT('Origin',(21.30433700013,81.550035,1.6));
#4453=CARTESIAN_POINT('',(21.30433700013,81.550035,1.6));
#4454=CARTESIAN_POINT('',(21.6960036667967,81.9417016666667,1.20833333333333));
#4455=CARTESIAN_POINT('',(21.30433700013,81.550035,-0.4));
#4456=CARTESIAN_POINT('',(21.30433700013,81.550035,1.6));
#4457=CARTESIAN_POINT('',(22.88933700013,83.135035,-0.4));
#4458=CARTESIAN_POINT('Origin',(11.53433700013,81.550035,1.6));
#4459=CARTESIAN_POINT('',(52.142705000065,81.550035,1.6));
#4460=CARTESIAN_POINT('',(21.30433700013,81.550035,-0.4));
#4461=CARTESIAN_POINT('Origin',(-1.75,81.835035,1.6));
#4462=CARTESIAN_POINT('',(-1.7,81.835035,1.6));
#4463=CARTESIAN_POINT('',(11.24933700013,81.835035,1.6));
#4464=CARTESIAN_POINT('',(39.8230365,81.835035,1.6));
#4465=CARTESIAN_POINT('',(-1.7,81.835035,-0.4));
#4466=CARTESIAN_POINT('',(-1.7,81.835035,1.6));
#4467=CARTESIAN_POINT('',(39.8230365,81.835035,-0.4));
#4468=CARTESIAN_POINT('',(11.24933700013,81.835035,0.8075));
#4469=CARTESIAN_POINT('Origin',(-1.70000000000001,-1.75,1.6));
#4470=CARTESIAN_POINT('',(-1.7,-1.7,1.6));
#4471=CARTESIAN_POINT('',(-1.7,19.15875875,1.6));
#4472=CARTESIAN_POINT('',(-1.7,-1.7,-0.4));
#4473=CARTESIAN_POINT('',(-1.70000000000001,-1.7,1.6));
#4474=CARTESIAN_POINT('',(-1.7,19.15875875,-0.4));
#4475=CARTESIAN_POINT('Origin',(2.30532700000001,-1.7,1.6));
#4476=CARTESIAN_POINT('',(2.355327,-1.7,1.6));
#4477=CARTESIAN_POINT('',(41.8507,-1.7,1.6));
#4478=CARTESIAN_POINT('',(2.355327,-1.7,0.995000000000006));
#4479=CARTESIAN_POINT('',(2.355327,-1.7,6.4475));
#4480=CARTESIAN_POINT('',(2.355327,-1.7,-0.4));
#4481=CARTESIAN_POINT('',(2.355327,-1.7,1.6));
#4482=CARTESIAN_POINT('',(41.8507,-1.7,-0.4));
#4483=CARTESIAN_POINT('Origin',(2.960327,-1.09500000000001,1.6));
#4484=CARTESIAN_POINT('',(2.98866033333333,-1.06666666666667,1.62833333333334));
#4485=CARTESIAN_POINT('',(1.055327,-3.,-0.4));
#4486=CARTESIAN_POINT('Origin',(81.396073,40.0675175,-0.4));
#4487=CARTESIAN_POINT('',(163.292146,80.635035,-0.4));
#4488=CARTESIAN_POINT('',(-0.5,80.635035,-0.4));
#4489=CARTESIAN_POINT('',(40.4480365,80.635035,-0.4));
#4490=CARTESIAN_POINT('',(163.292146,-0.500000000000007,-0.4));
#4491=CARTESIAN_POINT('',(163.292146,60.35127625,-0.4));
#4492=CARTESIAN_POINT('',(-0.500000000000007,-0.500000000000007,-0.4));
#4493=CARTESIAN_POINT('',(122.3441095,-0.500000000000007,-0.4));
#4494=CARTESIAN_POINT('',(-0.499999999999998,19.78375875,-0.4));
#4495=CARTESIAN_POINT('Origin',(-0.5,-0.5,0.));
#4496=CARTESIAN_POINT('',(-0.500000000000007,-0.5,-3.));
#4497=CARTESIAN_POINT('',(-0.500000000000007,-0.5,0.));
#4498=CARTESIAN_POINT('',(-0.500000000000007,80.635035,-3.));
#4499=CARTESIAN_POINT('',(-0.500000000000007,19.78375875,-3.));
#4500=CARTESIAN_POINT('',(-0.5,80.635035,0.));
#4501=CARTESIAN_POINT('Origin',(163.292146,-0.500000000000007,0.));
#4502=CARTESIAN_POINT('',(163.292146,-0.500000000000007,-3.));
#4503=CARTESIAN_POINT('',(163.292146,-0.500000000000007,0.));
#4504=CARTESIAN_POINT('',(122.3441095,-0.500000000000007,-3.));
#4505=CARTESIAN_POINT('Origin',(22.88933700013,83.135035,7.175));
#4506=CARTESIAN_POINT('',(22.88933700013,83.135035,1.6));
#4507=CARTESIAN_POINT('',(26.7491416250975,86.9948396249675,1.6));
#4508=CARTESIAN_POINT('',(22.88933700013,83.135035,0.0149999999999995));
#4509=CARTESIAN_POINT('',(22.88933700013,83.135035,3.5875));
#4510=CARTESIAN_POINT('',(21.6960036667967,81.9417016666667,1.20833333333333));
#4511=CARTESIAN_POINT('Origin',(39.72214599987,-3.,0.0149999999999995));
#4512=CARTESIAN_POINT('',(39.72214599987,-3.,0.0149999999999995));
#4513=CARTESIAN_POINT('',(37.5654793332033,-0.843333333333335,2.17166666666667));
#4514=CARTESIAN_POINT('',(39.72214599987,-3.,1.6));
#4515=CARTESIAN_POINT('',(39.72214599987,-3.,0.00749999999999973));
#4516=CARTESIAN_POINT('',(39.3737483749025,-2.65160237503251,1.6));
#4517=CARTESIAN_POINT('Origin',(26.78214599987,-3.,7.175));
#4518=CARTESIAN_POINT('',(26.78214599987,-3.,1.6));
#4519=CARTESIAN_POINT('',(51.2025071249025,21.4203611250325,1.6));
#4520=CARTESIAN_POINT('',(26.78214599987,-3.,0.0149999999999995));
#4521=CARTESIAN_POINT('',(26.78214599987,-3.00000000000001,3.5875));
#4522=CARTESIAN_POINT('',(27.9754793332033,-1.80666666666667,1.20833333333333));
#4523=CARTESIAN_POINT('Origin',(81.396073,40.0675175,1.6));
#4524=CARTESIAN_POINT('',(19.555327,-3.,1.6));
#4525=CARTESIAN_POINT('',(24.248634125,-7.693307125,1.6));
#4526=CARTESIAN_POINT('',(165.792146,-3.00000000000001,1.6));
#4527=CARTESIAN_POINT('Origin',(81.396073,40.0675175,1.6));
#4528=CARTESIAN_POINT('',(9.94933700013,83.135035,1.6));
#4529=CARTESIAN_POINT('',(38.5779003750975,54.5064716250325,1.6));
#4530=CARTESIAN_POINT('',(-2.5,83.135035,1.6));
#4531=CARTESIAN_POINT('',(-3.,83.135035,1.6));
#4532=CARTESIAN_POINT('',(-3.,82.635035,1.6));
#4533=CARTESIAN_POINT('Origin',(-2.5,82.635035,1.6));
#4534=CARTESIAN_POINT('',(-3.,-2.5,1.6));
#4535=CARTESIAN_POINT('',(-3.,-3.,1.6));
#4536=CARTESIAN_POINT('',(-2.5,-3.,1.6));
#4537=CARTESIAN_POINT('Origin',(-2.5,-2.5,1.6));
#4538=CARTESIAN_POINT('',(1.055327,-3.,1.6));
#4539=CARTESIAN_POINT('',(165.792146,-3.00000000000001,1.6));
#4540=CARTESIAN_POINT('',(31.907392875,27.852065875,1.6));
#4541=CARTESIAN_POINT('Origin',(81.396073,40.0675175,1.6));
#4542=CARTESIAN_POINT('',(165.292146,-3.00000000000001,1.6));
#4543=CARTESIAN_POINT('',(165.792146,-3.00000000000001,1.6));
#4544=CARTESIAN_POINT('',(165.792146,-2.5,1.6));
#4545=CARTESIAN_POINT('Origin',(165.292146,-2.5,1.6));
#4546=CARTESIAN_POINT('',(165.792146,82.635035,1.6));
#4547=CARTESIAN_POINT('',(165.792146,83.135035,1.6));
#4548=CARTESIAN_POINT('',(165.292146,83.135035,1.6));
#4549=CARTESIAN_POINT('Origin',(165.292146,82.635035,1.6));
#4550=CARTESIAN_POINT('',(-3.,83.135035,1.6));
#4551=CARTESIAN_POINT('Origin',(1.055327,-3.,11.295));
#4552=CARTESIAN_POINT('',(1.055327,-3.,-0.304999999999997));
#4553=CARTESIAN_POINT('',(1.05532700000003,-3.,5.6475));
#4554=CARTESIAN_POINT('',(2.98866033333333,-1.06666666666667,1.62833333333334));
#4555=CARTESIAN_POINT('Origin',(19.555327,-3.,-0.304999999999997));
#4556=CARTESIAN_POINT('',(19.555327,-3.,-0.304999999999997));
#4557=CARTESIAN_POINT('',(16.4719936666667,0.0833333333333292,2.77833333333334));
#4558=CARTESIAN_POINT('',(19.555327,-3.00000000000001,-0.152499999999999));
#4559=CARTESIAN_POINT('Origin',(161.042146,1.75,-0.5));
#4560=CARTESIAN_POINT('',(159.792146,1.75,0.));
#4561=CARTESIAN_POINT('Origin',(161.042146,1.75,0.));
#4562=CARTESIAN_POINT('',(159.292146,1.75,-0.5));
#4563=CARTESIAN_POINT('Origin',(159.792146,1.75,-0.5));
#4564=CARTESIAN_POINT('',(162.792146,1.75,-0.5));
#4565=CARTESIAN_POINT('Origin',(161.042146,1.75,-0.5));
#4566=CARTESIAN_POINT('Origin',(161.042146,1.75,-0.5));
#4567=CARTESIAN_POINT('Origin',(161.042146,1.75,-3.));
#4568=CARTESIAN_POINT('',(162.792146,1.75,-3.));
#4569=CARTESIAN_POINT('',(162.792146,1.75,-3.));
#4570=CARTESIAN_POINT('Origin',(161.042146,1.75,-3.));
#4571=CARTESIAN_POINT('Origin',(81.396073,40.0675175,0.));
#4572=CARTESIAN_POINT('Origin',(3.,3.,-0.5));
#4573=CARTESIAN_POINT('',(0.5,3.,0.));
#4574=CARTESIAN_POINT('Origin',(3.,3.,0.));
#4575=CARTESIAN_POINT('',(0.,3.,-0.5));
#4576=CARTESIAN_POINT('Origin',(0.5,3.,-0.5));
#4577=CARTESIAN_POINT('',(6.,3.,-0.5));
#4578=CARTESIAN_POINT('Origin',(3.,3.,-0.5));
#4579=CARTESIAN_POINT('Origin',(3.,3.,-0.5));
#4580=CARTESIAN_POINT('Origin',(3.,3.,-3.));
#4581=CARTESIAN_POINT('',(6.,3.,-3.));
#4582=CARTESIAN_POINT('',(6.,3.,-3.));
#4583=CARTESIAN_POINT('Origin',(3.,3.,-3.));
#4584=CARTESIAN_POINT('Origin',(81.396073,40.0675175,0.));
#4585=CARTESIAN_POINT('Origin',(3.,77.135035,-0.5));
#4586=CARTESIAN_POINT('',(0.5,77.135035,0.));
#4587=CARTESIAN_POINT('Origin',(3.,77.135035,0.));
#4588=CARTESIAN_POINT('',(0.,77.135035,-0.5));
#4589=CARTESIAN_POINT('Origin',(0.5,77.135035,-0.5));
#4590=CARTESIAN_POINT('',(6.00000000000001,77.135035,-0.5));
#4591=CARTESIAN_POINT('Origin',(3.,77.135035,-0.5));
#4592=CARTESIAN_POINT('Origin',(3.,77.135035,-0.5));
#4593=CARTESIAN_POINT('Origin',(3.,77.135035,-3.));
#4594=CARTESIAN_POINT('',(6.00000000000001,77.135035,-3.));
#4595=CARTESIAN_POINT('',(6.00000000000001,77.135035,-3.));
#4596=CARTESIAN_POINT('Origin',(3.,77.135035,-3.));
#4597=CARTESIAN_POINT('Origin',(81.396073,40.0675175,0.));
#4598=CARTESIAN_POINT('Origin',(159.792146,77.135035,-0.5));
#4599=CARTESIAN_POINT('',(157.292146,77.135035,0.));
#4600=CARTESIAN_POINT('Origin',(159.792146,77.135035,0.));
#4601=CARTESIAN_POINT('',(156.792146,77.135035,-0.5));
#4602=CARTESIAN_POINT('Origin',(157.292146,77.135035,-0.5));
#4603=CARTESIAN_POINT('',(162.792146,77.135035,-0.5));
#4604=CARTESIAN_POINT('Origin',(159.792146,77.135035,-0.5));
#4605=CARTESIAN_POINT('Origin',(159.792146,77.135035,-0.5));
#4606=CARTESIAN_POINT('Origin',(159.792146,77.135035,-3.));
#4607=CARTESIAN_POINT('',(162.792146,77.135035,-3.));
#4608=CARTESIAN_POINT('',(162.792146,77.135035,-3.));
#4609=CARTESIAN_POINT('Origin',(159.792146,77.135035,-3.));
#4610=CARTESIAN_POINT('Origin',(81.396073,40.0675175,0.));
#4611=CARTESIAN_POINT('Origin',(165.292146,-2.5,-4.5));
#4612=CARTESIAN_POINT('',(165.792146,-2.5,-4.5));
#4613=CARTESIAN_POINT('',(165.292146,-2.50000000000001,-5.));
#4614=CARTESIAN_POINT('Origin',(165.292146,-2.5,-4.5));
#4615=CARTESIAN_POINT('',(165.292146,-3.00000000000001,-4.5));
#4616=CARTESIAN_POINT('Origin',(165.292146,-2.5,-4.5));
#4617=CARTESIAN_POINT('Origin',(165.292146,-2.50000000000001,-4.5));
#4618=CARTESIAN_POINT('Origin',(165.292146,-2.5,0.));
#4619=CARTESIAN_POINT('',(165.292146,-3.00000000000001,0.));
#4620=CARTESIAN_POINT('',(165.792146,-2.5,0.));
#4621=CARTESIAN_POINT('Origin',(-2.5,-2.5,-4.5));
#4622=CARTESIAN_POINT('',(-2.5,-3.,-4.5));
#4623=CARTESIAN_POINT('',(-2.5,-2.5,-5.));
#4624=CARTESIAN_POINT('Origin',(-2.5,-2.5,-4.5));
#4625=CARTESIAN_POINT('',(-3.,-2.5,-4.5));
#4626=CARTESIAN_POINT('Origin',(-2.5,-2.5,-4.5));
#4627=CARTESIAN_POINT('Origin',(-2.5,-2.5,-4.5));
#4628=CARTESIAN_POINT('Origin',(-2.5,-2.5,0.));
#4629=CARTESIAN_POINT('',(-3.,-2.5,0.));
#4630=CARTESIAN_POINT('',(-2.5,-3.,0.));
#4631=CARTESIAN_POINT('Origin',(165.292146,82.635035,-4.5));
#4632=CARTESIAN_POINT('',(165.292146,83.135035,-4.5));
#4633=CARTESIAN_POINT('',(165.292146,82.635035,-5.));
#4634=CARTESIAN_POINT('Origin',(165.292146,82.635035,-4.5));
#4635=CARTESIAN_POINT('',(165.792146,82.635035,-4.5));
#4636=CARTESIAN_POINT('Origin',(165.292146,82.635035,-4.5));
#4637=CARTESIAN_POINT('Origin',(165.292146,82.635035,-4.5));
#4638=CARTESIAN_POINT('Origin',(165.292146,82.635035,0.));
#4639=CARTESIAN_POINT('',(165.792146,82.635035,0.));
#4640=CARTESIAN_POINT('',(165.292146,83.135035,0.));
#4641=CARTESIAN_POINT('Origin',(165.292146,61.60127625,-4.5));
#4642=CARTESIAN_POINT('',(165.292146,61.60127625,-5.));
#4643=CARTESIAN_POINT('',(165.792146,61.60127625,-4.5));
#4644=CARTESIAN_POINT('Origin',(-2.5,82.635035,-4.5));
#4645=CARTESIAN_POINT('',(-3.,82.635035,-4.5));
#4646=CARTESIAN_POINT('',(-2.5,82.635035,-5.));
#4647=CARTESIAN_POINT('Origin',(-2.5,82.635035,-4.5));
#4648=CARTESIAN_POINT('',(-2.5,83.135035,-4.5));
#4649=CARTESIAN_POINT('Origin',(-2.5,82.635035,-4.5));
#4650=CARTESIAN_POINT('Origin',(-2.5,82.635035,-4.5));
#4651=CARTESIAN_POINT('Origin',(-2.5,82.635035,0.));
#4652=CARTESIAN_POINT('',(-2.5,83.135035,0.));
#4653=CARTESIAN_POINT('',(-3.,82.635035,0.));
#4654=CARTESIAN_POINT('Origin',(39.1980365,82.635035,-4.5));
#4655=CARTESIAN_POINT('',(39.1980365,82.635035,-5.));
#4656=CARTESIAN_POINT('',(39.1980365,83.135035,-4.5));
#4657=CARTESIAN_POINT('Origin',(-2.5,18.53375875,-4.5));
#4658=CARTESIAN_POINT('',(-2.5,18.53375875,-5.));
#4659=CARTESIAN_POINT('',(-3.,18.53375875,-4.5));
#4660=CARTESIAN_POINT('Origin',(123.5941095,-2.50000000000001,-4.5));
#4661=CARTESIAN_POINT('',(123.5941095,-2.50000000000001,-5.));
#4662=CARTESIAN_POINT('',(123.5941095,-3.00000000000001,-4.5));
#4663=CARTESIAN_POINT('Origin',(165.792146,83.135035,0.));
#4664=CARTESIAN_POINT('Origin',(-3.,83.135035,0.));
#4665=CARTESIAN_POINT('',(9.94933700013,83.135035,0.0149999999999995));
#4666=CARTESIAN_POINT('',(9.94933700013,83.135035,0.00749999999999973));
#4667=CARTESIAN_POINT('',(9.944668500065,83.135035,0.0149999999999997));
#4668=CARTESIAN_POINT('Origin',(81.396073,40.0675175,-5.));
#4669=CARTESIAN_POINT('Origin',(9.94933700013,83.135035,0.0149999999999995));
#4670=CARTESIAN_POINT('',(12.1060036667967,80.9783683333333,2.17166666666667));
#4671=CARTESIAN_POINT('Origin',(22.88933700013,83.135035,0.0149999999999995));
#4672=CARTESIAN_POINT('Origin',(1.055327,-3.,-0.304999999999997));
#4673=CARTESIAN_POINT('',(83.4237365,-3.,-0.304999999999998));
#4674=CARTESIAN_POINT('Origin',(26.78214599987,-3.,0.0149999999999995));
#4675=CARTESIAN_POINT('',(96.287145999935,-3.,0.0149999999999991));
#4676=CARTESIAN_POINT('Origin',(165.792146,-3.00000000000001,0.));
#4677=CARTESIAN_POINT('Origin',(81.396073,40.0675175,-3.));
#4678=CARTESIAN_POINT('',(163.292146,80.635035,-3.));
#4679=CARTESIAN_POINT('',(163.292146,60.35127625,-3.));
#4680=CARTESIAN_POINT('',(40.4480365,80.635035,-3.));
#4681=CARTESIAN_POINT('Origin',(163.292146,80.635035,0.));
#4682=CARTESIAN_POINT('',(163.292146,80.635035,0.));
#4683=CARTESIAN_POINT('Origin',(-0.5,80.635035,0.));
#4684=CARTESIAN_POINT('Origin',(-3.,-3.,0.));
#4685=CARTESIAN_POINT('',(0.,0.,0.));
#4686=CARTESIAN_POINT('Origin',(164.542146,-1.75000000000001,1.6));
#4687=CARTESIAN_POINT('',(38.47214599987,-1.75,1.6));
#4688=CARTESIAN_POINT('',(164.542146,-1.75000000000001,1.6));
#4689=CARTESIAN_POINT('',(122.9691095,-1.75000000000001,1.6));
#4690=CARTESIAN_POINT('',(38.47214599987,-1.75,-0.35));
#4691=CARTESIAN_POINT('',(38.47214599987,-1.75,1.6));
#4692=CARTESIAN_POINT('',(164.542146,-1.75000000000001,-0.35));
#4693=CARTESIAN_POINT('',(38.47214599987,-1.75,-0.35));
#4694=CARTESIAN_POINT('',(164.542146,-1.75000000000001,1.6));
#4695=CARTESIAN_POINT('Origin',(164.542146,81.885035,1.6));
#4696=CARTESIAN_POINT('',(164.542146,81.885035,1.6));
#4697=CARTESIAN_POINT('',(164.542146,60.97627625,1.6));
#4698=CARTESIAN_POINT('',(164.542146,81.885035,-0.35));
#4699=CARTESIAN_POINT('',(164.542146,-1.75000000000001,-0.35));
#4700=CARTESIAN_POINT('',(164.542146,81.885035,1.6));
#4701=CARTESIAN_POINT('Origin',(21.63933700013,81.885035,1.6));
#4702=CARTESIAN_POINT('',(21.63933700013,81.885035,1.6));
#4703=CARTESIAN_POINT('',(51.517705000065,81.885035,1.6));
#4704=CARTESIAN_POINT('',(21.63933700013,81.885035,-0.35));
#4705=CARTESIAN_POINT('',(164.542146,81.885035,-0.35));
#4706=CARTESIAN_POINT('',(21.63933700013,81.885035,1.6));
#4707=CARTESIAN_POINT('Origin',(20.88933700013,81.550035,1.6));
#4708=CARTESIAN_POINT('',(20.88933700013,81.550035,1.6));
#4709=CARTESIAN_POINT('',(21.30433700013,81.550035,1.6));
#4710=CARTESIAN_POINT('',(52.142705000065,81.550035,1.6));
#4711=CARTESIAN_POINT('',(21.30433700013,81.550035,-0.35));
#4712=CARTESIAN_POINT('',(21.30433700013,81.550035,1.6));
#4713=CARTESIAN_POINT('',(20.88933700013,81.550035,-0.35));
#4714=CARTESIAN_POINT('',(20.88933700013,81.550035,-0.35));
#4715=CARTESIAN_POINT('',(20.88933700013,81.550035,1.6));
#4716=CARTESIAN_POINT('Origin',(38.13714599987,-1.415,1.6));
#4717=CARTESIAN_POINT('',(38.13714599987,-1.415,1.6));
#4718=CARTESIAN_POINT('',(37.72214599987,-1.415,1.6));
#4719=CARTESIAN_POINT('',(54.089109499935,-1.415,1.6));
#4720=CARTESIAN_POINT('',(37.72214599987,-1.415,-0.35));
#4721=CARTESIAN_POINT('',(37.72214599987,-1.415,1.6));
#4722=CARTESIAN_POINT('',(38.13714599987,-1.415,-0.35));
#4723=CARTESIAN_POINT('',(38.13714599987,-1.415,-0.35));
#4724=CARTESIAN_POINT('',(38.13714599987,-1.415,1.6));
#4725=CARTESIAN_POINT('Origin',(92.715741500065,40.0675175,-0.35));
#4726=CARTESIAN_POINT('',(39.72214599987,-3.,-0.35));
#4727=CARTESIAN_POINT('',(37.72214599987,-0.500000000000002,-0.35));
#4728=CARTESIAN_POINT('',(37.72214599987,-1.415,-0.35));
#4729=CARTESIAN_POINT('',(163.292146,-0.500000000000007,-0.35));
#4730=CARTESIAN_POINT('',(37.72214599987,-0.500000000000002,-0.35));
#4731=CARTESIAN_POINT('',(163.292146,80.635035,-0.35));
#4732=CARTESIAN_POINT('',(163.292146,-0.500000000000007,-0.35));
#4733=CARTESIAN_POINT('',(20.88933700013,80.635035,-0.35));
#4734=CARTESIAN_POINT('',(163.292146,80.635035,-0.35));
#4735=CARTESIAN_POINT('',(20.88933700013,80.635035,-0.35));
#4736=CARTESIAN_POINT('',(21.30433700013,81.550035,-0.35));
#4737=CARTESIAN_POINT('Origin',(28.0325626528463,-1.74958334702372,1.6));
#4738=CARTESIAN_POINT('',(18.3049103470237,-1.74958334702372,1.6));
#4739=CARTESIAN_POINT('',(28.0325626528463,-1.74958334702372,1.6));
#4740=CARTESIAN_POINT('',(54.7143178264231,-1.74958334702372,1.6));
#4741=CARTESIAN_POINT('',(18.3049103470237,-1.74958334702372,-0.35));
#4742=CARTESIAN_POINT('',(18.3049103470237,-1.74958334702372,1.6));
#4743=CARTESIAN_POINT('',(28.0325626528463,-1.74958334702372,-0.35));
#4744=CARTESIAN_POINT('',(18.3049103470237,-1.74958334702372,-0.35));
#4745=CARTESIAN_POINT('',(28.0325626528463,-1.74958334702372,1.6));
#4746=CARTESIAN_POINT('Origin',(28.78214599987,-1.415,1.6));
#4747=CARTESIAN_POINT('',(28.78214599987,-1.415,1.6));
#4748=CARTESIAN_POINT('',(28.36714599987,-1.415,1.6));
#4749=CARTESIAN_POINT('',(54.089109499935,-1.415,1.6));
#4750=CARTESIAN_POINT('',(28.36714599987,-1.415,-0.35));
#4751=CARTESIAN_POINT('',(28.36714599987,-1.415,1.6));
#4752=CARTESIAN_POINT('',(28.78214599987,-1.415,-0.35));
#4753=CARTESIAN_POINT('',(28.78214599987,-1.415,-0.35));
#4754=CARTESIAN_POINT('',(28.78214599987,-1.415,1.6));
#4755=CARTESIAN_POINT('Origin',(17.650327,-1.09500000000001,1.6));
#4756=CARTESIAN_POINT('',(17.650327,-1.09500000000001,1.6));
#4757=CARTESIAN_POINT('',(16.855327,-1.09500000000001,1.6));
#4758=CARTESIAN_POINT('',(41.2257,-1.09500000000001,1.6));
#4759=CARTESIAN_POINT('',(16.855327,-1.09500000000001,-0.35));
#4760=CARTESIAN_POINT('',(16.855327,-1.09500000000001,1.6));
#4761=CARTESIAN_POINT('',(17.650327,-1.09500000000001,-0.35));
#4762=CARTESIAN_POINT('',(17.650327,-1.09500000000001,-0.35));
#4763=CARTESIAN_POINT('',(17.650327,-1.09500000000001,1.6));
#4764=CARTESIAN_POINT('Origin',(22.818736499935,-1.12479167351186,-0.35));
#4765=CARTESIAN_POINT('',(16.855327,-0.500000000000001,-0.35));
#4766=CARTESIAN_POINT('',(16.855327,-1.09500000000001,-0.35));
#4767=CARTESIAN_POINT('',(28.78214599987,-0.500000000000001,-0.35));
#4768=CARTESIAN_POINT('',(16.855327,-0.500000000000001,-0.35));
#4769=CARTESIAN_POINT('',(28.78214599987,-0.500000000000001,-0.35));
#4770=CARTESIAN_POINT('',(28.36714599987,-1.415,-0.35));
#4771=CARTESIAN_POINT('',(19.555327,-3.,-0.35));
#4772=CARTESIAN_POINT('Origin',(-1.75,81.885035,1.6));
#4773=CARTESIAN_POINT('',(11.19933700013,81.885035,1.6));
#4774=CARTESIAN_POINT('',(-1.75,81.885035,1.6));
#4775=CARTESIAN_POINT('',(39.8230365,81.885035,1.6));
#4776=CARTESIAN_POINT('',(11.19933700013,81.885035,-0.35));
#4777=CARTESIAN_POINT('',(11.19933700013,81.885035,1.6));
#4778=CARTESIAN_POINT('',(-1.75,81.885035,-0.35));
#4779=CARTESIAN_POINT('',(11.19933700013,81.885035,-0.35));
#4780=CARTESIAN_POINT('',(-1.75,81.885035,1.6));
#4781=CARTESIAN_POINT('Origin',(-1.75000000000001,-1.75000000000001,1.6));
#4782=CARTESIAN_POINT('',(-1.75000000000001,-1.75000000000001,1.6));
#4783=CARTESIAN_POINT('',(-1.75000000000001,19.15875875,1.6));
#4784=CARTESIAN_POINT('',(-1.75000000000001,-1.75000000000001,-0.35));
#4785=CARTESIAN_POINT('',(-1.75,81.885035,-0.35));
#4786=CARTESIAN_POINT('',(-1.75000000000001,-1.75000000000001,1.6));
#4787=CARTESIAN_POINT('Origin',(2.305327,-1.75,1.6));
#4788=CARTESIAN_POINT('',(2.305327,-1.75,1.6));
#4789=CARTESIAN_POINT('',(41.8507,-1.74999999999995,1.6));
#4790=CARTESIAN_POINT('',(2.305327,-1.75000000000001,-0.35));
#4791=CARTESIAN_POINT('',(-1.75000000000001,-1.75000000000001,-0.35));
#4792=CARTESIAN_POINT('',(2.305327,-1.75,1.6));
#4793=CARTESIAN_POINT('Origin',(3.755327,-1.095,1.6));
#4794=CARTESIAN_POINT('',(3.755327,-1.095,1.6));
#4795=CARTESIAN_POINT('',(2.960327,-1.095,1.6));
#4796=CARTESIAN_POINT('',(41.2257,-1.09500000000001,1.6));
#4797=CARTESIAN_POINT('',(2.960327,-1.09500000000001,-0.35));
#4798=CARTESIAN_POINT('',(2.960327,-1.095,1.6));
#4799=CARTESIAN_POINT('',(3.755327,-1.09500000000001,-0.35));
#4800=CARTESIAN_POINT('',(3.755327,-1.095,-0.35));
#4801=CARTESIAN_POINT('',(3.755327,-1.095,1.6));
#4802=CARTESIAN_POINT('Origin',(11.53433700013,81.550035,1.6));
#4803=CARTESIAN_POINT('',(11.53433700013,81.550035,1.6));
#4804=CARTESIAN_POINT('',(11.94933700013,81.550035,1.6));
#4805=CARTESIAN_POINT('',(52.142705000065,81.550035,1.6));
#4806=CARTESIAN_POINT('',(11.94933700013,81.550035,-0.35));
#4807=CARTESIAN_POINT('',(11.94933700013,81.550035,1.6));
#4808=CARTESIAN_POINT('',(11.53433700013,81.550035,-0.35));
#4809=CARTESIAN_POINT('',(11.53433700013,81.550035,-0.35));
#4810=CARTESIAN_POINT('',(11.53433700013,81.550035,1.6));
#4811=CARTESIAN_POINT('Origin',(5.099668500065,40.0675175,-0.35));
#4812=CARTESIAN_POINT('',(9.94933700013,83.135035,-0.35));
#4813=CARTESIAN_POINT('',(11.94933700013,80.635035,-0.35));
#4814=CARTESIAN_POINT('',(11.94933700013,81.550035,-0.35));
#4815=CARTESIAN_POINT('',(-0.5,80.635035,-0.35));
#4816=CARTESIAN_POINT('',(11.94933700013,80.635035,-0.35));
#4817=CARTESIAN_POINT('',(-0.500000000000007,-0.500000000000007,-0.35));
#4818=CARTESIAN_POINT('',(-0.5,80.635035,-0.35));
#4819=CARTESIAN_POINT('',(3.755327,-0.500000000000007,-0.35));
#4820=CARTESIAN_POINT('',(-0.500000000000007,-0.500000000000007,-0.35));
#4821=CARTESIAN_POINT('',(3.755327,-0.5,-0.35));
#4822=CARTESIAN_POINT('',(2.960327,-1.095,-0.35));
#4823=CARTESIAN_POINT('Origin',(159.792146,77.135035,2.21));
#4824=CARTESIAN_POINT('',(162.724509561853,77.135035,1.71));
#4825=CARTESIAN_POINT('Origin',(159.792146,77.135035,1.71));
#4826=CARTESIAN_POINT('',(163.224204975363,77.135035,2.22744974835125));
#4827=CARTESIAN_POINT('Origin',(162.724509561853,77.135035,2.21));
#4828=CARTESIAN_POINT('',(156.360087024637,77.135035,2.22744974835125));
#4829=CARTESIAN_POINT('Origin',(159.792146,77.135035,2.22744974835125));
#4830=CARTESIAN_POINT('Origin',(159.792146,77.135035,2.22744974835125));
#4831=CARTESIAN_POINT('Origin',(159.792146,77.135035,14.6));
#4832=CARTESIAN_POINT('',(156.792146,77.135035,14.6));
#4833=CARTESIAN_POINT('',(156.792146,77.135035,14.6));
#4834=CARTESIAN_POINT('Origin',(159.792146,77.135035,14.6));
#4835=CARTESIAN_POINT('Origin',(81.396073,40.0675175,1.71));
#4836=CARTESIAN_POINT('Origin',(161.042146,1.75,2.21));
#4837=CARTESIAN_POINT('',(162.724509561853,1.75,1.71));
#4838=CARTESIAN_POINT('Origin',(161.042146,1.75,1.71));
#4839=CARTESIAN_POINT('',(163.224204975363,1.75,2.22744974835125));
#4840=CARTESIAN_POINT('Origin',(162.724509561853,1.75,2.21));
#4841=CARTESIAN_POINT('',(158.860087024637,1.75,2.22744974835125));
#4842=CARTESIAN_POINT('Origin',(161.042146,1.75,2.22744974835125));
#4843=CARTESIAN_POINT('Origin',(161.042146,1.75,2.22744974835125));
#4844=CARTESIAN_POINT('Origin',(161.042146,1.75,14.6));
#4845=CARTESIAN_POINT('',(159.292146,1.75,14.6));
#4846=CARTESIAN_POINT('',(159.292146,1.75,14.6));
#4847=CARTESIAN_POINT('Origin',(161.042146,1.75,14.6));
#4848=CARTESIAN_POINT('Origin',(81.396073,40.0675175,1.71));
#4849=CARTESIAN_POINT('Origin',(1.75,1.75,2.21));
#4850=CARTESIAN_POINT('',(3.43236356185334,1.75,1.71));
#4851=CARTESIAN_POINT('Origin',(1.75,1.75,1.71));
#4852=CARTESIAN_POINT('',(3.93205897536289,1.75,2.22744974835125));
#4853=CARTESIAN_POINT('Origin',(3.43236356185334,1.75,2.21));
#4854=CARTESIAN_POINT('',(-0.432058975362891,1.75,2.22744974835125));
#4855=CARTESIAN_POINT('Origin',(1.75,1.75,2.22744974835125));
#4856=CARTESIAN_POINT('Origin',(1.75,1.75,2.22744974835125));
#4857=CARTESIAN_POINT('Origin',(1.75,1.75,14.6));
#4858=CARTESIAN_POINT('',(0.,1.75,14.6));
#4859=CARTESIAN_POINT('',(0.,1.75,14.6));
#4860=CARTESIAN_POINT('Origin',(1.75,1.75,14.6));
#4861=CARTESIAN_POINT('Origin',(81.396073,40.0675175,1.71));
#4862=CARTESIAN_POINT('Origin',(3.,77.135035,2.21));
#4863=CARTESIAN_POINT('',(5.93236356185335,77.135035,1.71));
#4864=CARTESIAN_POINT('Origin',(3.,77.135035,1.71));
#4865=CARTESIAN_POINT('',(6.4320589753629,77.135035,2.22744974835125));
#4866=CARTESIAN_POINT('Origin',(5.93236356185335,77.135035,2.21));
#4867=CARTESIAN_POINT('',(-0.432058975362891,77.135035,2.22744974835125));
#4868=CARTESIAN_POINT('Origin',(3.,77.135035,2.22744974835125));
#4869=CARTESIAN_POINT('Origin',(3.,77.135035,2.22744974835125));
#4870=CARTESIAN_POINT('Origin',(3.,77.135035,14.6));
#4871=CARTESIAN_POINT('',(0.,77.135035,14.6));
#4872=CARTESIAN_POINT('',(0.,77.135035,14.6));
#4873=CARTESIAN_POINT('Origin',(3.,77.135035,14.6));
#4874=CARTESIAN_POINT('Origin',(81.396073,40.0675175,1.71));
#4875=CARTESIAN_POINT('Origin',(3.755327,-0.190569878008852,1.6));
#4876=CARTESIAN_POINT('',(3.755327,-1.,1.695));
#4877=CARTESIAN_POINT('',(3.755327,-1.82139246950222,0.87360753049779));
#4878=CARTESIAN_POINT('',(3.75532699999999,-0.5,1.695));
#4879=CARTESIAN_POINT('',(3.755327,-0.5,1.6));
#4880=CARTESIAN_POINT('',(3.755327,-0.595284939004428,1.695));
#4881=CARTESIAN_POINT('Origin',(16.855327,-1.09500000000001,1.6));
#4882=CARTESIAN_POINT('',(16.855327,-1.,1.695));
#4883=CARTESIAN_POINT('',(16.855327,-2.0475,0.647500000000001));
#4884=CARTESIAN_POINT('',(16.855327,-0.500000000000001,1.695));
#4885=CARTESIAN_POINT('',(16.855327,-1.0475,1.695));
#4886=CARTESIAN_POINT('',(16.855327,-0.500000000000001,1.6));
#4887=CARTESIAN_POINT('Origin',(37.72214599987,-1.415,1.6));
#4888=CARTESIAN_POINT('',(37.72214599987,-0.500000000000002,1.815));
#4889=CARTESIAN_POINT('',(37.72214599987,-1.,1.815));
#4890=CARTESIAN_POINT('',(37.72214599987,-1.2075,1.815));
#4891=CARTESIAN_POINT('',(37.72214599987,-0.500000000000002,1.6));
#4892=CARTESIAN_POINT('',(37.72214599987,-1.,2.015));
#4893=CARTESIAN_POINT('',(37.72214599987,-2.2075,0.8075));
#4894=CARTESIAN_POINT('',(37.72214599987,-1.,2.5975));
#4895=CARTESIAN_POINT('Origin',(28.78214599987,-0.500000000000001,1.6));
#4896=CARTESIAN_POINT('',(28.78214599987,-1.,1.815));
#4897=CARTESIAN_POINT('',(28.78214599987,-0.500000000000001,1.815));
#4898=CARTESIAN_POINT('',(28.78214599987,-0.750000000000002,1.815));
#4899=CARTESIAN_POINT('',(28.78214599987,-1.,2.015));
#4900=CARTESIAN_POINT('',(28.78214599987,-1.,2.5975));
#4901=CARTESIAN_POINT('',(28.78214599987,-1.97875,1.03625));
#4902=CARTESIAN_POINT('',(28.78214599987,-0.500000000000001,1.6));
#4903=CARTESIAN_POINT('Origin',(11.94933700013,81.550035,1.6));
#4904=CARTESIAN_POINT('',(11.94933700013,80.635035,1.81500000000001));
#4905=CARTESIAN_POINT('',(11.94933700013,81.135035,1.81500000000001));
#4906=CARTESIAN_POINT('',(11.94933700013,81.342535,1.81500000000001));
#4907=CARTESIAN_POINT('',(11.94933700013,80.635035,1.6));
#4908=CARTESIAN_POINT('',(11.94933700013,81.135035,2.01499999999999));
#4909=CARTESIAN_POINT('',(11.94933700013,82.342535,0.8075));
#4910=CARTESIAN_POINT('',(11.94933700013,81.135035,2.59750000000001));
#4911=CARTESIAN_POINT('Origin',(20.88933700013,80.635035,1.6));
#4912=CARTESIAN_POINT('',(20.88933700013,81.135035,1.81500000000001));
#4913=CARTESIAN_POINT('',(20.88933700013,80.635035,1.81500000000001));
#4914=CARTESIAN_POINT('',(20.88933700013,80.885035,1.81500000000001));
#4915=CARTESIAN_POINT('',(20.88933700013,81.135035,2.01499999999999));
#4916=CARTESIAN_POINT('',(20.88933700013,81.135035,2.59750000000001));
#4917=CARTESIAN_POINT('',(20.88933700013,82.113785,1.03625));
#4918=CARTESIAN_POINT('',(20.88933700013,80.635035,1.6));
#4919=CARTESIAN_POINT('Origin',(1.055327,-3.,-0.304999999999997));
#4920=CARTESIAN_POINT('',(17.555327,-1.,1.695));
#4921=CARTESIAN_POINT('',(16.4719936666667,0.0833333333333292,2.77833333333334));
#4922=CARTESIAN_POINT('',(19.555327,-1.,1.695));
#4923=CARTESIAN_POINT('Origin',(17.555327,-1.,1.695));
#4924=CARTESIAN_POINT('',(17.555327,-0.500000000000004,1.695));
#4925=CARTESIAN_POINT('',(17.555327,-1.,1.695));
#4926=CARTESIAN_POINT('',(90.4237365,-0.500000000000004,1.69500000000001));
#4927=CARTESIAN_POINT('Origin',(17.555327,-1.,1.695));
#4928=CARTESIAN_POINT('',(3.055327,-0.500000000000004,1.695));
#4929=CARTESIAN_POINT('',(90.4237365,-0.500000000000004,1.69500000000001));
#4930=CARTESIAN_POINT('',(3.055327,-1.,1.695));
#4931=CARTESIAN_POINT('',(3.055327,-1.,1.695));
#4932=CARTESIAN_POINT('',(19.555327,-1.,1.695));
#4933=CARTESIAN_POINT('Origin',(163.292146,-0.500000000000007,1.6));
#4934=CARTESIAN_POINT('',(-0.500000000000007,-0.5,14.6));
#4935=CARTESIAN_POINT('',(-0.500000000000007,-0.5,1.6));
#4936=CARTESIAN_POINT('',(163.292146,-0.500000000000007,14.6));
#4937=CARTESIAN_POINT('',(163.292146,-0.500000000000007,14.6));
#4938=CARTESIAN_POINT('',(163.292146,-0.500000000000007,1.6));
#4939=CARTESIAN_POINT('',(37.92214599987,-0.500000000000004,1.815));
#4940=CARTESIAN_POINT('',(100.607145999935,-0.500000000000004,1.815));
#4941=CARTESIAN_POINT('',(37.92214599987,-0.500000000000004,5.375));
#4942=CARTESIAN_POINT('',(37.92214599987,-0.500000000000002,3.4875));
#4943=CARTESIAN_POINT('',(28.58214599987,-0.500000000000004,5.375));
#4944=CARTESIAN_POINT('',(95.937145999935,-0.500000000000004,5.375));
#4945=CARTESIAN_POINT('',(28.58214599987,-0.500000000000004,1.815));
#4946=CARTESIAN_POINT('',(28.58214599987,-0.500000000000001,1.7075));
#4947=CARTESIAN_POINT('',(100.607145999935,-0.500000000000004,1.815));
#4948=CARTESIAN_POINT('',(17.555327,-0.500000000000004,9.295));
#4949=CARTESIAN_POINT('',(17.555327,-0.500000000000001,5.44750000000002));
#4950=CARTESIAN_POINT('',(3.055327,-0.500000000000004,9.295));
#4951=CARTESIAN_POINT('',(83.1737365,-0.500000000000004,9.29499999999999));
#4952=CARTESIAN_POINT('',(3.05532700000001,-0.5,1.6475));
#4953=CARTESIAN_POINT('Origin',(37.92214599987,-1.,1.815));
#4954=CARTESIAN_POINT('',(28.58214599987,-1.,1.815));
#4955=CARTESIAN_POINT('',(28.58214599987,-1.,1.815));
#4956=CARTESIAN_POINT('',(37.92214599987,-1.,1.815));
#4957=CARTESIAN_POINT('Origin',(26.78214599987,-3.,0.0149999999999995));
#4958=CARTESIAN_POINT('',(27.9754793332033,-1.80666666666667,1.20833333333333));
#4959=CARTESIAN_POINT('Origin',(26.78214599987,-3.,0.0149999999999995));
#4960=CARTESIAN_POINT('',(37.5654793332033,-0.843333333333335,2.17166666666667));
#4961=CARTESIAN_POINT('Origin',(33.25214599987,-1.,3.595));
#4962=CARTESIAN_POINT('',(37.72214599987,-1.,5.175));
#4963=CARTESIAN_POINT('',(37.72214599987,-1.,7.175));
#4964=CARTESIAN_POINT('',(28.78214599987,-1.,5.175));
#4965=CARTESIAN_POINT('',(26.78214599987,-1.,5.175));
#4966=CARTESIAN_POINT('',(28.78214599987,-1.,0.0149999999999995));
#4967=CARTESIAN_POINT('',(28.58214599987,-1.,5.375));
#4968=CARTESIAN_POINT('',(28.58214599987,-1.,1.815));
#4969=CARTESIAN_POINT('',(37.92214599987,-1.,5.375));
#4970=CARTESIAN_POINT('',(28.58214599987,-1.,5.375));
#4971=CARTESIAN_POINT('',(37.92214599987,-1.,1.815));
#4972=CARTESIAN_POINT('',(37.92214599987,-1.,5.375));
#4973=CARTESIAN_POINT('',(37.92214599987,-1.,1.815));
#4974=CARTESIAN_POINT('Origin',(81.396073,40.0675175,1.6));
#4975=CARTESIAN_POINT('',(26.78214599987,-3.,1.6));
#4976=CARTESIAN_POINT('',(51.2025071249025,21.4203611250325,1.6));
#4977=CARTESIAN_POINT('',(19.555327,-3.,1.6));
#4978=CARTESIAN_POINT('',(165.792146,-3.00000000000001,1.6));
#4979=CARTESIAN_POINT('',(24.248634125,-7.693307125,1.6));
#4980=CARTESIAN_POINT('Origin',(81.396073,40.0675175,1.6));
#4981=CARTESIAN_POINT('',(22.88933700013,83.135035,1.6));
#4982=CARTESIAN_POINT('',(26.7491416250975,86.9948396249675,1.6));
#4983=CARTESIAN_POINT('',(165.292146,83.135035,1.6));
#4984=CARTESIAN_POINT('',(-3.,83.135035,1.6));
#4985=CARTESIAN_POINT('',(165.792146,82.635035,1.6));
#4986=CARTESIAN_POINT('Origin',(165.292146,82.635035,1.6));
#4987=CARTESIAN_POINT('',(165.792146,-2.5,1.6));
#4988=CARTESIAN_POINT('',(165.792146,83.135035,1.6));
#4989=CARTESIAN_POINT('',(165.292146,-3.00000000000001,1.6));
#4990=CARTESIAN_POINT('Origin',(165.292146,-2.50000000000001,1.6));
#4991=CARTESIAN_POINT('',(39.72214599987,-3.,1.6));
#4992=CARTESIAN_POINT('',(165.792146,-3.00000000000001,1.6));
#4993=CARTESIAN_POINT('',(39.3737483749025,-2.65160237503251,1.6));
#4994=CARTESIAN_POINT('Origin',(-0.5,80.635035,1.6));
#4995=CARTESIAN_POINT('',(11.74933700013,80.635035,1.81500000000001));
#4996=CARTESIAN_POINT('',(5.624668500065,80.635035,1.81500000000001));
#4997=CARTESIAN_POINT('',(11.74933700013,80.635035,5.37500000000001));
#4998=CARTESIAN_POINT('',(11.74933700013,80.635035,3.48750000000001));
#4999=CARTESIAN_POINT('',(21.08933700013,80.635035,5.37500000000001));
#5000=CARTESIAN_POINT('',(10.294668500065,80.635035,5.37500000000001));
#5001=CARTESIAN_POINT('',(21.08933700013,80.635035,1.81500000000001));
#5002=CARTESIAN_POINT('',(21.08933700013,80.635035,1.70750000000001));
#5003=CARTESIAN_POINT('',(5.624668500065,80.635035,1.81500000000001));
#5004=CARTESIAN_POINT('',(163.292146,80.635035,14.6));
#5005=CARTESIAN_POINT('',(163.292146,80.635035,1.6));
#5006=CARTESIAN_POINT('',(-0.500000000000007,80.635035,14.6));
#5007=CARTESIAN_POINT('',(-0.5,80.635035,14.6));
#5008=CARTESIAN_POINT('',(-0.5,80.635035,1.6));
#5009=CARTESIAN_POINT('Origin',(11.74933700013,81.135035,1.81500000000001));
#5010=CARTESIAN_POINT('',(21.08933700013,81.135035,1.81500000000001));
#5011=CARTESIAN_POINT('',(21.08933700013,81.135035,1.81500000000001));
#5012=CARTESIAN_POINT('',(11.74933700013,81.135035,1.81500000000001));
#5013=CARTESIAN_POINT('Origin',(22.88933700013,83.135035,0.0149999999999995));
#5014=CARTESIAN_POINT('',(21.6960036667967,81.9417016666667,1.20833333333333));
#5015=CARTESIAN_POINT('Origin',(22.88933700013,83.135035,0.0149999999999995));
#5016=CARTESIAN_POINT('',(12.1060036667967,80.9783683333333,2.17166666666667));
#5017=CARTESIAN_POINT('Origin',(16.41933700013,81.135035,3.59500000000001));
#5018=CARTESIAN_POINT('',(11.94933700013,81.135035,5.17500000000001));
#5019=CARTESIAN_POINT('',(11.94933700013,81.135035,7.175));
#5020=CARTESIAN_POINT('',(20.88933700013,81.135035,5.17500000000001));
#5021=CARTESIAN_POINT('',(22.88933700013,81.135035,5.17500000000001));
#5022=CARTESIAN_POINT('',(20.88933700013,81.135035,0.0149999999999995));
#5023=CARTESIAN_POINT('',(21.08933700013,81.135035,5.37500000000001));
#5024=CARTESIAN_POINT('',(21.08933700013,81.135035,1.81500000000001));
#5025=CARTESIAN_POINT('',(11.74933700013,81.135035,5.37500000000001));
#5026=CARTESIAN_POINT('',(21.08933700013,81.135035,5.37500000000001));
#5027=CARTESIAN_POINT('',(11.74933700013,81.135035,1.81500000000001));
#5028=CARTESIAN_POINT('',(11.74933700013,81.135035,5.37500000000001));
#5029=CARTESIAN_POINT('',(11.74933700013,81.135035,1.81500000000001));
#5030=CARTESIAN_POINT('Origin',(116.415205,0.200258022170687,16.6));
#5031=CARTESIAN_POINT('',(128.242085022171,0.200258022170687,17.1));
#5032=CARTESIAN_POINT('',(154.726588977829,0.200258022170687,17.1));
#5033=CARTESIAN_POINT('',(116.415205,0.200258022170687,17.1));
#5034=CARTESIAN_POINT('',(154.243626064685,0.683220935315216,16.7294095225513));
#5035=CARTESIAN_POINT('Origin',(154.726588977829,0.200258022170685,16.6));
#5036=CARTESIAN_POINT('',(128.725047935315,0.683220935315217,16.7294095225513));
#5037=CARTESIAN_POINT('',(116.415205,0.68322093531522,16.7294095225513));
#5038=CARTESIAN_POINT('Origin',(128.242085022171,0.200258022170687,16.6));
#5039=CARTESIAN_POINT('Origin',(128.242085022171,21.78001375,16.6));
#5040=CARTESIAN_POINT('',(128.725047935315,39.8017990646848,16.7294095225513));
#5041=CARTESIAN_POINT('',(128.725047935315,21.78001375,16.7294095225513));
#5042=CARTESIAN_POINT('',(128.242085022171,40.2847619778293,17.1));
#5043=CARTESIAN_POINT('Origin',(128.242085022171,40.2847619778293,16.6));
#5044=CARTESIAN_POINT('',(128.242085022171,21.78001375,17.1));
#5045=CARTESIAN_POINT('Origin',(106.465205,40.2847619778293,16.6));
#5046=CARTESIAN_POINT('',(154.726588977829,40.2847619778293,17.1));
#5047=CARTESIAN_POINT('',(106.465205,40.2847619778293,17.1));
#5048=CARTESIAN_POINT('',(154.243626064685,39.8017990646848,16.7294095225513));
#5049=CARTESIAN_POINT('',(106.465205,39.8017990646848,16.7294095225513));
#5050=CARTESIAN_POINT('Origin',(154.726588977829,40.2847619778293,16.6));
#5051=CARTESIAN_POINT('Origin',(154.726588977829,38.53001375,16.6));
#5052=CARTESIAN_POINT('',(154.726588977829,38.53001375,17.1));
#5053=CARTESIAN_POINT('',(154.243626064685,38.53001375,16.7294095225513));
#5054=CARTESIAN_POINT('Origin',(131.534337,3.49251,6.245));
#5055=CARTESIAN_POINT('',(131.534337,3.49251,6.245));
#5056=CARTESIAN_POINT('',(132.159015116932,4.11718811693208,3.91366952923302));
#5057=CARTESIAN_POINT('',(131.534337,36.99251,6.245));
#5058=CARTESIAN_POINT('',(131.534337,11.86751,6.245));
#5059=CARTESIAN_POINT('',(132.585930814936,35.9409161850641,2.32039845373398));
#5060=CARTESIAN_POINT('Origin',(151.434337,3.49251,6.245));
#5061=CARTESIAN_POINT('',(151.434337,3.49251,6.245));
#5062=CARTESIAN_POINT('',(150.382743185064,4.54410381493591,2.32039845373398));
#5063=CARTESIAN_POINT('',(146.459337,3.49251,6.245));
#5064=CARTESIAN_POINT('Origin',(81.396073,40.0675175,17.1));
#5065=CARTESIAN_POINT('',(165.292146,82.635035,17.1));
#5066=CARTESIAN_POINT('',(165.292146,-2.50000000000001,17.1));
#5067=CARTESIAN_POINT('',(165.292146,18.53375875,17.1));
#5068=CARTESIAN_POINT('',(-2.5,82.635035,17.1));
#5069=CARTESIAN_POINT('',(123.5941095,82.635035,17.1));
#5070=CARTESIAN_POINT('',(-2.5,-2.5,17.1));
#5071=CARTESIAN_POINT('',(-2.5,61.60127625,17.1));
#5072=CARTESIAN_POINT('',(39.1980365,-2.5,17.1));
#5073=CARTESIAN_POINT('',(113.124337,6.05251,17.1));
#5074=CARTESIAN_POINT('Origin',(115.774337,6.05251,17.1));
#5075=CARTESIAN_POINT('Origin',(165.292146,82.635035,16.6));
#5076=CARTESIAN_POINT('',(165.792146,82.635035,16.6));
#5077=CARTESIAN_POINT('Origin',(165.292146,82.635035,16.6));
#5078=CARTESIAN_POINT('',(165.292146,83.135035,16.6));
#5079=CARTESIAN_POINT('Origin',(165.292146,82.635035,16.6));
#5080=CARTESIAN_POINT('Origin',(165.292146,82.635035,16.6));
#5081=CARTESIAN_POINT('Origin',(165.292146,82.635035,1.6));
#5082=CARTESIAN_POINT('',(165.292146,83.135035,1.6));
#5083=CARTESIAN_POINT('',(165.792146,82.635035,1.6));
#5084=CARTESIAN_POINT('Origin',(-2.5,82.635035,16.6));
#5085=CARTESIAN_POINT('',(-2.5,83.135035,16.6));
#5086=CARTESIAN_POINT('Origin',(-2.5,82.635035,16.6));
#5087=CARTESIAN_POINT('',(-3.,82.635035,16.6));
#5088=CARTESIAN_POINT('Origin',(-2.5,82.635035,16.6));
#5089=CARTESIAN_POINT('Origin',(-2.5,82.635035,16.6));
#5090=CARTESIAN_POINT('Origin',(-2.5,82.635035,1.6));
#5091=CARTESIAN_POINT('',(-2.5,83.135035,1.6));
#5092=CARTESIAN_POINT('',(-3.,82.635035,1.6));
#5093=CARTESIAN_POINT('Origin',(-2.5,82.635035,1.6));
#5094=CARTESIAN_POINT('',(-3.,82.635035,1.6));
#5095=CARTESIAN_POINT('',(-2.5,83.135035,1.6));
#5096=CARTESIAN_POINT('Origin',(165.292146,-2.50000000000001,16.6));
#5097=CARTESIAN_POINT('',(165.292146,-3.00000000000001,16.6));
#5098=CARTESIAN_POINT('Origin',(165.292146,-2.50000000000001,16.6));
#5099=CARTESIAN_POINT('',(165.792146,-2.5,16.6));
#5100=CARTESIAN_POINT('Origin',(165.292146,-2.50000000000001,16.6));
#5101=CARTESIAN_POINT('Origin',(165.292146,-2.5,16.6));
#5102=CARTESIAN_POINT('Origin',(165.292146,-2.50000000000001,1.6));
#5103=CARTESIAN_POINT('',(165.792146,-2.50000000000001,1.6));
#5104=CARTESIAN_POINT('',(165.292146,-3.00000000000001,1.6));
#5105=CARTESIAN_POINT('Origin',(165.292146,18.53375875,16.6));
#5106=CARTESIAN_POINT('',(165.792146,18.53375875,16.6));
#5107=CARTESIAN_POINT('Origin',(-2.5,-2.5,16.6));
#5108=CARTESIAN_POINT('',(-3.,-2.5,16.6));
#5109=CARTESIAN_POINT('Origin',(-2.5,-2.5,16.6));
#5110=CARTESIAN_POINT('',(-2.5,-3.,16.6));
#5111=CARTESIAN_POINT('Origin',(-2.5,-2.5,16.6));
#5112=CARTESIAN_POINT('Origin',(-2.5,-2.5,16.6));
#5113=CARTESIAN_POINT('Origin',(-2.5,-2.5,1.6));
#5114=CARTESIAN_POINT('',(-3.,-2.5,1.6));
#5115=CARTESIAN_POINT('',(-2.5,-3.,1.6));
#5116=CARTESIAN_POINT('Origin',(-2.5,-2.5,1.6));
#5117=CARTESIAN_POINT('',(-2.5,-3.,1.6));
#5118=CARTESIAN_POINT('',(-3.,-2.5,1.6));
#5119=CARTESIAN_POINT('Origin',(39.1980365,-2.5,16.6));
#5120=CARTESIAN_POINT('',(39.1980365,-3.,16.6));
#5121=CARTESIAN_POINT('Origin',(-2.5,61.60127625,16.6));
#5122=CARTESIAN_POINT('',(-3.,61.60127625,16.6));
#5123=CARTESIAN_POINT('Origin',(123.5941095,82.635035,16.6));
#5124=CARTESIAN_POINT('',(123.5941095,83.135035,16.6));
#5125=CARTESIAN_POINT('Origin',(165.792146,-3.00000000000001,1.6));
#5126=CARTESIAN_POINT('',(165.792146,38.88251,8.095));
#5127=CARTESIAN_POINT('Origin',(165.792146,45.13251,8.095));
#5128=CARTESIAN_POINT('',(165.792146,57.93251,8.095));
#5129=CARTESIAN_POINT('Origin',(165.792146,64.18251,8.095));
#5130=CARTESIAN_POINT('Origin',(-3.00000000000001,-3.,1.6));
#5131=CARTESIAN_POINT('',(1.05532700000001,-3.,1.6));
#5132=CARTESIAN_POINT('',(165.792146,-3.00000000000001,1.6));
#5133=CARTESIAN_POINT('',(1.055327,-3.,11.295));
#5134=CARTESIAN_POINT('',(1.055327,-3.,6.4475));
#5135=CARTESIAN_POINT('',(19.555327,-3.,11.295));
#5136=CARTESIAN_POINT('',(8.2776635,-3.,11.295));
#5137=CARTESIAN_POINT('',(19.555327,-3.,0.647500000000001));
#5138=CARTESIAN_POINT('',(26.78214599987,-3.,7.175));
#5139=CARTESIAN_POINT('',(26.78214599987,-3.,4.3875));
#5140=CARTESIAN_POINT('',(39.72214599987,-3.,7.175));
#5141=CARTESIAN_POINT('',(18.361072999935,-3.,7.175));
#5142=CARTESIAN_POINT('',(39.72214599987,-3.,0.8075));
#5143=CARTESIAN_POINT('Origin',(115.774337,6.05251,14.6));
#5144=CARTESIAN_POINT('',(113.124337,6.05251,14.6));
#5145=CARTESIAN_POINT('Origin',(115.774337,6.05251,14.6));
#5146=CARTESIAN_POINT('',(113.124337,6.05251,14.6));
#5147=CARTESIAN_POINT('Origin',(131.534337,36.99251,6.245));
#5148=CARTESIAN_POINT('',(151.434337,36.99251,6.245));
#5149=CARTESIAN_POINT('',(136.509337,36.99251,6.245));
#5150=CARTESIAN_POINT('',(150.809658883068,36.3678318830679,3.91366952923302));
#5151=CARTESIAN_POINT('Origin',(151.434337,36.99251,6.245));
#5152=CARTESIAN_POINT('',(151.434337,28.61751,6.245));
#5153=CARTESIAN_POINT('Origin',(153.934337,0.99251,14.6));
#5154=CARTESIAN_POINT('',(153.934337,0.99251,6.245));
#5155=CARTESIAN_POINT('',(129.034337,0.992509999999998,6.245));
#5156=CARTESIAN_POINT('',(147.709337,0.992509999999999,6.245));
#5157=CARTESIAN_POINT('',(153.934337,0.99251,14.6));
#5158=CARTESIAN_POINT('',(153.934337,0.99251,14.6));
#5159=CARTESIAN_POINT('',(129.034337,0.992509999999998,14.6));
#5160=CARTESIAN_POINT('',(117.665205,0.992509999999995,14.6));
#5161=CARTESIAN_POINT('',(129.034337,0.992509999999998,14.6));
#5162=CARTESIAN_POINT('Origin',(153.934337,39.49251,14.6));
#5163=CARTESIAN_POINT('',(153.934337,39.49251,6.245));
#5164=CARTESIAN_POINT('',(153.934337,29.86751,6.245));
#5165=CARTESIAN_POINT('',(153.934337,39.49251,14.6));
#5166=CARTESIAN_POINT('',(153.934337,39.49251,14.6));
#5167=CARTESIAN_POINT('',(153.934337,39.78001375,14.6));
#5168=CARTESIAN_POINT('Origin',(129.034337,39.49251,14.6));
#5169=CARTESIAN_POINT('',(129.034337,39.49251,6.245));
#5170=CARTESIAN_POINT('',(135.259337,39.49251,6.245));
#5171=CARTESIAN_POINT('',(129.034337,39.49251,14.6));
#5172=CARTESIAN_POINT('',(129.034337,39.49251,14.6));
#5173=CARTESIAN_POINT('',(105.215205,39.49251,14.6));
#5174=CARTESIAN_POINT('Origin',(129.034337,0.992509999999998,14.6));
#5175=CARTESIAN_POINT('',(129.034337,10.61751,6.245));
#5176=CARTESIAN_POINT('',(129.034337,20.53001375,14.6));
#5177=CARTESIAN_POINT('Origin',(141.484337,20.24251,6.245));
#5178=CARTESIAN_POINT('Origin',(11.74933700013,81.135035,5.37500000000001));
#5179=CARTESIAN_POINT('',(11.74933700013,81.135035,5.37500000000001));
#5180=CARTESIAN_POINT('',(11.74933700013,81.135035,1.81500000000001));
#5181=CARTESIAN_POINT('Origin',(21.08933700013,81.135035,5.37500000000001));
#5182=CARTESIAN_POINT('',(21.08933700013,81.135035,5.37500000000001));
#5183=CARTESIAN_POINT('Origin',(21.08933700013,81.135035,1.81500000000001));
#5184=CARTESIAN_POINT('Origin',(11.74933700013,81.135035,1.81500000000001));
#5185=CARTESIAN_POINT('Origin',(37.92214599987,-1.,5.375));
#5186=CARTESIAN_POINT('',(37.92214599987,-1.,5.375));
#5187=CARTESIAN_POINT('',(37.92214599987,-1.,1.815));
#5188=CARTESIAN_POINT('Origin',(28.58214599987,-1.,5.375));
#5189=CARTESIAN_POINT('',(28.58214599987,-1.,5.375));
#5190=CARTESIAN_POINT('Origin',(28.58214599987,-1.,1.815));
#5191=CARTESIAN_POINT('Origin',(37.92214599987,-1.,1.815));
#5192=CARTESIAN_POINT('Origin',(17.555327,-1.,9.295));
#5193=CARTESIAN_POINT('',(17.555327,-1.,9.295));
#5194=CARTESIAN_POINT('',(17.555327,-1.,11.295));
#5195=CARTESIAN_POINT('',(17.555327,-1.,9.295));
#5196=CARTESIAN_POINT('Origin',(3.055327,-1.,9.295));
#5197=CARTESIAN_POINT('',(3.055327,-1.,9.295));
#5198=CARTESIAN_POINT('',(1.055327,-1.,9.295));
#5199=CARTESIAN_POINT('',(3.055327,-1.,9.295));
#5200=CARTESIAN_POINT('Origin',(3.055327,-1.,1.695));
#5201=CARTESIAN_POINT('',(3.055327,-1.,-0.304999999999997));
#5202=CARTESIAN_POINT('Origin',(22.88933700013,83.135035,7.175));
#5203=CARTESIAN_POINT('',(22.88933700013,83.135035,7.175));
#5204=CARTESIAN_POINT('',(20.7326703334633,80.9783683333333,5.01833333333333));
#5205=CARTESIAN_POINT('',(22.88933700013,83.135035,4.3875));
#5206=CARTESIAN_POINT('Origin',(9.94933700013,83.135035,0.0149999999999995));
#5207=CARTESIAN_POINT('',(9.94933700013,83.135035,1.6));
#5208=CARTESIAN_POINT('',(38.5779003750975,54.5064716250325,1.6));
#5209=CARTESIAN_POINT('',(9.94933700013,83.135035,7.175));
#5210=CARTESIAN_POINT('',(9.94933700013,83.135035,0.8075));
#5211=CARTESIAN_POINT('',(11.1426703334633,81.9417016666667,5.98166666666667));
#5212=CARTESIAN_POINT('Origin',(9.94933700013,83.135035,7.175));
#5213=CARTESIAN_POINT('',(87.870741500065,83.135035,7.17499999999999));
#5214=CARTESIAN_POINT('Origin',(165.792146,83.135035,1.6));
#5215=CARTESIAN_POINT('',(-3.,83.135035,1.6));
#5216=CARTESIAN_POINT('Origin',(1.055327,-3.,11.295));
#5217=CARTESIAN_POINT('',(2.98866033333333,-1.06666666666667,1.62833333333334));
#5218=CARTESIAN_POINT('',(4.13866033333333,0.0833333333333297,8.21166666666667));
#5219=CARTESIAN_POINT('',(31.907392875,27.852065875,1.6));
#5220=CARTESIAN_POINT('Origin',(19.555327,-3.,-0.304999999999997));
#5221=CARTESIAN_POINT('',(17.6219936666667,-1.06666666666667,9.36166666666667));
#5222=CARTESIAN_POINT('Origin',(19.555327,-3.,11.295));
#5223=CARTESIAN_POINT('Origin',(1.055327,-3.,-0.304999999999997));
#5224=CARTESIAN_POINT('Origin',(26.78214599987,-3.,7.175));
#5225=CARTESIAN_POINT('',(28.9388126665367,-0.843333333333335,5.01833333333333));
#5226=CARTESIAN_POINT('Origin',(39.72214599987,-3.,0.0149999999999995));
#5227=CARTESIAN_POINT('',(38.5288126665367,-1.80666666666667,5.98166666666667));
#5228=CARTESIAN_POINT('Origin',(39.72214599987,-3.,7.175));
#5229=CARTESIAN_POINT('Origin',(165.792146,64.18251,8.095));
#5230=CARTESIAN_POINT('',(163.292146,60.43251,8.095));
#5231=CARTESIAN_POINT('',(165.792146,57.93251,8.095));
#5232=CARTESIAN_POINT('Origin',(163.292146,64.18251,8.095));
#5233=CARTESIAN_POINT('Origin',(165.792146,45.13251,8.095));
#5234=CARTESIAN_POINT('',(163.292146,41.38251,8.095));
#5235=CARTESIAN_POINT('',(165.792146,38.88251,8.095));
#5236=CARTESIAN_POINT('Origin',(163.292146,45.13251,8.095));
#5237=CARTESIAN_POINT('Origin',(81.396073,40.0675175,14.6));
#5238=CARTESIAN_POINT('',(163.292146,80.635035,14.6));
#5239=CARTESIAN_POINT('',(-0.5,-0.5,14.6));
#5240=CARTESIAN_POINT('Origin',(163.292146,80.635035,1.6));
#5241=CARTESIAN_POINT('Origin',(-0.5,-0.5,1.6));
#5242=CARTESIAN_POINT('Origin',(-3.,83.135035,1.6));
#5243=CARTESIAN_POINT('',(-3.,-3.,1.6));
#5244=CARTESIAN_POINT('Origin',(81.396073,40.0675175,1.6));
#5245=CARTESIAN_POINT('',(0.,0.,0.));
#5246=CARTESIAN_POINT('Origin',(115.774337,6.05251,18.1));
#5247=CARTESIAN_POINT('',(113.824337,6.05251,18.6));
#5248=CARTESIAN_POINT('Origin',(115.774337,6.05251,18.6));
#5249=CARTESIAN_POINT('',(113.324337,6.05251,18.1));
#5250=CARTESIAN_POINT('Origin',(113.824337,6.05251,18.1));
#5251=CARTESIAN_POINT('',(118.224337,6.05251,18.1));
#5252=CARTESIAN_POINT('Origin',(115.774337,6.05251,18.1));
#5253=CARTESIAN_POINT('Origin',(115.774337,6.05251,18.1));
#5254=CARTESIAN_POINT('Origin',(115.774337,6.05251,17.1));
#5255=CARTESIAN_POINT('',(118.224337,6.05251,14.4));
#5256=CARTESIAN_POINT('',(118.224337,6.05251,17.1));
#5257=CARTESIAN_POINT('Origin',(115.774337,6.05251,14.4));
#5258=CARTESIAN_POINT('Origin',(115.774337,6.05251,18.6));
#5259=CARTESIAN_POINT('Origin',(115.774337,6.05251,13.4));
#5260=CARTESIAN_POINT('',(113.774337,6.05251,6.795));
#5261=CARTESIAN_POINT('Origin',(115.774337,6.05251,6.795));
#5262=CARTESIAN_POINT('',(113.774337,6.05251,13.4));
#5263=CARTESIAN_POINT('',(113.774337,6.05251,13.4));
#5264=CARTESIAN_POINT('Origin',(115.774337,6.05251,13.4));
#5265=CARTESIAN_POINT('Origin',(115.774337,6.05251,6.795));
#5266=CARTESIAN_POINT('Origin',(115.774337,6.05251,14.4));
#5267=CARTESIAN_POINT('',(111.774337,6.05251,14.4));
#5268=CARTESIAN_POINT('Origin',(115.774337,6.05251,14.4));
#5269=CARTESIAN_POINT('Origin',(115.774337,6.05251,14.4));
#5270=CARTESIAN_POINT('',(111.774337,6.05251,13.4));
#5271=CARTESIAN_POINT('Origin',(115.774337,6.05251,13.4));
#5272=CARTESIAN_POINT('',(111.774337,6.05251,14.4));
#5273=CARTESIAN_POINT('Origin',(115.774337,6.05251,13.4));
#5274=CARTESIAN_POINT('',(0.,0.,0.));
#5275=CARTESIAN_POINT('',(0.,0.,0.));
#5276=CARTESIAN_POINT('',(0.,0.,0.));
#5277=UNCERTAINTY_MEASURE_WITH_UNIT(LENGTH_MEASURE(0.01),#5287,
'DISTANCE_ACCURACY_VALUE',
'Maximum model space distance between geometric entities at asserted c
onnectivities');
#5278=UNCERTAINTY_MEASURE_WITH_UNIT(LENGTH_MEASURE(0.01),#5287,
'DISTANCE_ACCURACY_VALUE',
'Maximum model space distance between geometric entities at asserted c
onnectivities');
#5279=UNCERTAINTY_MEASURE_WITH_UNIT(LENGTH_MEASURE(0.01),#5287,
'DISTANCE_ACCURACY_VALUE',
'Maximum model space distance between geometric entities at asserted c
onnectivities');
#5280=UNCERTAINTY_MEASURE_WITH_UNIT(LENGTH_MEASURE(0.01),#5287,
'DISTANCE_ACCURACY_VALUE',
'Maximum model space distance between geometric entities at asserted c
onnectivities');
#5281=UNCERTAINTY_MEASURE_WITH_UNIT(LENGTH_MEASURE(0.01),#5287,
'DISTANCE_ACCURACY_VALUE',
'Maximum model space distance between geometric entities at asserted c
onnectivities');
#5282=(
GEOMETRIC_REPRESENTATION_CONTEXT(3)
GLOBAL_UNCERTAINTY_ASSIGNED_CONTEXT((#5277))
GLOBAL_UNIT_ASSIGNED_CONTEXT((#5287,#5289,#5290))
REPRESENTATION_CONTEXT('','3D')
);
#5283=(
GEOMETRIC_REPRESENTATION_CONTEXT(3)
GLOBAL_UNCERTAINTY_ASSIGNED_CONTEXT((#5278))
GLOBAL_UNIT_ASSIGNED_CONTEXT((#5287,#5289,#5290))
REPRESENTATION_CONTEXT('','3D')
);
#5284=(
GEOMETRIC_REPRESENTATION_CONTEXT(3)
GLOBAL_UNCERTAINTY_ASSIGNED_CONTEXT((#5279))
GLOBAL_UNIT_ASSIGNED_CONTEXT((#5287,#5289,#5290))
REPRESENTATION_CONTEXT('','3D')
);
#5285=(
GEOMETRIC_REPRESENTATION_CONTEXT(3)
GLOBAL_UNCERTAINTY_ASSIGNED_CONTEXT((#5280))
GLOBAL_UNIT_ASSIGNED_CONTEXT((#5287,#5289,#5290))
REPRESENTATION_CONTEXT('','3D')
);
#5286=(
GEOMETRIC_REPRESENTATION_CONTEXT(3)
GLOBAL_UNCERTAINTY_ASSIGNED_CONTEXT((#5281))
GLOBAL_UNIT_ASSIGNED_CONTEXT((#5287,#5289,#5290))
REPRESENTATION_CONTEXT('','3D')
);
#5287=(
LENGTH_UNIT()
NAMED_UNIT(*)
SI_UNIT(.MILLI.,.METRE.)
);
#5288=(
LENGTH_UNIT()
NAMED_UNIT(*)
SI_UNIT($,.METRE.)
);
#5289=(
NAMED_UNIT(*)
PLANE_ANGLE_UNIT()
SI_UNIT($,.RADIAN.)
);
#5290=(
NAMED_UNIT(*)
SI_UNIT($,.STERADIAN.)
SOLID_ANGLE_UNIT()
);
#5291=SHAPE_DEFINITION_REPRESENTATION(#5295,#5302);
#5292=SHAPE_DEFINITION_REPRESENTATION(#5296,#5303);
#5293=SHAPE_DEFINITION_REPRESENTATION(#5297,#5304);
#5294=SHAPE_DEFINITION_REPRESENTATION(#5298,#5305);
#5295=PRODUCT_DEFINITION_SHAPE('',$,#5307);
#5296=PRODUCT_DEFINITION_SHAPE('',$,#5308);
#5297=PRODUCT_DEFINITION_SHAPE('',$,#5309);
#5298=PRODUCT_DEFINITION_SHAPE('',$,#5310);
#5299=PRODUCT_DEFINITION_SHAPE($,$,#20);
#5300=PRODUCT_DEFINITION_SHAPE($,$,#21);
#5301=PRODUCT_DEFINITION_SHAPE($,$,#22);
#5302=SHAPE_REPRESENTATION('',(#3201,#3474,#3475,#3476),#5282);
#5303=SHAPE_REPRESENTATION('',(#3202),#5283);
#5304=SHAPE_REPRESENTATION('',(#3302),#5284);
#5305=SHAPE_REPRESENTATION('',(#3456),#5285);
#5306=PRODUCT_DEFINITION_CONTEXT('part definition',#5320,'design');
#5307=PRODUCT_DEFINITION('2026-08-08-13-04-45-513','Enclosure_HUB',#5311,
#5306);
#5308=PRODUCT_DEFINITION('2026-08-08-13-12-18-272','Bottom_Shell',#5312,
#5306);
#5309=PRODUCT_DEFINITION('2026-08-11-16-52-56-558','Top_Shell',#5313,#5306);
#5310=PRODUCT_DEFINITION('2026-08-16-21-28-41-708','Button_Plunger',#5314,
#5306);
#5311=PRODUCT_DEFINITION_FORMATION('',$,#5322);
#5312=PRODUCT_DEFINITION_FORMATION('',$,#5323);
#5313=PRODUCT_DEFINITION_FORMATION('',$,#5324);
#5314=PRODUCT_DEFINITION_FORMATION('',$,#5325);
#5315=PRODUCT_RELATED_PRODUCT_CATEGORY('Enclosure_HUB','Enclosure_HUB',
(#5322));
#5316=PRODUCT_RELATED_PRODUCT_CATEGORY('Bottom_Shell','Bottom_Shell',(#5323));
#5317=PRODUCT_RELATED_PRODUCT_CATEGORY('Top_Shell','Top_Shell',(#5324));
#5318=PRODUCT_RELATED_PRODUCT_CATEGORY('Button_Plunger',
'Button_Plunger',(#5325));
#5319=APPLICATION_PROTOCOL_DEFINITION('international standard',
'automotive_design',2009,#5320);
#5320=APPLICATION_CONTEXT(
'Core Data for Automotive Mechanical Design Process');
#5321=PRODUCT_CONTEXT('part definition',#5320,'mechanical');
#5322=PRODUCT('2026-08-08-13-04-45-513','Enclosure_HUB',$,(#5321));
#5323=PRODUCT('2026-08-08-13-12-18-272','Bottom_Shell',$,(#5321));
#5324=PRODUCT('2026-08-11-16-52-56-558','Top_Shell',$,(#5321));
#5325=PRODUCT('2026-08-16-21-28-41-708','Button_Plunger',$,(#5321));
#5326=PRESENTATION_STYLE_ASSIGNMENT((#5333));
#5327=PRESENTATION_STYLE_ASSIGNMENT((#5334));
#5328=PRESENTATION_STYLE_ASSIGNMENT((#5335));
#5329=PRESENTATION_STYLE_ASSIGNMENT((#5336));
#5330=PRESENTATION_STYLE_ASSIGNMENT((#5337));
#5331=PRESENTATION_STYLE_ASSIGNMENT((#5338));
#5332=PRESENTATION_STYLE_ASSIGNMENT((#5339));
#5333=SURFACE_STYLE_USAGE(.BOTH.,#5340);
#5334=SURFACE_STYLE_USAGE(.BOTH.,#5341);
#5335=SURFACE_STYLE_USAGE(.BOTH.,#5342);
#5336=SURFACE_STYLE_USAGE(.BOTH.,#5343);
#5337=SURFACE_STYLE_USAGE(.BOTH.,#5344);
#5338=SURFACE_STYLE_USAGE(.BOTH.,#5345);
#5339=SURFACE_STYLE_USAGE(.BOTH.,#5346);
#5340=SURFACE_SIDE_STYLE('',(#5347));
#5341=SURFACE_SIDE_STYLE('',(#5348));
#5342=SURFACE_SIDE_STYLE('',(#5349));
#5343=SURFACE_SIDE_STYLE('',(#5350));
#5344=SURFACE_SIDE_STYLE('',(#5351));
#5345=SURFACE_SIDE_STYLE('',(#5352));
#5346=SURFACE_SIDE_STYLE('',(#5353));
#5347=SURFACE_STYLE_FILL_AREA(#5354);
#5348=SURFACE_STYLE_FILL_AREA(#5355);
#5349=SURFACE_STYLE_FILL_AREA(#5356);
#5350=SURFACE_STYLE_FILL_AREA(#5357);
#5351=SURFACE_STYLE_FILL_AREA(#5358);
#5352=SURFACE_STYLE_FILL_AREA(#5359);
#5353=SURFACE_STYLE_FILL_AREA(#5360);
#5354=FILL_AREA_STYLE('Opaque(48,59,150)',(#5361));
#5355=FILL_AREA_STYLE('Orgasol\X\AE Invent Smooth - PA 12',(#5362));
#5356=FILL_AREA_STYLE('Opaque(105,105,105)',(#5363));
#5357=FILL_AREA_STYLE('Steel - Satin',(#5364));
#5358=FILL_AREA_STYLE('Glass (Blue)',(#5365));
#5359=FILL_AREA_STYLE('Aluminum - Anodized Glossy (Grey)',(#5366));
#5360=FILL_AREA_STYLE('Tough 2000 (with Formlabs SLA 3D Printers)',(#5367));
#5361=FILL_AREA_STYLE_COLOUR('Opaque(48,59,150)',#5368);
#5362=FILL_AREA_STYLE_COLOUR('Orgasol\X\AE Invent Smooth - PA 12',#5369);
#5363=FILL_AREA_STYLE_COLOUR('Opaque(105,105,105)',#5370);
#5364=FILL_AREA_STYLE_COLOUR('Steel - Satin',#5371);
#5365=FILL_AREA_STYLE_COLOUR('Glass (Blue)',#5372);
#5366=FILL_AREA_STYLE_COLOUR('Aluminum - Anodized Glossy (Grey)',#5373);
#5367=FILL_AREA_STYLE_COLOUR(
'Tough 2000 (with Formlabs SLA 3D Printers)',#5374);
#5368=COLOUR_RGB('Opaque(48,59,150)',0.145098039215686,0.219607843137255,
0.705882352941177);
#5369=COLOUR_RGB('Orgasol\X\AE Invent Smooth - PA 12',0.964705882352941,
0.964705882352941,0.952941176470588);
#5370=COLOUR_RGB('Opaque(105,105,105)',0.411764705882353,0.411764705882353,
0.411764705882353);
#5371=COLOUR_RGB('Steel - Satin',0.627450980392157,0.627450980392157,0.627450980392157);
#5372=COLOUR_RGB('Glass (Blue)',0.188235294117647,0.231372549019608,0.588235294117647);
#5373=COLOUR_RGB('Aluminum - Anodized Glossy (Grey)',0.537254901960784,
0.537254901960784,0.537254901960784);
#5374=COLOUR_RGB('Tough 2000 (with Formlabs SLA 3D Printers)',0.247058823529412,
0.247058823529412,0.247058823529412);
ENDSEC;
END-ISO-10303-21;
